collection,concept,parent_concept,notation,label,definition,reference,citation,collection_definition,pub_chem,inchi_key,inchi
mineralConcKind,SC,,SC,Soft concretion,Soft concretion,,,Classification of the kinds of mineral concentrations. See more in guidelines for Soil Description issued by the FAO: table 74,,,
mineralConcKind,IC,,IC,Crack infillings,"Crack infillings refer to the materials that accumulate within cracks or fissures in the soil, typically formed due to drying or other physical stresses on the soil structure. These materials can include clays, silt, sand, or mineral deposits that enter cracks over time, often through the action of water or wind. Crack infillings can influence the soil's physical properties, such as its permeability and structure, as they may either facilitate or impede the movement of water and air through the soil. Additionally, crack infillings can impact soil fertility, as they may contain higher concentrations of certain nutrients or minerals that accumulate in these voids. Source: Soil Science Society of America.",,,Classification of the kinds of mineral concentrations. See more in guidelines for Soil Description issued by the FAO: table 74,,,
mineralConcKind,R,,R,Residual rock fragment,Discrete impregnated body still showing rock structure.,,,Classification of the kinds of mineral concentrations. See more in guidelines for Soil Description issued by the FAO: table 74,,,
mineralConcKind,O,,O,Other,"The term Other in the context of soil mineral concentrations generally refers to any minerals or materials found in the soil that do not fall under commonly categorized types such as clay, silt, or sand. This could include uncommon minerals, organic matter, or anthropogenic substances that are present in the soil but don't fit into the standard classifications of soil texture or composition. These other substances may have a significant effect on soil properties, influencing aspects like nutrient availability, soil pH, and the ability to retain water. In many cases, Other minerals are identified through advanced soil testing and chemical analysis. Source: Soil Science Society of America.",,,Classification of the kinds of mineral concentrations. See more in guidelines for Soil Description issued by the FAO: table 74,,,
mineralConcKind,IP,,IP,Pore infillings,Including pseudomycelium of carbonates or opal.,,,Classification of the kinds of mineral concentrations. See more in guidelines for Soil Description issued by the FAO: table 74,,,
mineralConcKind,N,,N,Nodule,Discrete body without an internal organization.,,,Classification of the kinds of mineral concentrations. See more in guidelines for Soil Description issued by the FAO: table 74,,,
mineralConcKind,T,,T,Crystal,"Crystals in soil refer to solid, naturally occurring minerals that have a regular and repeating internal structure, which can often be seen under a microscope or with the naked eye. These crystal formations typically occur when minerals precipitate from water or melt and re-crystallize under certain environmental conditions, such as changes in temperature or pressure. Common crystal minerals in soil include quartz, gypsum, calcite, and halite. The presence of crystals in soil can significantly affect its properties, including drainage, fertility, and nutrient availability. For example, gypsum crystals can improve soil structure, while the presence of salt crystals can lead to soil salinity problems. Source: Brady & Weil (2017), The Nature and Properties of Soils.",,,Classification of the kinds of mineral concentrations. See more in guidelines for Soil Description issued by the FAO: table 74,,,
mineralConcKind,S,,S,Soft segregation (or soft accumulation),Differs from the surrounding soil mass in colour and composition but is not easily separated as a discrete body.,,,Classification of the kinds of mineral concentrations. See more in guidelines for Soil Description issued by the FAO: table 74,,,
mineralConcKind,C,,C,Concretion,"A discrete body with a concentric internal structure, generally cemented.",,,Classification of the kinds of mineral concentrations. See more in guidelines for Soil Description issued by the FAO: table 74,,,
weathering,S,,S,Strongly weathered,"All but the most resistant minerals are weathered, strongly discoloured and altered throughout the fragments, which tend to disintegrate under only moderate pressure.",,,Classification of weathering of coarse fragments. See more in Guidelines for Soil Description issued by the FAO: table 29,,,
weathering,F,,F,Fresh or slightly weathered,Fragments show little or no signs of weathering.,,,Classification of weathering of coarse fragments. See more in Guidelines for Soil Description issued by the FAO: table 29,,,
weathering,W,,W,Weathered,Partial weathering is indicated by discoloration and loss of crystal form in the outer parts of the fragments while the centres remain relatively fresh and the fragments have lost little of their original strength.,,,Classification of weathering of coarse fragments. See more in Guidelines for Soil Description issued by the FAO: table 29,,,
sealingConsistence,H,,H,Hard,Surface sealing with consistency Hard,,,"Classification of the attributes of surface sealing based on consistency. See more in Guidelines for Soil Description issued by the FAO: table 20,2",,,
sealingConsistence,V,,V,Very hard,Surface sealing with consistency Very hard,,,"Classification of the attributes of surface sealing based on consistency. See more in Guidelines for Soil Description issued by the FAO: table 20,2",,,
sealingConsistence,E,,E,Extremely hard,Surface sealing with consistency Extremely hard,,,"Classification of the attributes of surface sealing based on consistency. See more in Guidelines for Soil Description issued by the FAO: table 20,2",,,
sealingConsistence,S,,S,Slightly hard,Surface sealing with consistency Slightly hard,,,"Classification of the attributes of surface sealing based on consistency. See more in Guidelines for Soil Description issued by the FAO: table 20,2",,,
saltContent,EX,,EX,Extremely salty,Extremely salty soil with salt content > 15 dS m-1,,,Classification of salt content of soil. See more in Guidelines for Soil Description issued by the FAO: table 42,,,
saltContent,SL,,SL,Slightly salty,Slightly salty soil with salt content 0.75–2 dS m-1,,,Classification of salt content of soil. See more in Guidelines for Soil Description issued by the FAO: table 42,,,
saltContent,N,,N,(nearly)Not salty,Nearly not salty soild with salt content less than  0.75 dS m-1,,,Classification of salt content of soil. See more in Guidelines for Soil Description issued by the FAO: table 42,,,
saltContent,ST,,ST,Strongly salty,Strongly salty soil with salt content 4–8 dS m-1,,,Classification of salt content of soil. See more in Guidelines for Soil Description issued by the FAO: table 42,,,
saltContent,VST,,VST,Very strongly salty,Very strongly salty soil with salt content 8–15 dS m-1,,,Classification of salt content of soil. See more in Guidelines for Soil Description issued by the FAO: table 42,,,
saltContent,MO,,MO,Moderately salty,Extremely salty soil with salt content 2–4 dS m-1,,,Classification of salt content of soil. See more in Guidelines for Soil Description issued by the FAO: table 42,,,
erosionCategory,WD,W,WD,Deposition by water,Soil deposition caused by water,,,"Erosion can be classified as water or wind erosion and include off-site effects such as deposition, a third major category is mass movements (landslides and related phenomena). See more in Guidelines for Soil Description issued by the FAO: table 16",,,
erosionCategory,M,,N,Mass movement,"Mass movements are defined as processes of erosion, transport and accumulation of material that occur on both gentle and steep slopes mainly owing to gravitational forces.",,,"Erosion can be classified as water or wind erosion and include off-site effects such as deposition, a third major category is mass movements (landslides and related phenomena). See more in Guidelines for Soil Description issued by the FAO: table 16",,,
erosionCategory,AM,A,AM,Wind erosion and deposition,Erosion and deposition caused by wind,,,"Erosion can be classified as water or wind erosion and include off-site effects such as deposition, a third major category is mass movements (landslides and related phenomena). See more in Guidelines for Soil Description issued by the FAO: table 16",,,
erosionCategory,WG,W,WG,Gully erosion,Erosion caused by flowing surface water,,,"Erosion can be classified as water or wind erosion and include off-site effects such as deposition, a third major category is mass movements (landslides and related phenomena). See more in Guidelines for Soil Description issued by the FAO: table 16",,,
erosionCategory,WA,W,WA,Water and wind erosion,Erosion and deposition caused by wind,,,"Erosion can be classified as water or wind erosion and include off-site effects such as deposition, a third major category is mass movements (landslides and related phenomena). See more in Guidelines for Soil Description issued by the FAO: table 16",,,
erosionCategory,A,,A,Wind (aeolian) erosion or deposition,Erosion caused by wind,,,"Erosion can be classified as water or wind erosion and include off-site effects such as deposition, a third major category is mass movements (landslides and related phenomena). See more in Guidelines for Soil Description issued by the FAO: table 16",,,
erosionCategory,NK,,N,Not known,Unknown causes of Soil erosion,,,"Erosion can be classified as water or wind erosion and include off-site effects such as deposition, a third major category is mass movements (landslides and related phenomena). See more in Guidelines for Soil Description issued by the FAO: table 16",,,
erosionCategory,AZ,A,AZ,Salt deposition,Erosion caused by salt deposition,,,"Erosion can be classified as water or wind erosion and include off-site effects such as deposition, a third major category is mass movements (landslides and related phenomena). See more in Guidelines for Soil Description issued by the FAO: table 16",,,
erosionCategory,WS,W,WS,Sheet erosion,Uniform erosion of soil in the form of thin layers or sheets.,,,"Erosion can be classified as water or wind erosion and include off-site effects such as deposition, a third major category is mass movements (landslides and related phenomena). See more in Guidelines for Soil Description issued by the FAO: table 16",,,
erosionCategory,AD,A,AD,Wind deposition,Soil deposition caused by wind,,,"Erosion can be classified as water or wind erosion and include off-site effects such as deposition, a third major category is mass movements (landslides and related phenomena). See more in Guidelines for Soil Description issued by the FAO: table 16",,,
erosionCategory,WT,W,WT,Tunnel erosion,Erosion caused by the movement of excess water through a dispersive subsoil.,,,"Erosion can be classified as water or wind erosion and include off-site effects such as deposition, a third major category is mass movements (landslides and related phenomena). See more in Guidelines for Soil Description issued by the FAO: table 16",,,
erosionCategory,AS,A,AS,Shifting sands,Erosion caused by shifting of sands,,,"Erosion can be classified as water or wind erosion and include off-site effects such as deposition, a third major category is mass movements (landslides and related phenomena). See more in Guidelines for Soil Description issued by the FAO: table 16",,,
erosionCategory,N,,N,No evidence of erosion,"Refers to a condition in which the soil shows no visible signs of erosion, indicating that the surface is intact and not undergoing significant degradation due to physical forces like water, wind, or human activity. This category is often used in soil conservation and land management to evaluate the stability of soil. It suggests that soil properties are being maintained, and there is no noticeable loss of topsoil or alteration in the soil structure that would be indicative of erosion processes such as rill, sheet, or gully erosion. In agricultural and ecological contexts, the absence of erosion is a positive indicator that the land is being properly managed, with adequate vegetation cover or protective measures in place to prevent soil degradation​. Source: Soil Erosion from Intro to Environmental Science",,,"Erosion can be classified as water or wind erosion and include off-site effects such as deposition, a third major category is mass movements (landslides and related phenomena). See more in Guidelines for Soil Description issued by the FAO: table 16",,,
erosionCategory,WR,W,WR,Rill erosion,"Rill erosion is the type of erosion that occurs as water flows over a hillslope and cuts shallow, curvy channels into the top soil.",,,"Erosion can be classified as water or wind erosion and include off-site effects such as deposition, a third major category is mass movements (landslides and related phenomena). See more in Guidelines for Soil Description issued by the FAO: table 16",,,
erosionCategory,W,,W,Water erosion or deposition,Erosion and decposition caused by flowing surface water,,,"Erosion can be classified as water or wind erosion and include off-site effects such as deposition, a third major category is mass movements (landslides and related phenomena). See more in Guidelines for Soil Description issued by the FAO: table 16",,,
cracksDistance,D,,D,Closely spaced 0.2–0.5,Closely spaced surface crack with distance between 0.2 - 0.5 m,,,"Classification of the surface cracks based on distance between the cracks measured in meters. See more in Guidelines for Soil Description issued by the FAO: table 21,3",,,
cracksDistance,V,,V,Very widely spaced > 5,Very widely spaced surface crack with distance more than 5 m,,,"Classification of the surface cracks based on distance between the cracks measured in meters. See more in Guidelines for Soil Description issued by the FAO: table 21,3",,,
cracksDistance,C,,C,Very closely spaced < 0.2,Very closely spaced surface crack with distance less than 0.2 m,,,"Classification of the surface cracks based on distance between the cracks measured in meters. See more in Guidelines for Soil Description issued by the FAO: table 21,3",,,
cracksDistance,W,,W,Widely spaced 2–5,Widely spaced surface crack with distance between 2–5 m,,,"Classification of the surface cracks based on distance between the cracks measured in meters. See more in Guidelines for Soil Description issued by the FAO: table 21,3",,,
cracksDistance,M,,M,Moderately widely spaced 0.5–2,Moderately widely spaced surface crack with distance between 0.5–2 m,,,"Classification of the surface cracks based on distance between the cracks measured in meters. See more in Guidelines for Soil Description issued by the FAO: table 21,3",,,
sandyTexture,FS,,FS,Fine sand,Fine sand is a subdivision of the unspecified Sand (S) textural class,,,"Relation of constituents of fine earth by size, defining textural classes and sand subclasses. See more in Guidelines for Soil Description issued by the FAO: figure 4,3",,,
sandyTexture,LFS,,LFS,Loamy fine sand,Loamy fine sand is a subdivision of the Loamy sand (LS) textural class,,,"Relation of constituents of fine earth by size, defining textural classes and sand subclasses. See more in Guidelines for Soil Description issued by the FAO: figure 4,3",,,
sandyTexture,LCS,,LCS,Loamy coarse sand,Loamy coarse sand is a subdivision of the Loamy sand (LS) textural class,,,"Relation of constituents of fine earth by size, defining textural classes and sand subclasses. See more in Guidelines for Soil Description issued by the FAO: figure 4,3",,,
sandyTexture,MS,,MS,Medium sand,Medium sand is a subdivision of the unspecified Sand (S) textural class,,,"Relation of constituents of fine earth by size, defining textural classes and sand subclasses. See more in Guidelines for Soil Description issued by the FAO: figure 4,3",,,
sandyTexture,CSL,,CSL,Coarse sandy loam,Coarse sandy loam is a subdivision of the Sandy Loam (SL) textural class,,,"Relation of constituents of fine earth by size, defining textural classes and sand subclasses. See more in Guidelines for Soil Description issued by the FAO: figure 4,3",,,
sandyTexture,US,,US,"Sand, unsorted",Unsorted Sand is a subdivision of the unspecified Sand (S) textural class,,,"Relation of constituents of fine earth by size, defining textural classes and sand subclasses. See more in Guidelines for Soil Description issued by the FAO: figure 4,3",,,
sandyTexture,CS,,CS,Coarse sand,Coarse sand is a subdivision of the unspecified Sand (S) textural class,,,"Relation of constituents of fine earth by size, defining textural classes and sand subclasses. See more in Guidelines for Soil Description issued by the FAO: figure 4,3",,,
sandyTexture,FSL,,FSL,Fine sandy loam,Fine sandy loam is a subdivision of the Sandy Loam (SL) textural class,,,"Relation of constituents of fine earth by size, defining textural classes and sand subclasses. See more in Guidelines for Soil Description issued by the FAO: figure 4,3",,,
sandyTexture,LVFS,,LVFS,Loamy very fine sand,Loamy very fine sand is a subdivision of the Loamy sand (LS) textural class,,,"Relation of constituents of fine earth by size, defining textural classes and sand subclasses. See more in Guidelines for Soil Description issued by the FAO: figure 4,3",,,
sandyTexture,VFS,,VFS,Very fine sand,Very fine sand is a subdivision of the unspecified Sand (S) textural class,,,"Relation of constituents of fine earth by size, defining textural classes and sand subclasses. See more in Guidelines for Soil Description issued by the FAO: figure 4,3",,,
mineralConcShape,R,,R,Rounded (spherical),Rounded (spherical) shape of mineral concentrations,,,"Classification of the size and shape of mineral concentrations. See more in Guidelines for Soil Description issued by the FAO: table 75,2",,,
mineralConcShape,E,,E,Elongated,Elongated shape of mineral concentrations,,,"Classification of the size and shape of mineral concentrations. See more in Guidelines for Soil Description issued by the FAO: table 75,2",,,
mineralConcShape,A,,A,Angular,Angular shape of mineral concentrations,,,"Classification of the size and shape of mineral concentrations. See more in Guidelines for Soil Description issued by the FAO: table 75,2",,,
mineralConcShape,I,,I,Irregular,Irregular shape of mineral concentrations,,,"Classification of the size and shape of mineral concentrations. See more in Guidelines for Soil Description issued by the FAO: table 75,2",,,
mineralConcShape,F,,F,Flat,Flat shape of mineral concentrations,,,"Classification of the size and shape of mineral concentrations. See more in Guidelines for Soil Description issued by the FAO: table 75,2",,,
boundaryClassification,C,,C,Clear,Boundary of mottles 0.5–2 mm,,,The boundary between mottle and matrix is described as the thickness of the zone within which the colour transition can be located without being in either the mottle or matrix. See more in guidelines for Soil Description issued by the FAO: table 35,,,
boundaryClassification,S,,S,Sharp,Boundary of mottles < 0.5,,,The boundary between mottle and matrix is described as the thickness of the zone within which the colour transition can be located without being in either the mottle or matrix. See more in guidelines for Soil Description issued by the FAO: table 35,,,
boundaryClassification,D,,D,Diffuse,Boundary of mottles > 2 mm,,,The boundary between mottle and matrix is described as the thickness of the zone within which the colour transition can be located without being in either the mottle or matrix. See more in guidelines for Soil Description issued by the FAO: table 35,,,
floodDuration,,,,,,,,"Related to the amount of time an area remains inundated by floodwater.  This metric is important because it helps assess the extent of waterlogging and its impact on soil properties, particularly in terms of oxygen availability and soil aeration. Flood duration affects the mobility of nutrients and contaminants within the soil, influencing both agricultural productivity and environmental quality. Longer flood durations can also lead to changes in soil texture and structure due to the continuous movement and deposition of particles during inundation​. Source: Guidance for Flood Risk Analysis and Mapping",,,
landformComplex,DU,,DU,Dune-shaped,Dune-shaped landform,,,Subdivisions for complex landforms. See more in Guidelines for Soil Description issued by the FAO: table 5,,,
landformComplex,RI,,RI,Ridged,Ridged Landform,,,Subdivisions for complex landforms. See more in Guidelines for Soil Description issued by the FAO: table 5,,,
landformComplex,CU,,CU,Cuesta-shaped,Cuesta-shaped lanform,,,Subdivisions for complex landforms. See more in Guidelines for Soil Description issued by the FAO: table 5,,,
landformComplex,KA,,KA,Strong karst,Strong karst landform,,,Subdivisions for complex landforms. See more in Guidelines for Soil Description issued by the FAO: table 5,,,
landformComplex,WE,,WE,With wetlands (occupying > 15%),With wetlands landform (occupying > 15%),,,Subdivisions for complex landforms. See more in Guidelines for Soil Description issued by the FAO: table 5,,,
landformComplex,IM,,IM,With intermontane plains (occupying > 15%),With intermontane plains landform(occupying > 15%),,,Subdivisions for complex landforms. See more in Guidelines for Soil Description issued by the FAO: table 5,,,
landformComplex,TE,,TE,Terraced,Terraced landform,,,Subdivisions for complex landforms. See more in Guidelines for Soil Description issued by the FAO: table 5,,,
landformComplex,DO,,DO,Dome-shaped,Dome-shaped landform,,,Subdivisions for complex landforms. See more in Guidelines for Soil Description issued by the FAO: table 5,,,
landformComplex,IN,,IN,Inselberg covered (occupying > 1% of level land),Inselberg covered (occupying > 1% of level land),,,Subdivisions for complex landforms. See more in Guidelines for Soil Description issued by the FAO: table 5,,,
stickiness,ST,,ST,Sticky,"After pressure, soil material adheres to both thumb and finger and tends to stretch somewhat and pull apart rather than pulling free from either digit.",,,Stickiness is the quality of adhesion of the soil material to other objects determined by noting the adherence of soil material when it is pressed between thumb and finger. See more in the Guidelines for Soil Description issued by the FAO: table 55,,,
stickiness,SST,,SST,Slightly sticky,"After pressure, soil material adheres to both thumb and finger but comes off one or the other rather cleanly. It is not appreciably stretched when the digits are separated.",,,Stickiness is the quality of adhesion of the soil material to other objects determined by noting the adherence of soil material when it is pressed between thumb and finger. See more in the Guidelines for Soil Description issued by the FAO: table 55,,,
stickiness,VST,,VST,Very sticky,"After pressure, soil material adheres strongly to both thumb and finger and is decidedly stretched when they are separated.",,,Stickiness is the quality of adhesion of the soil material to other objects determined by noting the adherence of soil material when it is pressed between thumb and finger. See more in the Guidelines for Soil Description issued by the FAO: table 55,,,
stickiness,SVS,,SVS,sticky to very sticky,Additional code of combination of ST and VST,,,Stickiness is the quality of adhesion of the soil material to other objects determined by noting the adherence of soil material when it is pressed between thumb and finger. See more in the Guidelines for Soil Description issued by the FAO: table 55,,,
stickiness,NST,,NST,Non-sticky,"After release of pressure, practically no soil material adheres to thumb and finger.",,,Stickiness is the quality of adhesion of the soil material to other objects determined by noting the adherence of soil material when it is pressed between thumb and finger. See more in the Guidelines for Soil Description issued by the FAO: table 55,,,
stickiness,SSS,,SSS,slightly sticky to sticky,Additional code of combination of SST and ST,,,Stickiness is the quality of adhesion of the soil material to other objects determined by noting the adherence of soil material when it is pressed between thumb and finger. See more in the Guidelines for Soil Description issued by the FAO: table 55,,,
physiography,HI,,HI,Higher part (rise),Position in flat or almost flat terrain: Higher part (rise),,,The relative position of the site within the land should be indicated. The position affects the hydrological conditions of the site. See more in the Guidelines for Soil Description issued by the FAO: figure 2,,,
physiography,MS,,MS,Middle slope (back slope),Position in undulating to mountainous terrain: Middle slope (back slope),,,The relative position of the site within the land should be indicated. The position affects the hydrological conditions of the site. See more in the Guidelines for Soil Description issued by the FAO: figure 2,,,
physiography,LO,,LO,Lower part (and dip),Position in flat or almost flat terrain: Lower part (and dip),,,The relative position of the site within the land should be indicated. The position affects the hydrological conditions of the site. See more in the Guidelines for Soil Description issued by the FAO: figure 2,,,
physiography,IN,,IN,Intermediate part (talf),Position in flat or almost flat terrain: Intermediate part (talf),,,The relative position of the site within the land should be indicated. The position affects the hydrological conditions of the site. See more in the Guidelines for Soil Description issued by the FAO: figure 2,,,
physiography,TS,,TS,Toe slope,Position in undulating to mountainous terrain: Toe slope,,,The relative position of the site within the land should be indicated. The position affects the hydrological conditions of the site. See more in the Guidelines for Soil Description issued by the FAO: figure 2,,,
physiography,UP,,UP,Upper slope (shoulder),Position in undulating to mountainous terrain: Upper slope (shoulder),,,The relative position of the site within the land should be indicated. The position affects the hydrological conditions of the site. See more in the Guidelines for Soil Description issued by the FAO: figure 2,,,
physiography,LS,,LS,Lower slope (foot slope),Position in undulating to mountainous terrain: Lower slope (foot slope),,,The relative position of the site within the land should be indicated. The position affects the hydrological conditions of the site. See more in the Guidelines for Soil Description issued by the FAO: figure 2,,,
physiography,CR,,CR,Crest (summit),Position in undulating to mountainous terrain: Crest (summit),,,The relative position of the site within the land should be indicated. The position affects the hydrological conditions of the site. See more in the Guidelines for Soil Description issued by the FAO: figure 2,,,
physiography,BOdl,,BOdl,Bottom (drainage line),Position in flat or almost flat terrain: Bottom (drainage line),,,The relative position of the site within the land should be indicated. The position affects the hydrological conditions of the site. See more in the Guidelines for Soil Description issued by the FAO: figure 2,,,
physiography,BOf,,BOf,Bottom (flat),Position in undulating to mountainous terrain: Bottom (flat),,,The relative position of the site within the land should be indicated. The position affects the hydrological conditions of the site. See more in the Guidelines for Soil Description issued by the FAO: figure 2,,,
rockSize,A,,A,Artefacts,Aretfacts in soil measured in (mm),,,"Classification for rock fragments and artefacts influences the nutrient status, water movement, use and management of the soil. See more in guidelines for Soil Description issued by the FAO: table 27",,,
rockSize,AC,A,AC,Coarse artefacts,Coarse artefacts in soil greater than 20mm,,,"Classification for rock fragments and artefacts influences the nutrient status, water movement, use and management of the soil. See more in guidelines for Soil Description issued by the FAO: table 27",,,
rockSize,AM,A,AM,Medium artefacts,6mm–20mm,,,"Classification for rock fragments and artefacts influences the nutrient status, water movement, use and management of the soil. See more in guidelines for Soil Description issued by the FAO: table 27",,,
rockSize,R,,R,Rock fragments,Rock fragments measured in mm,,,"Classification for rock fragments and artefacts influences the nutrient status, water movement, use and management of the soil. See more in guidelines for Soil Description issued by the FAO: table 27",,,
rockSize,RM,R,RM,Medium gravel,Combination of rocks and artefacts of medium gravel of size from 6mm–20mm,,,"Classification for rock fragments and artefacts influences the nutrient status, water movement, use and management of the soil. See more in guidelines for Soil Description issued by the FAO: table 27",,,
rockSize,RL,R,RL,Large boulders,Rock fragments mainly in the form of large boulders of size more than 600mm,,,"Classification for rock fragments and artefacts influences the nutrient status, water movement, use and management of the soil. See more in guidelines for Soil Description issued by the FAO: table 27",,,
rockSize,BL,C,BL,Boulders and large boulders,Combination of boulderds and large boulders,,,"Classification for rock fragments and artefacts influences the nutrient status, water movement, use and management of the soil. See more in guidelines for Soil Description issued by the FAO: table 27",,,
rockSize,FM,C,FM,Fine and medium gravel/artefacts,Combination of fine and medium gravel and artefacts,,,"Classification for rock fragments and artefacts influences the nutrient status, water movement, use and management of the soil. See more in guidelines for Soil Description issued by the FAO: table 27",,,
rockSize,C,,C,Combination of classes,Class combination of rock fragment and artefacts,,,"Classification for rock fragments and artefacts influences the nutrient status, water movement, use and management of the soil. See more in guidelines for Soil Description issued by the FAO: table 27",,,
rockSize,SB,C,SB,Stones and boulders,Combination of stone and boulders,,,"Classification for rock fragments and artefacts influences the nutrient status, water movement, use and management of the soil. See more in guidelines for Soil Description issued by the FAO: table 27",,,
rockSize,RB,R,RB,Boulders,60mm–200mm,,,"Classification for rock fragments and artefacts influences the nutrient status, water movement, use and management of the soil. See more in guidelines for Soil Description issued by the FAO: table 27",,,
rockSize,AF,A,AF,Fine artefacts,Fine artefacts in soild of size between 2mm–6mm,,,"Classification for rock fragments and artefacts influences the nutrient status, water movement, use and management of the soil. See more in guidelines for Soil Description issued by the FAO: table 27",,,
rockSize,MC,C,MC,Medium and coarse gravel/artefacts,Combination of medium and course gravels and artefacts,,,"Classification for rock fragments and artefacts influences the nutrient status, water movement, use and management of the soil. See more in guidelines for Soil Description issued by the FAO: table 27",,,
rockSize,RF,R,RF,Fine gravel,Rock fragments of mainly fine gravel of size from 2mm–6mm,,,"Classification for rock fragments and artefacts influences the nutrient status, water movement, use and management of the soil. See more in guidelines for Soil Description issued by the FAO: table 27",,,
rockSize,RC,R,RC,Coarse gravel,Coarse gravel of size  20mm–60mm,,,"Classification for rock fragments and artefacts influences the nutrient status, water movement, use and management of the soil. See more in guidelines for Soil Description issued by the FAO: table 27",,,
rockSize,AV,A,AV,Very fine artefacts,Very fine artefacsts in soil of size < 2mm,,,"Classification for rock fragments and artefacts influences the nutrient status, water movement, use and management of the soil. See more in guidelines for Soil Description issued by the FAO: table 27",,,
rockSize,RS,R,RS,Stones,Rock fragments mainly stones of size from 60mm–200mm,,,"Classification for rock fragments and artefacts influences the nutrient status, water movement, use and management of the soil. See more in guidelines for Soil Description issued by the FAO: table 27",,,
rockSize,CS,C,CS,Coarse gravel and stones,Combination rock fragments and artefacts of coarse gravel and stones,,,"Classification for rock fragments and artefacts influences the nutrient status, water movement, use and management of the soil. See more in guidelines for Soil Description issued by the FAO: table 27",,,
majorLandForm,LP,L,LP,plain,first level of landform is level land (L) and the second level is plain (LP),,,Hierarchy of major landforms. See more in Guidelines for Soil Description issued by the FAO: table 4,,,
majorLandForm,TV,T,TV,high-gradient valley,first level of landform is steep land (T) and the second level is high gradient valley (TV),,,Hierarchy of major landforms. See more in Guidelines for Soil Description issued by the FAO: table 4,,,
majorLandForm,LD,L,LD,depression,first level of landform is level land (L) and the second level is depression (LD),,,Hierarchy of major landforms. See more in Guidelines for Soil Description issued by the FAO: table 4,,,
majorLandForm,SM,S,SM,medium-gradient mountain,first level of landform is sloping land (S) and the second level is medium-gradient mountain (SM),,,Hierarchy of major landforms. See more in Guidelines for Soil Description issued by the FAO: table 4,,,
majorLandForm,T,,T,steep land,first level of landform is steep land (T),,,Hierarchy of major landforms. See more in Guidelines for Soil Description issued by the FAO: table 4,,,
majorLandForm,TH,T,TH,high-gradient hill,first level of landform is steep land (T) and the second level is high gradient hill (TH),,,Hierarchy of major landforms. See more in Guidelines for Soil Description issued by the FAO: table 4,,,
majorLandForm,TE,T,TE,high-gradient escarpment zone,first level of landform is steep land (T) and the second level is high-gradient escarpment zone (TE),,,Hierarchy of major landforms. See more in Guidelines for Soil Description issued by the FAO: table 4,,,
majorLandForm,LV,L,LV,valley floor,first level of landform is level land (L) and the second level is valley floor (LV),,,Hierarchy of major landforms. See more in Guidelines for Soil Description issued by the FAO: table 4,,,
majorLandForm,L,,L,level land,first level of landform is level land (L),,,Hierarchy of major landforms. See more in Guidelines for Soil Description issued by the FAO: table 4,,,
majorLandForm,SH,S,SH,medium-gradient hill,first level of landform is sloping land (S) and the second level is medium gradient hill (SH),,,Hierarchy of major landforms. See more in Guidelines for Soil Description issued by the FAO: table 4,,,
majorLandForm,SE,S,SE,medium-gradient escarpment zone,first level of landform is sloping land (S) and the second level is medium-gradient escarpment zone (SE),,,Hierarchy of major landforms. See more in Guidelines for Soil Description issued by the FAO: table 4,,,
majorLandForm,LL,L,LL,plateau,first level of landform is level land (L) and the second level is plateau (LL),,,Hierarchy of major landforms. See more in Guidelines for Soil Description issued by the FAO: table 4,,,
majorLandForm,TM,T,TM,high-gradient mountain,first level of landform is steep land (T) and the second level is high-gradient mountain (TM),,,Hierarchy of major landforms. See more in Guidelines for Soil Description issued by the FAO: table 4,,,
majorLandForm,S,,S,sloping land,first level of landform is sloping land (S),,,Hierarchy of major landforms. See more in Guidelines for Soil Description issued by the FAO: table 4,,,
majorLandForm,SP,S,SP,dissected plain,first level of landform is sloping land (S) and the second level is dissected plain (SP),,,Hierarchy of major landforms. See more in Guidelines for Soil Description issued by the FAO: table 4,,,
majorLandForm,SV,S,SV,medium-gradient valley,first level of landform is sloping land (S) and the second level is medium gradient valley (SV),,,Hierarchy of major landforms. See more in Guidelines for Soil Description issued by the FAO: table 4,,,
profileDescriptionStatus,4.1,4,4.1,Soil augering description - no sampling,If soil description is done without sampling.,,,Soil profile description status. See more in Guidelines for Soil Description issued by the FAO: table 1,,,
profileDescriptionStatus,3.1,3,3.1,Incomplete description - no sampling,If soil description is done without sampling.,,,Soil profile description status. See more in Guidelines for Soil Description issued by the FAO: table 1,,,
profileDescriptionStatus,2,,2,Routine profile description,"No essential elements are missing from the description, sampling or analysis. The number of samples collected is sufficient to characterize all major soil horizons, but may not allow precise definition of all subhorizons, especially in the deeper soil. The profile depth is 80 cm or more, or down to a C or R horizon or layer, which may be shallower. Additional augering and sampling may be required for lower level classification.",,,Soil profile description status. See more in Guidelines for Soil Description issued by the FAO: table 1,,,
profileDescriptionStatus,3,,3,Incomplete description,"Certain relevant elements are missing from the description, an insufficient number of samples was collected, or the reliability of the analytical data does not permit a complete characterization of the soil. However, the description is useful for specific purposes and provides a satisfactory indication of the nature of the soil at high levels of soil taxonomic classification.",,,Soil profile description status. See more in Guidelines for Soil Description issued by the FAO: table 1,,,
profileDescriptionStatus,5,,5,Other descriptions,"Essential elements are missing from the description, preventing a satisfactory soil characterization and classification.",,,Soil profile description status. See more in Guidelines for Soil Description issued by the FAO: table 1,,,
profileDescriptionStatus,2.1,2,2.1,Routine profile description - no sampling,If soil description is done without sampling.,,,Soil profile description status. See more in Guidelines for Soil Description issued by the FAO: table 1,,,
profileDescriptionStatus,1,,1,Reference profile description,"No essential elements or details are missing from the description, sampling or analysis. The accuracy and reliability of the description and analytical results permit the full characterization of all soil horizons to a depth of 125 cm, or more if required for classification, or down to a C or R horizon or layer, which may be shallower.",,,Soil profile description status. See more in Guidelines for Soil Description issued by the FAO: table 1,,,
profileDescriptionStatus,1.1,1,1.1,Reference profile description - no sampling,If soil description is done without sampling.,,,Soil profile description status. See more in Guidelines for Soil Description issued by the FAO: table 1,,,
profileDescriptionStatus,4,,4,Soil augering description,"Soil augerings do no permit a comprehensive soil profile description. Augerings are made for routine soil observation and identification in soil mapping, and for that purpose normally provide a satisfactory indication of the soil characteristics. Soil samples may be collected from augerings.",,,Soil profile description status. See more in Guidelines for Soil Description issued by the FAO: table 1,,,
coatingAbundance,A,,A,Abundant,40–80% of coating abundance,,,Classification of abundance of coatings. See more in Guidelines for Soil Description issued by the FAO: table 64,,,
coatingAbundance,M,,M,Many,15–40% of coating abundance,,,Classification of abundance of coatings. See more in Guidelines for Soil Description issued by the FAO: table 64,,,
coatingAbundance,D,,D,Dominant,> 80% of coating abundance,,,Classification of abundance of coatings. See more in Guidelines for Soil Description issued by the FAO: table 64,,,
coatingAbundance,F,,F,Few,2–5% of coating abundance,,,Classification of abundance of coatings. See more in Guidelines for Soil Description issued by the FAO: table 64,,,
coatingAbundance,V,,V,Very few,0–2 % of coating abundance,,,Classification of abundance of coatings. See more in Guidelines for Soil Description issued by the FAO: table 64,,,
coatingAbundance,C,,C,Common,5–15% of coating abundance,,,Classification of abundance of coatings. See more in Guidelines for Soil Description issued by the FAO: table 64,,,
coatingAbundance,N,,N,,0% of coating abundance,,,Classification of abundance of coatings. See more in Guidelines for Soil Description issued by the FAO: table 64,,,
carbonatesContent,MO,,MO,Moderately calcareous,Visible effervescence: ≈ 2–10,,,Classes for the reaction of carbonates in the soil matrix. See more in Guidelines for Soil Description issued by the FAO: table 38,,,
carbonatesContent,N,,N,Non-calcareous,No detectable visible or audible effervescence.,,,Classes for the reaction of carbonates in the soil matrix. See more in Guidelines for Soil Description issued by the FAO: table 38,,,
carbonatesContent,ST,,ST,Strongly calcareous,Strong visible effervescence. Bubbles form a low foam: ≈ 10–25,,,Classes for the reaction of carbonates in the soil matrix. See more in Guidelines for Soil Description issued by the FAO: table 38,,,
carbonatesContent,EX,,EX,Extremely calcareous,Extremely strong reaction forming thick foam forms quickly: ≈ > 25,,,Classes for the reaction of carbonates in the soil matrix. See more in Guidelines for Soil Description issued by the FAO: table 38,,,
carbonatesContent,SL,,SL,Slightly calcareous,Audible effervescence but not visible: ≈ 0–2,,,Classes for the reaction of carbonates in the soil matrix. See more in Guidelines for Soil Description issued by the FAO: table 38,,,
cementationContinuity,C,,C,Continuous,"The layer is more than 90 percent cemented or compacted, and is only interrupted in places by cracks or fissures.",,,"The occurrence of cementation or compaction in pans or otherwise is described according to its nature, continuity, structure, agent and degree. See more in the guidelines for Soil Description issued by the FAO: table 69",,,
cementationContinuity,B,,B,Broken,"The layer is less than 50 percent cemented or compacted, and shows a rather irregular appearance.",,,"The occurrence of cementation or compaction in pans or otherwise is described according to its nature, continuity, structure, agent and degree. See more in the guidelines for Soil Description issued by the FAO: table 69",,,
cementationContinuity,D,,D,Discontinuous,"The layer is 50–90 percent cemented or compacted, and in general shows a regular appearance.",,,"The occurrence of cementation or compaction in pans or otherwise is described according to its nature, continuity, structure, agent and degree. See more in the guidelines for Soil Description issued by the FAO: table 69",,,
porosityClass,1,,1,Very low,Very low porosity of les than 2%,,,The porosity is an indication of the total volume of voids discernible with a ×10 hand-lens measured by area and recorded as the percentage of the surface occupied by pores. See more in guidelines for Soil Description issued by the FAO: table 60,,,
porosityClass,3,,3,Medium,Medium porosity of 5–15%,,,The porosity is an indication of the total volume of voids discernible with a ×10 hand-lens measured by area and recorded as the percentage of the surface occupied by pores. See more in guidelines for Soil Description issued by the FAO: table 60,,,
porosityClass,4,,4,High,High porosity of 15–40%,,,The porosity is an indication of the total volume of voids discernible with a ×10 hand-lens measured by area and recorded as the percentage of the surface occupied by pores. See more in guidelines for Soil Description issued by the FAO: table 60,,,
porosityClass,2,,2,Low,Low porosity of 2–5%,,,The porosity is an indication of the total volume of voids discernible with a ×10 hand-lens measured by area and recorded as the percentage of the surface occupied by pores. See more in guidelines for Soil Description issued by the FAO: table 60,,,
porosityClass,5,,5,Very high,Very high porosity of more than 40%,,,The porosity is an indication of the total volume of voids discernible with a ×10 hand-lens measured by area and recorded as the percentage of the surface occupied by pores. See more in guidelines for Soil Description issued by the FAO: table 60,,,
bleachedSand,4,,Dominant,Bleached sand of surface coverage more than 80%,Bleached sand of surface coverage more than 80%,,,Classification of bleached sand characteristics based on the percentage of surface covered. See more in Guidelines for Soil Description issued by the FAO: table 23,,,
bleachedSand,1,,Low,Bleached sand of surface coverage 2-15%,Bleached sand of surface coverage 2-15%,,,Classification of bleached sand characteristics based on the percentage of surface covered. See more in Guidelines for Soil Description issued by the FAO: table 23,,,
bleachedSand,2,,Moderate,Bleached sand of surface coverage 15-40%,Bleached sand of surface coverage 15-40%,,,Classification of bleached sand characteristics based on the percentage of surface covered. See more in Guidelines for Soil Description issued by the FAO: table 23,,,
bleachedSand,3,,High,Bleached sand of surface coverage  40-80%,Bleached sand of surface coverage  40-80%,,,Classification of bleached sand characteristics based on the percentage of surface covered. See more in Guidelines for Soil Description issued by the FAO: table 23,,,
bleachedSand,0,,,Bleached sand of surface coverage 0-2%,Bleached sand of surface coverage 0-2%,,,Classification of bleached sand characteristics based on the percentage of surface covered. See more in Guidelines for Soil Description issued by the FAO: table 23,,,
mineralConcSize,V,,V,Very fine,Mineral concentration ranging fron size of < 2mm,,,"Classification of mineral concentrations based on size. See more in Guidelines for Soil Description issued by the FAO: table 75,1",,,
mineralConcSize,C,,C,Coarse,Mineral concentration ranging fron size of  > 20mm,,,"Classification of mineral concentrations based on size. See more in Guidelines for Soil Description issued by the FAO: table 75,1",,,
mineralConcSize,F,,F,Fine,Mineral concentration ranging fron size of 2mm–6mm,,,"Classification of mineral concentrations based on size. See more in Guidelines for Soil Description issued by the FAO: table 75,1",,,
mineralConcSize,M,,M,Medium,Mineral concentration ranging fron size of 6mm–20mm,,,"Classification of mineral concentrations based on size. See more in Guidelines for Soil Description issued by the FAO: table 75,1",,,
mottlesSize,M,,M,M Medium,Medium mottle of size 6–20,,,The individual classes of the mottle nodules according to their diameter size. See more in the guidelines for Soil Description issued by the FAO: table 33,,,
mottlesSize,A,,A,Coarse,Coarse mottle of > 20,,,The individual classes of the mottle nodules according to their diameter size. See more in the guidelines for Soil Description issued by the FAO: table 33,,,
mottlesSize,F,,F,F Fine,Fine mottle of size 2–6,,,The individual classes of the mottle nodules according to their diameter size. See more in the guidelines for Soil Description issued by the FAO: table 33,,,
mottlesSize,V,,V,Very fine,Very fine mottle size of less than  2,,,The individual classes of the mottle nodules according to their diameter size. See more in the guidelines for Soil Description issued by the FAO: table 33,,,
carbonatesForms,HHC,,HHC,hard hollow concretions,Secondary carbonates in soil in the form of hard hollow concretions,,,The forms of secondary carbonates in soils are diverse and are considered to be informative for diagnostics of soil genesis. See more in guidelines for Soil Description issued by the FAO: table 39,,,
carbonatesForms,HL,,HL,hard cemented layer or layers of carbonates (less than 10 cm thick),Secondary carbonates in soil in the form of hard cemented layer or layers of carbonates,,,The forms of secondary carbonates in soils are diverse and are considered to be informative for diagnostics of soil genesis. See more in guidelines for Soil Description issued by the FAO: table 39,,,
carbonatesForms,PM,,PM,"pseudomycelia* (carbonate infillings in pores, resembling mycelia)","Secondary carbonates in soil in the form of pseudomycelia i.e. carbonate infillings in pores, resembling mycelia",,,The forms of secondary carbonates in soils are diverse and are considered to be informative for diagnostics of soil genesis. See more in guidelines for Soil Description issued by the FAO: table 39,,,
carbonatesForms,D,,D,disperse powdery lime,Secondary carbonates in soil in the form of disperse powdery lime,,,The forms of secondary carbonates in soils are diverse and are considered to be informative for diagnostics of soil genesis. See more in guidelines for Soil Description issued by the FAO: table 39,,,
carbonatesForms,M,,M,marl layer,Secondary carbonates in soil in the form of marl layer,,,The forms of secondary carbonates in soils are diverse and are considered to be informative for diagnostics of soil genesis. See more in guidelines for Soil Description issued by the FAO: table 39,,,
carbonatesForms,SC,,SC,soft concretions,Secondary carbonates in soil in the form of soft concretions,,,The forms of secondary carbonates in soils are diverse and are considered to be informative for diagnostics of soil genesis. See more in guidelines for Soil Description issued by the FAO: table 39,,,
carbonatesForms,HC,,HC,hard concretions,Secondary carbonates in soil in the form of hard concretions,,,The forms of secondary carbonates in soils are diverse and are considered to be informative for diagnostics of soil genesis. See more in guidelines for Soil Description issued by the FAO: table 39,,,
cracksDepth,D,,D,Deep 10–20,Deep surface crack of 10 - 20 cm in depth,,,"List of suggested classes of surface cracks in shrink–swell clay-rich soils after they dry out. See more in guidelines for Soil Description issued by the FAO: table 21,2",,,
cracksDepth,M,,M,Medium 2–10,Medium surface crack of 2 - 10 cm in depth,,,"List of suggested classes of surface cracks in shrink–swell clay-rich soils after they dry out. See more in guidelines for Soil Description issued by the FAO: table 21,2",,,
cracksDepth,S,,S,Surface < 2,Surface crack less than 2 cm in depth,,,"List of suggested classes of surface cracks in shrink–swell clay-rich soils after they dry out. See more in guidelines for Soil Description issued by the FAO: table 21,2",,,
cracksDepth,V,,V,Very deep > 20,Very deep surface crack of more than 20 cm in depth,,,"List of suggested classes of surface cracks in shrink–swell clay-rich soils after they dry out. See more in guidelines for Soil Description issued by the FAO: table 21,2",,,
peatDecompostion,Fibric,,Fibric,Fibric,Degree of decomposition and humification of peat of subtype Fibric,,,In most organic layers of rocks the determination of the texture class is done by estimating of the degree of decomposition and humification of the organic material.See more in Guidelines for Soil Description issued by the FAO: table 31,,,
peatDecompostion,Hemic,,Hemic,Hemic,Degree of decomposition and humification of peat of subtype Hemic,,,In most organic layers of rocks the determination of the texture class is done by estimating of the degree of decomposition and humification of the organic material.See more in Guidelines for Soil Description issued by the FAO: table 31,,,
peatDecompostion,D3,Fibric,D3,moderate,Subtype Fibric and the degree of decomposition and humification of peat is moderate,,,In most organic layers of rocks the determination of the texture class is done by estimating of the degree of decomposition and humification of the organic material.See more in Guidelines for Soil Description issued by the FAO: table 31,,,
peatDecompostion,Sapric,,Sapric,Sapric,Degree of decomposition and humification of peat of subtype Sapric,,,In most organic layers of rocks the determination of the texture class is done by estimating of the degree of decomposition and humification of the organic material.See more in Guidelines for Soil Description issued by the FAO: table 31,,,
peatDecompostion,D5.2,Sapric,D5.2,very strong,Subtype Sapric and the degree of decomposition and humification of peat is very strong,,,In most organic layers of rocks the determination of the texture class is done by estimating of the degree of decomposition and humification of the organic material.See more in Guidelines for Soil Description issued by the FAO: table 31,,,
peatDecompostion,D4,Hemic,D4,strong,Subtype Hemic and the degree of decomposition and humification of peat is strong,,,In most organic layers of rocks the determination of the texture class is done by estimating of the degree of decomposition and humification of the organic material.See more in Guidelines for Soil Description issued by the FAO: table 31,,,
peatDecompostion,D5.1,Hemic,D5.1,moderately strong,Subtype Hemic and the degree of decomposition and humification of peat is moderately strong,,,In most organic layers of rocks the determination of the texture class is done by estimating of the degree of decomposition and humification of the organic material.See more in Guidelines for Soil Description issued by the FAO: table 31,,,
peatDecompostion,D2,Fibric,D2,low,Subtype Fibric and the degree of decomposition and humification of peat is low,,,In most organic layers of rocks the determination of the texture class is done by estimating of the degree of decomposition and humification of the organic material.See more in Guidelines for Soil Description issued by the FAO: table 31,,,
peatDecompostion,D1,Fibric,D1,very low,Subtype Fibric and the degree of decomposition and humification of peat is very low,,,In most organic layers of rocks the determination of the texture class is done by estimating of the degree of decomposition and humification of the organic material.See more in Guidelines for Soil Description issued by the FAO: table 31,,,
coatingNature,C,,C,Clay,Clay,,,Classification of the nature of coatings. See more in Guidelines for Soil Description issued by the FAO: table 66,,,
coatingNature,CC,,CC,Calcium carbonate,Calcium carbonate,,,Classification of the nature of coatings. See more in Guidelines for Soil Description issued by the FAO: table 66,,,
coatingNature,CS,,CS,Clay and sesquioxides,Clay and sesquioxides,,,Classification of the nature of coatings. See more in Guidelines for Soil Description issued by the FAO: table 66,,,
coatingNature,SP,,SP,"Slickensides, partly intersecting","Slickensides, partly intersecting",,,Classification of the nature of coatings. See more in Guidelines for Soil Description issued by the FAO: table 66,,,
coatingNature,SF,,SF,Shiny faces (as in nitic horizon),Shiny faces (as in nitic horizon),,,Classification of the nature of coatings. See more in Guidelines for Soil Description issued by the FAO: table 66,,,
coatingNature,HC,,HC,"Hypodermic coatings (Hypodermic coatings, as used here, are field-scale features, commonly only expressed as hydromorphic features. Micromorphological hypodermic coatings include non-redox features [Bullock et al., 1985].)","Hypodermic coatings (Hypodermic coatings, as used here, are field-scale features, commonly only expressed as hydromorphic features. Micromorphological hypodermic coatings include non-redox features [Bullock et al., 1985].)",,,Classification of the nature of coatings. See more in Guidelines for Soil Description issued by the FAO: table 66,,,
coatingNature,S,,S,Sesquioxides,Sesquioxides,,,Classification of the nature of coatings. See more in Guidelines for Soil Description issued by the FAO: table 66,,,
coatingNature,SL,,SL,Silica (opal),Silica (opal),,,Classification of the nature of coatings. See more in Guidelines for Soil Description issued by the FAO: table 66,,,
coatingNature,MN,,MN,Manganese,Manganese,,,Classification of the nature of coatings. See more in Guidelines for Soil Description issued by the FAO: table 66,,,
coatingNature,PF,,PF,Pressure faces,Pressure faces,,,Classification of the nature of coatings. See more in Guidelines for Soil Description issued by the FAO: table 66,,,
coatingNature,GB,,GB,Gibbsite,Gibbsite,,,Classification of the nature of coatings. See more in Guidelines for Soil Description issued by the FAO: table 66,,,
coatingNature,CH,,CH,Clay and humus (organic matter),Clay and humus (organic matter),,,Classification of the nature of coatings. See more in Guidelines for Soil Description issued by the FAO: table 66,,,
coatingNature,JA,,JA,Jarosite,Jarosite,,,Classification of the nature of coatings. See more in Guidelines for Soil Description issued by the FAO: table 66,,,
coatingNature,ST,,ST,Silt coatings,Silt coatings,,,Classification of the nature of coatings. See more in Guidelines for Soil Description issued by the FAO: table 66,,,
coatingNature,SN,,SN,"Slickensides, non intersecting","Slickensides, non intersecting",,,Classification of the nature of coatings. See more in Guidelines for Soil Description issued by the FAO: table 66,,,
coatingNature,SI,,SI,"Slickensides, predominantly intersecting (Slickensides are polished and grooved ped surfaces that are produced by aggregates sliding one past another.)","Slickensides, predominantly intersecting (Slickensides are polished and grooved ped surfaces that are produced by aggregates sliding one past another.)",,,Classification of the nature of coatings. See more in Guidelines for Soil Description issued by the FAO: table 66,,,
coatingNature,SA,,SA,Sand coatings,Sand coatings,,,Classification of the nature of coatings. See more in Guidelines for Soil Description issued by the FAO: table 66,,,
coatingNature,H,,H,Humus,Humus,,,Classification of the nature of coatings. See more in Guidelines for Soil Description issued by the FAO: table 66,,,
bulkDensityPeat,BD5,,BD5,Strong (hemic),Strong (hemic) class of decomposition: > 0.17g cm-3,,,"Bulk density and volume of solids of organic soils can be estimated after the decomposition stage or the extent of peat drainage. See more in guidelines for Soil Description issued by the FAO: table 59,3",,,
bulkDensityPeat,BD4,,BD4,Moderate high,Moderate(fibric) class of decomposition: 0.11–0.17g cm-3,,,"Bulk density and volume of solids of organic soils can be estimated after the decomposition stage or the extent of peat drainage. See more in guidelines for Soil Description issued by the FAO: table 59,3",,,
bulkDensityPeat,BD1,,BD1,Very low,Very low (fibric) class of decomposition: < 0.04g cm-3,,,"Bulk density and volume of solids of organic soils can be estimated after the decomposition stage or the extent of peat drainage. See more in guidelines for Soil Description issued by the FAO: table 59,3",,,
bulkDensityPeat,BD3,,BD3,Moderate low,Moderate(fibric) class of decomposition: 0.07–0.11g cm-3,,,"Bulk density and volume of solids of organic soils can be estimated after the decomposition stage or the extent of peat drainage. See more in guidelines for Soil Description issued by the FAO: table 59,3",,,
bulkDensityPeat,BD2,,BD2,Low,Low (fibric) class of decomposition: 0.04–0.07g cm-3,,,"Bulk density and volume of solids of organic soils can be estimated after the decomposition stage or the extent of peat drainage. See more in guidelines for Soil Description issued by the FAO: table 59,3",,,
plasticity,PL,,PL,Plastic,"“Wire formable but breaks if bent into a ring,  slight to moderate force required for deformation of the soil mass.“",,,Plasticity is the ability of soil material to change shape continuously under the influence of an applied stress and to retain the compressed shape on removal of stress. See more in Guidelines for Soil Description issued by the FAO: Guidelines for Soil Description issued by the FAO: table 56,,,
plasticity,PVP,,PVP,plastic to very plastic,Additioanl plasticity code with combination of  PL and VPL,,,Plasticity is the ability of soil material to change shape continuously under the influence of an applied stress and to retain the compressed shape on removal of stress. See more in Guidelines for Soil Description issued by the FAO: Guidelines for Soil Description issued by the FAO: table 56,,,
plasticity,SPP,,SPP,slightly plastic to plastic,Additioanl plasticity code with combination of  SPL and PL,,,Plasticity is the ability of soil material to change shape continuously under the influence of an applied stress and to retain the compressed shape on removal of stress. See more in Guidelines for Soil Description issued by the FAO: Guidelines for Soil Description issued by the FAO: table 56,,,
plasticity,NPL,,NPL,Non-plastic,No wire is formable.,,,Plasticity is the ability of soil material to change shape continuously under the influence of an applied stress and to retain the compressed shape on removal of stress. See more in Guidelines for Soil Description issued by the FAO: Guidelines for Soil Description issued by the FAO: table 56,,,
plasticity,VPL,,VPL,Very plastic,"“Wire formable and can be bent into a ring,  moderately strong to very strong force required for deformation of the soil mass.“",,,Plasticity is the ability of soil material to change shape continuously under the influence of an applied stress and to retain the compressed shape on removal of stress. See more in Guidelines for Soil Description issued by the FAO: Guidelines for Soil Description issued by the FAO: table 56,,,
plasticity,SPL,,SPL,Slightly plastic,"“Wire formable but breaks immediately if bent into a ring,  soil mass deformed by very slight force.“",,,Plasticity is the ability of soil material to change shape continuously under the influence of an applied stress and to retain the compressed shape on removal of stress. See more in Guidelines for Soil Description issued by the FAO: Guidelines for Soil Description issued by the FAO: table 56,,,
voidsDiameter,MC,,MC,medium and coarse,Medium and coarse void with combination of medium and coarse type,,,"Voids include all empty spaces in the soil. They are related to the arrangement of the primary soil constituents, rooting patterns, burrowing of animals or any other soil-forming processes, such as cracking, translocation and leaching. See more in Guidelines for Soil Description issued by the FAO: table 62",,,
voidsDiameter,VC,,VC,Very coarse,very coarse void with diameter 20–50 m,,,"Voids include all empty spaces in the soil. They are related to the arrangement of the primary soil constituents, rooting patterns, burrowing of animals or any other soil-forming processes, such as cracking, translocation and leaching. See more in Guidelines for Soil Description issued by the FAO: table 62",,,
voidsDiameter,M,,M,Medium,medium void with diameter 2–5,,,"Voids include all empty spaces in the soil. They are related to the arrangement of the primary soil constituents, rooting patterns, burrowing of animals or any other soil-forming processes, such as cracking, translocation and leaching. See more in Guidelines for Soil Description issued by the FAO: table 62",,,
voidsDiameter,FM,,FM,fine and medium,Fine and medium void with combination of fine and medium type,,,"Voids include all empty spaces in the soil. They are related to the arrangement of the primary soil constituents, rooting patterns, burrowing of animals or any other soil-forming processes, such as cracking, translocation and leaching. See more in Guidelines for Soil Description issued by the FAO: table 62",,,
voidsDiameter,V,,V,Very fine,Very fine void with diameter less than 0.5 m,,,"Voids include all empty spaces in the soil. They are related to the arrangement of the primary soil constituents, rooting patterns, burrowing of animals or any other soil-forming processes, such as cracking, translocation and leaching. See more in Guidelines for Soil Description issued by the FAO: table 62",,,
voidsDiameter,FF,,FF,fine and very fine,Fine and very fine void with combination of fine and very fine type,,,"Voids include all empty spaces in the soil. They are related to the arrangement of the primary soil constituents, rooting patterns, burrowing of animals or any other soil-forming processes, such as cracking, translocation and leaching. See more in Guidelines for Soil Description issued by the FAO: table 62",,,
voidsDiameter,C,,C,Coarse,Coarse void with diameter between 5–20 m,,,"Voids include all empty spaces in the soil. They are related to the arrangement of the primary soil constituents, rooting patterns, burrowing of animals or any other soil-forming processes, such as cracking, translocation and leaching. See more in Guidelines for Soil Description issued by the FAO: table 62",,,
voidsDiameter,F,,F,Fine,Fine void with diameter between 0.5–2 m,,,"Voids include all empty spaces in the soil. They are related to the arrangement of the primary soil constituents, rooting patterns, burrowing of animals or any other soil-forming processes, such as cracking, translocation and leaching. See more in Guidelines for Soil Description issued by the FAO: table 62",,,
voidsClassification,C,,C,Channels,"Elongated voids of faunal or floral origin, mostly tubular in shape and continuous, varying strongly in diameter. When wider than a few centimetres (burrow holes), they are more adequately described under biological activity.",,,"Voids include all empty spaces in the soil. They are related to the arrangement of the primary soil constituents, rooting patterns, burrowing of animals or any other soil-forming processes, such as cracking, translocation and leaching. See more in Guidelines for Soil Description issued by the FAO: table 61",,,
voidsClassification,I,,I,Interstitial,"Controlled by the fabric, or arrangement, of the soil particles, also known as textural voids. Subdivision possible into simple packing voids, which relate to the packing of sand particles, and compound packing voids, which result from the packing of non-accommodating peds. Predominantly irregular in shape and interconnected, and hard to quantify in the field.",,,"Voids include all empty spaces in the soil. They are related to the arrangement of the primary soil constituents, rooting patterns, burrowing of animals or any other soil-forming processes, such as cracking, translocation and leaching. See more in Guidelines for Soil Description issued by the FAO: table 61",,,
voidsClassification,P,,P,Planes,"Most planes are extra-pedal voids, related to accommodating ped surfaces or cracking patterns. They are often not persistent and vary in size, shape and quantity depending on the moisture condition of the soil. Planar voids may be recorded, describing width and frequency.",,,"Voids include all empty spaces in the soil. They are related to the arrangement of the primary soil constituents, rooting patterns, burrowing of animals or any other soil-forming processes, such as cracking, translocation and leaching. See more in Guidelines for Soil Description issued by the FAO: table 61",,,
voidsClassification,B,,B,Vesicular,"Discontinuous spherical or elliptical voids (chambers) of sedimentary origin or formed by compressed air, e.g. gas bubbles in slaking crusts after heavy rainfall. Relatively unimportant in connection with plant growth.",,,"Voids include all empty spaces in the soil. They are related to the arrangement of the primary soil constituents, rooting patterns, burrowing of animals or any other soil-forming processes, such as cracking, translocation and leaching. See more in Guidelines for Soil Description issued by the FAO: table 61",,,
voidsClassification,V,,V,Vughs,"Mostly irregular, equidimensional voids of faunal origin or resulting from tillage or disturbance of other voids. Discontinuous or interconnected. May be quantified in specific cases.",,,"Voids include all empty spaces in the soil. They are related to the arrangement of the primary soil constituents, rooting patterns, burrowing of animals or any other soil-forming processes, such as cracking, translocation and leaching. See more in Guidelines for Soil Description issued by the FAO: table 61",,,
saltThickness,N,,N,,No salt occurance,,,"The occurrence of salt at the surface may be described in terms of cover, appearance and type of salt. See more in the Guidelines for Soil Description issued by the FAO: table 22,2",,,
saltThickness,V,,V,Very thick,Layer of salt occurance is > 20mm,,,"The occurrence of salt at the surface may be described in terms of cover, appearance and type of salt. See more in the Guidelines for Soil Description issued by the FAO: table 22,2",,,
saltThickness,F,,F,Thin,Layer of salt occurance is  < 2mm,,,"The occurrence of salt at the surface may be described in terms of cover, appearance and type of salt. See more in the Guidelines for Soil Description issued by the FAO: table 22,2",,,
saltThickness,M,,M,Medium,Layer of salt occurance is 2mm–5mm,,,"The occurrence of salt at the surface may be described in terms of cover, appearance and type of salt. See more in the Guidelines for Soil Description issued by the FAO: table 22,2",,,
saltThickness,C,,C,Thick,Layer of salt occurance is  5mm–20mm,,,"The occurrence of salt at the surface may be described in terms of cover, appearance and type of salt. See more in the Guidelines for Soil Description issued by the FAO: table 22,2",,,
weatherConditions,PC,,PC,partly cloudy,"Present weather conditions (Schoeneberger et al., 2002)",,,Codes for weather conditions.See in Guidelines for Soil Description issued by the FAO: table 2,,,
weatherConditions,WC1,,WC1,no rain in the last month,"Former weather conditions (Ad-hoc-AG-Boden, 2005)",,,Codes for weather conditions.See in Guidelines for Soil Description issued by the FAO: table 2,,,
weatherConditions,WC5,,WC5,heavier rain for some days or rainstorm in the last 24 hours,"Former weather conditions (Ad-hoc-AG-Boden, 2005)",,,Codes for weather conditions.See in Guidelines for Soil Description issued by the FAO: table 2,,,
weatherConditions,WC4,,WC4,rainy without heavy rain in the last 24 hours,"Former weather conditions (Ad-hoc-AG-Boden, 2005)",,,Codes for weather conditions.See in Guidelines for Soil Description issued by the FAO: table 2,,,
weatherConditions,OV,,OV,overcast,"Present weather conditions (Schoeneberger et al., 2002)",,,Codes for weather conditions.See in Guidelines for Soil Description issued by the FAO: table 2,,,
weatherConditions,SU,,SU,sunny/clear,"Present weather conditions (Schoeneberger et al., 2002)",,,Codes for weather conditions.See in Guidelines for Soil Description issued by the FAO: table 2,,,
weatherConditions,RA,,RA,rain,"Present weather conditions (Schoeneberger et al., 2002)",,,Codes for weather conditions.See in Guidelines for Soil Description issued by the FAO: table 2,,,
weatherConditions,SL,,SL,sleet,"Present weather conditions (Schoeneberger et al., 2002)",,,Codes for weather conditions.See in Guidelines for Soil Description issued by the FAO: table 2,,,
weatherConditions,SN,,SN,snow,"Present weather conditions (Schoeneberger et al., 2002)",,,Codes for weather conditions.See in Guidelines for Soil Description issued by the FAO: table 2,,,
weatherConditions,WC6,,WC6,extremely rainy time or snow melting,"Former weather conditions (Ad-hoc-AG-Boden, 2005)",,,Codes for weather conditions.See in Guidelines for Soil Description issued by the FAO: table 2,,,
weatherConditions,WC3,,WC3,no rain in the last 24 hours,"Former weather conditions (Ad-hoc-AG-Boden, 2005)",,,Codes for weather conditions.See in Guidelines for Soil Description issued by the FAO: table 2,,,
weatherConditions,WC2,,WC2,no rain in the last week,"Former weather conditions (Ad-hoc-AG-Boden, 2005)",,,Codes for weather conditions.See in Guidelines for Soil Description issued by the FAO: table 2,,,
bulkDensityMineral,BD3,,BD3,"Knife can be pushed into the moist soil with weak pressure, sample disintegrates into few fragments, which may be further divided.","Loamy soils with high clay content, clayey soils. Sample remains mostly intact when dropped, further disintegration possible after application of large pressure.",,,Field determinations of bulk density may be obtained by estimating the force required to push a knife into a soil horizon exposed at a field moist pit wall. See more in Guidelines for Soil Description issued by the FAO: table 58,,,
bulkDensityMineral,BD4,,BD4,"Knife penetrates only 1–2 cm into the moist soil, some effort required, sample disintegrates into few fragments, which cannot be subdivided further.","Loamy soils with high clay content, clayey soils. Sample remains intact when dropped, no further disintegration after application of very large pressure.",,,Field determinations of bulk density may be obtained by estimating the force required to push a knife into a soil horizon exposed at a field moist pit wall. See more in Guidelines for Soil Description issued by the FAO: table 58,,,
bulkDensityMineral,BD2,,BD2,Sample disintegrates into numerous fragments after application of weak pressure.,"Loamy soils with high clay content, clayey soils. When dropped, sample disintegrates into few fragments, further disintegration of subfragments after application of mild pressure.",,,Field determinations of bulk density may be obtained by estimating the force required to push a knife into a soil horizon exposed at a field moist pit wall. See more in Guidelines for Soil Description issued by the FAO: table 58,,,
bulkDensityMineral,BD5,,BD5,"Very large pressure necessary to force knife into the soil, no further disintegration of sample.","Loamy soils with high clay content, clayey soils. Sample remains intact when dropped, no further disintegration after application of very large pressure.",,,Field determinations of bulk density may be obtained by estimating the force required to push a knife into a soil horizon exposed at a field moist pit wall. See more in Guidelines for Soil Description issued by the FAO: table 58,,,
bulkDensityMineral,BD1,,BD1,"Many pores, moist materials drop easily out of the auger.","materials with vesicular pores, mineral soils with andic properties. Sample disintegrates at the instant of sampling, many pores visible onthe pit wall. Sample disintegrates at the instant of sampling, many pores visible on the pit wall. Loamy soils with high clay content, clayey soils When dropped, sample disintegrates into numerous fragments, further disintegration of subfragments after application of weak pressure.",,,Field determinations of bulk density may be obtained by estimating the force required to push a knife into a soil horizon exposed at a field moist pit wall. See more in Guidelines for Soil Description issued by the FAO: table 58,,,
biologicalAbundance,C,,C,Common,Common biological activity in soil,,,Classification of the abundance of biological activity. See more in Guidelines for Soil Description issued by the FAO: table 81,,,
biologicalAbundance,M,,M,Many,Many biological activity in soil,,,Classification of the abundance of biological activity. See more in Guidelines for Soil Description issued by the FAO: table 81,,,
biologicalAbundance,F,,F,Few,Few biological activity in soil,,,Classification of the abundance of biological activity. See more in Guidelines for Soil Description issued by the FAO: table 81,,,
biologicalAbundance,N,,N,,No biological activity in soil,,,Classification of the abundance of biological activity. See more in Guidelines for Soil Description issued by the FAO: table 81,,,
fragmentCover,A,,A,Abundant,40%–80% of coarse surface fragments,,,"Coarse surface fragments, including those partially exposed, should be described in terms of percentage of surface coverage and of size of the fragments. See more in Guidelines for Soil Description issued by the FAO: table 15,1",,,
fragmentCover,D,,D,Dominant,> 80% of coarse surface fragments,,,"Coarse surface fragments, including those partially exposed, should be described in terms of percentage of surface coverage and of size of the fragments. See more in Guidelines for Soil Description issued by the FAO: table 15,1",,,
fragmentCover,C,,C,Common,5%–15% of coarse surface fragments,,,"Coarse surface fragments, including those partially exposed, should be described in terms of percentage of surface coverage and of size of the fragments. See more in Guidelines for Soil Description issued by the FAO: table 15,1",,,
fragmentCover,M,,M,Many,15%–40% of coarse surface fragments,,,"Coarse surface fragments, including those partially exposed, should be described in terms of percentage of surface coverage and of size of the fragments. See more in Guidelines for Soil Description issued by the FAO: table 15,1",,,
fragmentCover,N,,N,,0% of coarse surface fragments,,,"Coarse surface fragments, including those partially exposed, should be described in terms of percentage of surface coverage and of size of the fragments. See more in Guidelines for Soil Description issued by the FAO: table 15,1",,,
fragmentCover,F,,F,Few,2%–5% of coarse surface fragments,,,"Coarse surface fragments, including those partially exposed, should be described in terms of percentage of surface coverage and of size of the fragments. See more in Guidelines for Soil Description issued by the FAO: table 15,1",,,
fragmentCover,V,,V,Very few,0%–2% of coarse surface fragments,,,"Coarse surface fragments, including those partially exposed, should be described in terms of percentage of surface coverage and of size of the fragments. See more in Guidelines for Soil Description issued by the FAO: table 15,1",,,
biologicalFeatures,BO,,BO,Open large burrows,Biological feature of  Open large burrows,,,Examples of biological features. See more in Guidelines for Soil Description issued by the FAO: table 82,,,
biologicalFeatures,BI,,BI,Infilled large burrows,Biological feature of  Infilled large burrows,,,Examples of biological features. See more in Guidelines for Soil Description issued by the FAO: table 82,,,
biologicalFeatures,T,,T,Termite or ant channels and nests,Biological feature of Termite or ant channels and nests,,,Examples of biological features. See more in Guidelines for Soil Description issued by the FAO: table 82,,,
biologicalFeatures,P,,P,Pedotubules,Biological feature of  Pedotubules,,,Examples of biological features. See more in Guidelines for Soil Description issued by the FAO: table 82,,,
biologicalFeatures,E,,E,Earthworm channels,Biological feature of Earthworm channels,,,Examples of biological features. See more in Guidelines for Soil Description issued by the FAO: table 82,,,
biologicalFeatures,C,,C,Charcoal,Biological feature of  Charcoal,,,Examples of biological features. See more in Guidelines for Soil Description issued by the FAO: table 82,,,
biologicalFeatures,A,,A,Artefacts,Biological feature of  Artefacts,,,Examples of biological features. See more in Guidelines for Soil Description issued by the FAO: table 82,,,
biologicalFeatures,B,,B,Burrows (unspecified),Biological feature of Burrows (unspecified),,,Examples of biological features. See more in Guidelines for Soil Description issued by the FAO: table 82,,,
biologicalFeatures,I,,I,Other insect activity,Biological feature of Other insect activity,,,Examples of biological features. See more in Guidelines for Soil Description issued by the FAO: table 82,,,
slopeGradientClass,10,,10,Very steep,> 60% of slope gradient,,,Slope gradient classes measured on the percentage of slope. See more in Guidelines for Soil Description issued by the FAO: table 7,,,
slopeGradientClass,7,,7,Strongly sloping,10–15% of slope gradient,,,Slope gradient classes measured on the percentage of slope. See more in Guidelines for Soil Description issued by the FAO: table 7,,,
slopeGradientClass,5,,5,Gently sloping,2–5% of slope gradient,,,Slope gradient classes measured on the percentage of slope. See more in Guidelines for Soil Description issued by the FAO: table 7,,,
slopeGradientClass,3,,3,Nearly level,0.5–1.0 % of slope gradient,,,Slope gradient classes measured on the percentage of slope. See more in Guidelines for Soil Description issued by the FAO: table 7,,,
slopeGradientClass,4,,4,Very gently sloping,1.0–2.0 % of slope gradient,,,Slope gradient classes measured on the percentage of slope. See more in Guidelines for Soil Description issued by the FAO: table 7,,,
slopeGradientClass,6,,6,Sloping,5–10 % of slope gradient,,,Slope gradient classes measured on the percentage of slope. See more in Guidelines for Soil Description issued by the FAO: table 7,,,
slopeGradientClass,1,,1,Flat,0–0.2% of slope gradient,,,Slope gradient classes measured on the percentage of slope. See more in Guidelines for Soil Description issued by the FAO: table 7,,,
slopeGradientClass,2,,2,Level,0.2–0.5 % of slope gradient,,,Slope gradient classes measured on the percentage of slope. See more in Guidelines for Soil Description issued by the FAO: table 7,,,
slopeGradientClass,9,,9,Steep,30–60 % of slope gradient,,,Slope gradient classes measured on the percentage of slope. See more in Guidelines for Soil Description issued by the FAO: table 7,,,
slopeGradientClass,8,,8,Moderately steep,15–30 % of slope gradient,,,Slope gradient classes measured on the percentage of slope. See more in Guidelines for Soil Description issued by the FAO: table 7,,,
gypsumContent,MO,,MO,Moderately gypsiric,≈ 5–15 EC = > 1.8 dS m-1 in 10 g soil/250 ml H2O,,,"Where more readily soluble salts are absent, gypsum can be estimated in the field by measurements of electrical conductivity. More in the guidelines for Soil Description issued by the FAO: table 40",,,
gypsumContent,EX,,EX,Extremely gypsiric,≈ > 60,,,"Where more readily soluble salts are absent, gypsum can be estimated in the field by measurements of electrical conductivity. More in the guidelines for Soil Description issued by the FAO: table 40",,,
gypsumContent,SL,,SL,Slightly gypsiric,≈ 0–5 EC = < 1.8 dS m-1 in 10 g soil/250 ml H2O,,,"Where more readily soluble salts are absent, gypsum can be estimated in the field by measurements of electrical conductivity. More in the guidelines for Soil Description issued by the FAO: table 40",,,
gypsumContent,ST,,ST,Strongly gypsiric,≈ 15–60 higher amounts may be differentiated by abundance of H2O-soluble pseudomycelia/crystals and soil colour,,,"Where more readily soluble salts are absent, gypsum can be estimated in the field by measurements of electrical conductivity. More in the guidelines for Soil Description issued by the FAO: table 40",,,
gypsumContent,N,,N,Non-gypsiric,0 EC = < 0.18 dS m-1 in 10 g soil/250 ml H2O,,,"Where more readily soluble salts are absent, gypsum can be estimated in the field by measurements of electrical conductivity. More in the guidelines for Soil Description issued by the FAO: table 40",,,
rockAbundance,C,,C,Common,5%–15% of rock fragments,,,"Abundance of rock fragments and artefacts, by volume. See more in Guidelines for Soil Description issued by the FAO: table 26",,,
rockAbundance,D,,D,Dominant,> 80% of rock fragments,,,"Abundance of rock fragments and artefacts, by volume. See more in Guidelines for Soil Description issued by the FAO: table 26",,,
rockAbundance,N,,N,,0% of rock fragments,,,"Abundance of rock fragments and artefacts, by volume. See more in Guidelines for Soil Description issued by the FAO: table 26",,,
rockAbundance,F,,F,Few,2%–5% of rock fragments,,,"Abundance of rock fragments and artefacts, by volume. See more in Guidelines for Soil Description issued by the FAO: table 26",,,
rockAbundance,M,,M,Many,15%–40% of rock fragments,,,"Abundance of rock fragments and artefacts, by volume. See more in Guidelines for Soil Description issued by the FAO: table 26",,,
rockAbundance,A,,A,Abundant,40%–80% of rock fragments,,,"Abundance of rock fragments and artefacts, by volume. See more in Guidelines for Soil Description issued by the FAO: table 26",,,
rockAbundance,S,,S,Stone line,"any content, but concentrated at a distinct depth of a horizon",,,"Abundance of rock fragments and artefacts, by volume. See more in Guidelines for Soil Description issued by the FAO: table 26",,,
rockAbundance,V,,V,Very few,0%–2% of rock fragments,,,"Abundance of rock fragments and artefacts, by volume. See more in Guidelines for Soil Description issued by the FAO: table 26",,,
sealingThickness,F,,F,Thin,Surface sealing with thickness < 2mm,,,"Surface sealing is used to describe crusts that develop at the soil surface after the topsoil dries out. See more in Guidelines for Soil Description issued by the FAO: 20,1",,,
sealingThickness,N,,N,,No surface sealing,,,"Surface sealing is used to describe crusts that develop at the soil surface after the topsoil dries out. See more in Guidelines for Soil Description issued by the FAO: 20,1",,,
sealingThickness,M,,M,Medium,Surface sealing with thickness  2mm–5mm,,,"Surface sealing is used to describe crusts that develop at the soil surface after the topsoil dries out. See more in Guidelines for Soil Description issued by the FAO: 20,1",,,
sealingThickness,V,,V,Very thick,Surface sealing with thickness > 20mm,,,"Surface sealing is used to describe crusts that develop at the soil surface after the topsoil dries out. See more in Guidelines for Soil Description issued by the FAO: 20,1",,,
sealingThickness,C,,C,Thick,Surface sealing with thickness  5mm–20mm,,,"Surface sealing is used to describe crusts that develop at the soil surface after the topsoil dries out. See more in Guidelines for Soil Description issued by the FAO: 20,1",,,
rockOutcropsDistance,3,,3,Between 5m and 20m,Distance between rock outcrops between 5 and 20 m,,,"Recommended classes of percentage of surface cover and of average distance between rock outcrops. See more in Guidelines for Soil Description issued by the FAO: table 14,2",,,
rockOutcropsDistance,5,,5,Less than 2,Distance between rock outcrops is less than 2m: < 2,,,"Recommended classes of percentage of surface cover and of average distance between rock outcrops. See more in Guidelines for Soil Description issued by the FAO: table 14,2",,,
rockOutcropsDistance,1,,1,More than 50m,Distance between rock outcrops is more than 50m: >50m,,,"Recommended classes of percentage of surface cover and of average distance between rock outcrops. See more in Guidelines for Soil Description issued by the FAO: table 14,2",,,
rockOutcropsDistance,2,,2,Between 20m and 50m,Distance between rock outcrops between 20 and 50 m,,,"Recommended classes of percentage of surface cover and of average distance between rock outcrops. See more in Guidelines for Soil Description issued by the FAO: table 14,2",,,
rockOutcropsDistance,4,,4,Between 2m and 5m,Distance between rock outcrops between 2 and 5 m,,,"Recommended classes of percentage of surface cover and of average distance between rock outcrops. See more in Guidelines for Soil Description issued by the FAO: table 14,2",,,
fragmentsClass,FGF3,,FGF3,FragmentsGravimetricFraction03,Horizon layer property of Coarse fragments - gravimetric fraction 03,,,Horizon properties encountered in a global data compilation programme. See more in ISRIC Report 2019/01: Tier 1 and Tier 2 data in the context of the federated Global Soil Information System. Appendix 3,,,
fragmentsClass,FVE,,FVE,FragmentsVolumetricEstimate,"Horizon layer property of Coarse fragments - volumetric total, field estimated ",,,Horizon properties encountered in a global data compilation programme. See more in ISRIC Report 2019/01: Tier 1 and Tier 2 data in the context of the federated Global Soil Information System. Appendix 3,,,
fragmentsClass,FV2,,FV2,FragmentsVolumetric02,Horizon layer property of Coarse fragments - volumetric fraction 02,,,Horizon properties encountered in a global data compilation programme. See more in ISRIC Report 2019/01: Tier 1 and Tier 2 data in the context of the federated Global Soil Information System. Appendix 3,,,
fragmentsClass,FV3,,FV3,FragmentsVolumetric03,Horizon layer property of Coarse fragments - volumetric fraction 03,,,Horizon properties encountered in a global data compilation programme. See more in ISRIC Report 2019/01: Tier 1 and Tier 2 data in the context of the federated Global Soil Information System. Appendix 3,,,
fragmentsClass,FGT,,FGT,FragmentsGravimetricTotal,Horizon layer property of Coarse fragments - gravimetric total,,,Horizon properties encountered in a global data compilation programme. See more in ISRIC Report 2019/01: Tier 1 and Tier 2 data in the context of the federated Global Soil Information System. Appendix 3,,,
fragmentsClass,FGF2,,FGF2,FragmentsGravimetricFraction02,Horizon layer property of Coarse fragments - gravimetric fraction 02,,,Horizon properties encountered in a global data compilation programme. See more in ISRIC Report 2019/01: Tier 1 and Tier 2 data in the context of the federated Global Soil Information System. Appendix 3,,,
fragmentsClass,FGF1,,FGF1,FragmentsGravimetricFraction01,Horizon layer property of Coarse fragments - gravimetric fraction 01,,,Horizon properties encountered in a global data compilation programme. See more in ISRIC Report 2019/01: Tier 1 and Tier 2 data in the context of the federated Global Soil Information System. Appendix 3,,,
fragmentsClass,FV1,,FV1,FragmentsVolumetric01,Horizon layer property of Coarse fragments - volumetric fraction 01,,,Horizon properties encountered in a global data compilation programme. See more in ISRIC Report 2019/01: Tier 1 and Tier 2 data in the context of the federated Global Soil Information System. Appendix 3,,,
fragmentsClass,FGF4,,FGF4,FragmentsGravimetricFraction04,Horizon layer property of Coarse fragments - gravimetric fraction 04,,,Horizon properties encountered in a global data compilation programme. See more in ISRIC Report 2019/01: Tier 1 and Tier 2 data in the context of the federated Global Soil Information System. Appendix 3,,,
fragmentsClass,FVT,,FVT,FragmentsVolumetricTotal,Horizon layer property of Coarse fragments - volumetric total,,,Horizon properties encountered in a global data compilation programme. See more in ISRIC Report 2019/01: Tier 1 and Tier 2 data in the context of the federated Global Soil Information System. Appendix 3,,,
peatDrainage,DC4,,DC4,Well drained,Well drained peat material,,,"Bulk density and volume of solids of organic soils may be estimated after the decomposition stage or the extent of peat drainage. More information is in the guidelines for Soil Description issued by the FAO: table 59,1",,,
peatDrainage,DC3,,DC3,Moderately drained,Moderately drained peat material,,,"Bulk density and volume of solids of organic soils may be estimated after the decomposition stage or the extent of peat drainage. More information is in the guidelines for Soil Description issued by the FAO: table 59,1",,,
peatDrainage,DC2,,DC2,Weakly drained,Weakly drained peat material,,,"Bulk density and volume of solids of organic soils may be estimated after the decomposition stage or the extent of peat drainage. More information is in the guidelines for Soil Description issued by the FAO: table 59,1",,,
peatDrainage,DC1,,DC1,Undrained,Undrained peat material,,,"Bulk density and volume of solids of organic soils may be estimated after the decomposition stage or the extent of peat drainage. More information is in the guidelines for Soil Description issued by the FAO: table 59,1",,,
cementationNature,Q,,Q,Silica,Primary cementing material containing Silica,,,Classification of the nature of cementation/compaction. See more in Guidelines for Soil Description issued by the FAO: table 71,,,
cementationNature,CS,,CS,Clay–sesquioxides,Primary cementing material containing Clay–sesquioxides,,,Classification of the nature of cementation/compaction. See more in Guidelines for Soil Description issued by the FAO: table 71,,,
cementationNature,C,,C,Clay,Primary cementing material containing Clay,,,Classification of the nature of cementation/compaction. See more in Guidelines for Soil Description issued by the FAO: table 71,,,
cementationNature,F,,F,Iron,Primary cementing material containing Iron,,,Classification of the nature of cementation/compaction. See more in Guidelines for Soil Description issued by the FAO: table 71,,,
cementationNature,I,,I,Ice,Primary cementing material containing Ice,,,Classification of the nature of cementation/compaction. See more in Guidelines for Soil Description issued by the FAO: table 71,,,
cementationNature,GY,,GY,Gypsum,Primary cementing material containing Gypsum,,,Classification of the nature of cementation/compaction. See more in Guidelines for Soil Description issued by the FAO: table 71,,,
cementationNature,FO,,FO,Iron–organic matter,Primary cementing material containing Iron–organic matter,,,Classification of the nature of cementation/compaction. See more in Guidelines for Soil Description issued by the FAO: table 71,,,
cementationNature,FM,,FM,Iron–manganese (sesquioxides),Primary cementing material containing Iron–manganese (sesquioxides),,,Classification of the nature of cementation/compaction. See more in Guidelines for Soil Description issued by the FAO: table 71,,,
cementationNature,NK,,NK,Not known,Primary cementing material containing Not known contents,,,Classification of the nature of cementation/compaction. See more in Guidelines for Soil Description issued by the FAO: table 71,,,
cementationNature,P,,P,Ploughing,Primary cementing material containing Ploughing,,,Classification of the nature of cementation/compaction. See more in Guidelines for Soil Description issued by the FAO: table 71,,,
cementationNature,K,,K,Carbonates,Primary cementing material containing Carbonates,,,Classification of the nature of cementation/compaction. See more in Guidelines for Soil Description issued by the FAO: table 71,,,
cementationNature,KQ,,KQ,Carbonates–silica,Primary cementing material containing Carbonates–silica,,,Classification of the nature of cementation/compaction. See more in Guidelines for Soil Description issued by the FAO: table 71,,,
cementationNature,M,,M,Mechanical,Primary cementing material containing Mechanical,,,Classification of the nature of cementation/compaction. See more in Guidelines for Soil Description issued by the FAO: table 71,,,
mineralConcHardness,S,,S,Soft,Can be broken between forefinger and thumb nail,,,Classification of the hardness of mineral concentrations. More in the Guidelines for Soil Description issued by the FAO: table 76,,,
mineralConcHardness,B,,B,Both hard and soft.,Both hard and soft.,,,Classification of the hardness of mineral concentrations. More in the Guidelines for Soil Description issued by the FAO: table 76,,,
mineralConcHardness,H,,H,Hard,Cannot be broken in the fingers.,,,Classification of the hardness of mineral concentrations. More in the Guidelines for Soil Description issued by the FAO: table 76,,,
poresAbundance,F,,F,Few,"“< 2 mm (number)20–50, > 2 mm (number) 2–5“",,,Classification of abundance of pores. See more in Guidelines for Soil Description issued by the FAO: table 63,,,
poresAbundance,N,,N,,"“< 2 mm (number)0, > 2 mm (number)0“",,,Classification of abundance of pores. See more in Guidelines for Soil Description issued by the FAO: table 63,,,
poresAbundance,V,,V,Very few,"“< 2 mm (number)1–20, > 2 mm (number)1–2“",,,Classification of abundance of pores. See more in Guidelines for Soil Description issued by the FAO: table 63,,,
poresAbundance,M,,M,Many,"“< 2 mm (number)> 200, > 2 mm (number)> 20”",,,Classification of abundance of pores. See more in Guidelines for Soil Description issued by the FAO: table 63,,,
poresAbundance,C,,C,Common,"“< 2 mm (number)50–200, > 2 mm (number)5–20”",,,Classification of abundance of pores. See more in Guidelines for Soil Description issued by the FAO: table 63,,,
consistenceMoist,LO,,LO,Loose,Non-coherent.,,,"Guidelines for Soil Description issued by the FAO: table 54,Consistence when moist is determined by attempting to crush a mass of moist or slightly moist soil material. See more in Guidelines for Soil Description issued by the FAO: table 54",,,
consistenceMoist,EFI,,EFI,Extremely firm,"“Soil material crushes only under very strong pressure,  cannot be crushed between thumb and forefinger.“",,,"Guidelines for Soil Description issued by the FAO: table 54,Consistence when moist is determined by attempting to crush a mass of moist or slightly moist soil material. See more in Guidelines for Soil Description issued by the FAO: table 54",,,
consistenceMoist,FI,,FI,Firm,"Soil material crushes under moderate pressure between thumb and forefinger, but resistance is distinctly noticeable.",,,"Guidelines for Soil Description issued by the FAO: table 54,Consistence when moist is determined by attempting to crush a mass of moist or slightly moist soil material. See more in Guidelines for Soil Description issued by the FAO: table 54",,,
consistenceMoist,VFR,,VFR,Very friable,"Soil material crushes under very gentle pressure, but coheres when pressed together.",,,"Guidelines for Soil Description issued by the FAO: table 54,Consistence when moist is determined by attempting to crush a mass of moist or slightly moist soil material. See more in Guidelines for Soil Description issued by the FAO: table 54",,,
consistenceMoist,VFI,,VFI,Very firm,"“Soil material crushes under strong pressures,  barely crushable between thumb and forefinger.”",,,"Guidelines for Soil Description issued by the FAO: table 54,Consistence when moist is determined by attempting to crush a mass of moist or slightly moist soil material. See more in Guidelines for Soil Description issued by the FAO: table 54",,,
consistenceMoist,FR,,FR,Friable,"Soil material crushes easily under gentle to moderate pressure between thumb and forefinger, and coheres when pressed together.",,,"Guidelines for Soil Description issued by the FAO: table 54,Consistence when moist is determined by attempting to crush a mass of moist or slightly moist soil material. See more in Guidelines for Soil Description issued by the FAO: table 54",,,
mineralFragments,QU,,QU,Quartz,Rocks with primary mineral containing Quartz,,,Codes for primary mineral fragments. See more in Guidelines for Soil Description issued by the FAO: table 30,,,
mineralFragments,FE,,FE,Feldspar,Rocks with primary mineral containing Feldspar,,,Codes for primary mineral fragments. See more in Guidelines for Soil Description issued by the FAO: table 30,,,
mineralFragments,MI,,MI,Mica,Rocks with primary mineral containing Mica,,,Codes for primary mineral fragments. See more in Guidelines for Soil Description issued by the FAO: table 30,,,
boundaryTopography,W,,W,Wavy,Pockets less deep than wide,,,"Classification of horizon boundaries by topography. See more in Guidelines for Soil Description issued by the FAO: table 24,2",,,
boundaryTopography,I,,I,Irregular,Pockets more deep than wide,,,"Classification of horizon boundaries by topography. See more in Guidelines for Soil Description issued by the FAO: table 24,2",,,
boundaryTopography,B,,B,Broken,Discontinuous,,,"Classification of horizon boundaries by topography. See more in Guidelines for Soil Description issued by the FAO: table 24,2",,,
boundaryTopography,S,,S,Smooth,Nearly plane surface,,,"Classification of horizon boundaries by topography. See more in Guidelines for Soil Description issued by the FAO: table 24,2",,,
erosionTotalAreaAffected,4,,4,Between 25% and 50%,The total percentage of area affected by erosion is between 25 to 50,,,"The total area affected by erosion and deposition is estimated following the classes defined by SOTER (FAO, 1995). See more in the Guidelines for Soil Description issued by the FAO: table 17",,,
erosionTotalAreaAffected,0,,0,Zero,The total area affected by erosion is zero,,,"The total area affected by erosion and deposition is estimated following the classes defined by SOTER (FAO, 1995). See more in the Guidelines for Soil Description issued by the FAO: table 17",,,
erosionTotalAreaAffected,2,,2,Between 5% and 10%,The total percentage of area affected by erosion is between 5 - 10,,,"The total area affected by erosion and deposition is estimated following the classes defined by SOTER (FAO, 1995). See more in the Guidelines for Soil Description issued by the FAO: table 17",,,
erosionTotalAreaAffected,1,,1,Between 0% and 5%,The total percentage of area affected by erosion is between 0 to 5,,,"The total area affected by erosion and deposition is estimated following the classes defined by SOTER (FAO, 1995). See more in the Guidelines for Soil Description issued by the FAO: table 17",,,
erosionTotalAreaAffected,5,,5,More than 50%,The total percentage of area affected by erosion is more than 50: >50%,,,"The total area affected by erosion and deposition is estimated following the classes defined by SOTER (FAO, 1995). See more in the Guidelines for Soil Description issued by the FAO: table 17",,,
erosionTotalAreaAffected,3,,3,Between 10% and 25%,The total percentage of area affected by erosion is between 10 to 25,,,"The total area affected by erosion and deposition is estimated following the classes defined by SOTER (FAO, 1995). See more in the Guidelines for Soil Description issued by the FAO: table 17",,,
erosionActivityPeriod,N,,N,Period of activity not known,Period of activity not known,,,The period of activity of accelerated erosion or deposition is described using the recommended classes. See more in Guidelines for Soil Description issued by the FAO: table 19,,,
erosionActivityPeriod,X,,X,Accelerated and natural erosion not distinguished,Accelerated and natural erosion not distinguished,,,The period of activity of accelerated erosion or deposition is described using the recommended classes. See more in Guidelines for Soil Description issued by the FAO: table 19,,,
erosionActivityPeriod,A,,A,Active at present,Active at present,,,The period of activity of accelerated erosion or deposition is described using the recommended classes. See more in Guidelines for Soil Description issued by the FAO: table 19,,,
erosionActivityPeriod,H,,H,Active in historical times,Active in historical times,,,The period of activity of accelerated erosion or deposition is described using the recommended classes. See more in Guidelines for Soil Description issued by the FAO: table 19,,,
erosionActivityPeriod,R,,R,Active in recent past,Active in recent past (previous 50–100 years),,,The period of activity of accelerated erosion or deposition is described using the recommended classes. See more in Guidelines for Soil Description issued by the FAO: table 19,,,
mineralConcVolume,C,,C,Common,Having mineral concentarion volume of 5–15%,,,"The mineral concentrations are described according to their abundance, kind, size, shape, hardness, nature and colour. See more onGuidelines for Soil Description issued by the FAO: table 73",,,
mineralConcVolume,F,,F,Few,Having mineral concentarion volume of 2–5%,,,"The mineral concentrations are described according to their abundance, kind, size, shape, hardness, nature and colour. See more onGuidelines for Soil Description issued by the FAO: table 73",,,
mineralConcVolume,V,,V,Very few,Having mineral concentarion volume of 0–2%,,,"The mineral concentrations are described according to their abundance, kind, size, shape, hardness, nature and colour. See more onGuidelines for Soil Description issued by the FAO: table 73",,,
mineralConcVolume,N,,N,,Having 0 mineral concentarion volume,,,"The mineral concentrations are described according to their abundance, kind, size, shape, hardness, nature and colour. See more onGuidelines for Soil Description issued by the FAO: table 73",,,
mineralConcVolume,M,,M,Many,Having mineral concentarion volume of 15–40%,,,"The mineral concentrations are described according to their abundance, kind, size, shape, hardness, nature and colour. See more onGuidelines for Soil Description issued by the FAO: table 73",,,
mineralConcVolume,A,,A,Abundant,Having mineral concentarion volume of 40–80%,,,"The mineral concentrations are described according to their abundance, kind, size, shape, hardness, nature and colour. See more onGuidelines for Soil Description issued by the FAO: table 73",,,
mineralConcVolume,D,,D,Dominant,Having mineral concentarion volume of more than 80%,,,"The mineral concentrations are described according to their abundance, kind, size, shape, hardness, nature and colour. See more onGuidelines for Soil Description issued by the FAO: table 73",,,
erosionDegree,S,,S,Slight,Slight Some evidence of damage to surface horizons. Original biotic functions largely intact.,,,"Classification of erosion, by degree. See more in guidelines for Soil Description issued by the FAO: table 18",,,
erosionDegree,V,,V,Severe,Severe Surface horizons completely removed and subsurface horizons exposed. Original biotic functions largely destroyed.,,,"Classification of erosion, by degree. See more in guidelines for Soil Description issued by the FAO: table 18",,,
erosionDegree,E,,E,Extreme,Extreme Substantial removal of deeper subsurface horizons (badlands). Original biotic functions fully destroyed.,,,"Classification of erosion, by degree. See more in guidelines for Soil Description issued by the FAO: table 18",,,
erosionDegree,M,,M,Moderate,Moderate Clear evidence of removal of surface horizons. Original biotic functions partly destroyed.,,,"Classification of erosion, by degree. See more in guidelines for Soil Description issued by the FAO: table 18",,,
floodFrequency,,,,,,,,"Refers to the statistical analysis of the occurrence of floods at a particular location over a defined time period. It often involves calculating the recurrence intervals or return periods of flood events, which are typically used to understand how often a specific flood magnitude (like a 100-year flood) is likely to occur. Source: Introduction to Flood Frequency Analysis",,,
structureGrade,WM,,WM,Weak to moderate,Weak to moderate,,,"Guidelines for Soil Description issued by the FAO: table 47, Classification of structure of pedal soil materials. See more in Guidelines for Soil Description issued by the FAO: table 47",,,
structureGrade,ST,,ST,Strong,"Aggregates are clearly observable in place and there is a prominent arrangement of natural surfaces of weakness. When disturbed, the soil material separates mainly into entire aggregates. Aggregates surfaces generally differ markedly from aggregate interiors.",,,"Guidelines for Soil Description issued by the FAO: table 47, Classification of structure of pedal soil materials. See more in Guidelines for Soil Description issued by the FAO: table 47",,,
structureGrade,MO,,MO,Moderate,"Aggregates are observable in place and there is a distinct arrangement of natural surfaces of weakness. When disturbed, the soil material breaks into a mixture of many entire aggregates, some broken aggregates, and little material without aggregates faces. Aggregates surfaces generally show distinct differences with the aggregates interiors.",,,"Guidelines for Soil Description issued by the FAO: table 47, Classification of structure of pedal soil materials. See more in Guidelines for Soil Description issued by the FAO: table 47",,,
structureGrade,MS,,MS,Moderate to strong,Moderate to strong,,,"Guidelines for Soil Description issued by the FAO: table 47, Classification of structure of pedal soil materials. See more in Guidelines for Soil Description issued by the FAO: table 47",,,
structureGrade,WE,,WE,Weak,"Aggregates are barely observable in place and there is only a weak arrangement of natural surfaces of weakness. When gently disturbed, the soil material breaks into a mixture of few entire aggregates, many broken aggregates, and much material without aggregate faces. Aggregate surfaces differ in some way from the aggregate interior.",,,"Guidelines for Soil Description issued by the FAO: table 47, Classification of structure of pedal soil materials. See more in Guidelines for Soil Description issued by the FAO: table 47",,,
mineralConcNature,KQ,,KQ,Carbonates–silica,Nature of mineral concentration with Carbonates–silica,,,Mineral concentrations are described according to the composition or impregnating substance.See more in Guidelines for Soil Description issued by the FAO: 77,,,
mineralConcNature,FM,,FM,Iron–manganese (sesquioxides),Nature of mineral concentration with Iron–manganese (sesquioxides),,,Mineral concentrations are described according to the composition or impregnating substance.See more in Guidelines for Soil Description issued by the FAO: 77,,,
mineralConcNature,F,,F,Iron (ferruginous),Nature of mineral concentration with Iron (ferruginous),,,Mineral concentrations are described according to the composition or impregnating substance.See more in Guidelines for Soil Description issued by the FAO: 77,,,
mineralConcNature,NK,,NK,Not known,Nature of mineral concentration with unknown substances,,,Mineral concentrations are described according to the composition or impregnating substance.See more in Guidelines for Soil Description issued by the FAO: 77,,,
mineralConcNature,SA,,SA,Salt (saline),Nature of mineral concentration with Salt (saline),,,Mineral concentrations are described according to the composition or impregnating substance.See more in Guidelines for Soil Description issued by the FAO: 77,,,
mineralConcNature,S,,S,Sulphur (sulphurous),Nature of mineral concentration with Sulphur (sulphurous),,,Mineral concentrations are described according to the composition or impregnating substance.See more in Guidelines for Soil Description issued by the FAO: 77,,,
mineralConcNature,CS,,CS,Clay–sesquioxides,Nature of mineral concentration with Clay–sesquioxides,,,Mineral concentrations are described according to the composition or impregnating substance.See more in Guidelines for Soil Description issued by the FAO: 77,,,
mineralConcNature,Q,,Q,Silica (siliceous),Nature of mineral concentration with Silica (siliceous),,,Mineral concentrations are described according to the composition or impregnating substance.See more in Guidelines for Soil Description issued by the FAO: 77,,,
mineralConcNature,GB,,GB,Gibbsite,Nature of mineral concentration with Gibbsite,,,Mineral concentrations are described according to the composition or impregnating substance.See more in Guidelines for Soil Description issued by the FAO: 77,,,
mineralConcNature,C,,C,Clay (argillaceous),Nature of mineral concentration with Clay (argillaceous),,,Mineral concentrations are described according to the composition or impregnating substance.See more in Guidelines for Soil Description issued by the FAO: 77,,,
mineralConcNature,M,,M,Manganese (manganiferous),Nature of mineral concentration with Manganese (manganiferous),,,Mineral concentrations are described according to the composition or impregnating substance.See more in Guidelines for Soil Description issued by the FAO: 77,,,
mineralConcNature,K,,K,Carbonates (calcareous),Nature of mineral concentration with Carbonates (calcareous),,,Mineral concentrations are described according to the composition or impregnating substance.See more in Guidelines for Soil Description issued by the FAO: 77,,,
mineralConcNature,GY,,GY,Gypsum (gypsiferous),Nature of mineral concentration with Gypsum (gypsiferous),,,Mineral concentrations are described according to the composition or impregnating substance.See more in Guidelines for Soil Description issued by the FAO: 77,,,
mineralConcNature,JA,,JA,Jarosite,Nature of mineral concentration with Jarosite,,,Mineral concentrations are described according to the composition or impregnating substance.See more in Guidelines for Soil Description issued by the FAO: 77,,,
cementationDegree,N,,N,Non-cemented and non-compacted,Neither cementation nor compaction observed (slakes in water).,,,The classification of the degree of cementation/compaction. See more in Guidelines for Soil Description issued by the FAO: table 72,,,
cementationDegree,I,,I,Indurated,Cemented mass cannot be broken by body weight (75-kg standard soil scientist) (more than 90 percent of soil mass).,,,The classification of the degree of cementation/compaction. See more in Guidelines for Soil Description issued by the FAO: table 72,,,
cementationDegree,Y,,Y,Compacted but non-cemented,Compacted mass is appreciably harder or more brittle than other comparable soil mass (slakes in water).,,,The classification of the degree of cementation/compaction. See more in Guidelines for Soil Description issued by the FAO: table 72,,,
cementationDegree,M,,M,Moderately cemented,Cemented mass cannot be broken in the hands but is discontinuous (less than 90 percent of soil mass).,,,The classification of the degree of cementation/compaction. See more in Guidelines for Soil Description issued by the FAO: table 72,,,
cementationDegree,C,,C,Cemented,Cemented mass cannot be broken in the hands and is continuous (more than 90 percent of soil mass).,,,The classification of the degree of cementation/compaction. See more in Guidelines for Soil Description issued by the FAO: table 72,,,
cementationDegree,W,,W,Weakly cemented,"Cemented mass is brittle and hard, but can be broken in the hands.",,,The classification of the degree of cementation/compaction. See more in Guidelines for Soil Description issued by the FAO: table 72,,,
erosionAreaAffected,5,,5,More than 50%,> 50%,,,Classification of total area affected by erosion and deposition. See more in Guidelines for Soil Description issued by the FAO: table 17,,,
erosionAreaAffected,4,,4,Between 25% and 50%,25-50(%),,,Classification of total area affected by erosion and deposition. See more in Guidelines for Soil Description issued by the FAO: table 17,,,
erosionAreaAffected,2,,2,Between 5% and 10%,5-10(%),,,Classification of total area affected by erosion and deposition. See more in Guidelines for Soil Description issued by the FAO: table 17,,,
erosionAreaAffected,1,,1,Between 0% and 5%,0-5(%),,,Classification of total area affected by erosion and deposition. See more in Guidelines for Soil Description issued by the FAO: table 17,,,
erosionAreaAffected,3,,3,Between 10% and 25%,10-25(%),,,Classification of total area affected by erosion and deposition. See more in Guidelines for Soil Description issued by the FAO: table 17,,,
erosionAreaAffected,0,,0,Zero,0%,,,Classification of total area affected by erosion and deposition. See more in Guidelines for Soil Description issued by the FAO: table 17,,,
slopePathways,VS,,VS,VS,Convex straight slope,,,The slope form refers to the general shape of the slope in both the vertical and horizontal directions. See more in guidelines for Soil Description issued by the FAO: figure 3,,,
slopePathways,SC,,SC,SC,Straight concave slope,,,The slope form refers to the general shape of the slope in both the vertical and horizontal directions. See more in guidelines for Soil Description issued by the FAO: figure 3,,,
slopePathways,VV,,VV,VV,Convex vertical slope,,,The slope form refers to the general shape of the slope in both the vertical and horizontal directions. See more in guidelines for Soil Description issued by the FAO: figure 3,,,
slopePathways,SV,,SV,SV,straight convex slope,,,The slope form refers to the general shape of the slope in both the vertical and horizontal directions. See more in guidelines for Soil Description issued by the FAO: figure 3,,,
slopePathways,CS,,CS,CS,concave stright slope,,,The slope form refers to the general shape of the slope in both the vertical and horizontal directions. See more in guidelines for Soil Description issued by the FAO: figure 3,,,
slopePathways,VC,,VC,VC,Vertical concave slope,,,The slope form refers to the general shape of the slope in both the vertical and horizontal directions. See more in guidelines for Soil Description issued by the FAO: figure 3,,,
slopePathways,CV,,CV,CV,concave vertical slope,,,The slope form refers to the general shape of the slope in both the vertical and horizontal directions. See more in guidelines for Soil Description issued by the FAO: figure 3,,,
slopePathways,SS,,SS,SS,straight slope,,,The slope form refers to the general shape of the slope in both the vertical and horizontal directions. See more in guidelines for Soil Description issued by the FAO: figure 3,,,
slopePathways,CC,,CC,CC,Concave slope,,,The slope form refers to the general shape of the slope in both the vertical and horizontal directions. See more in guidelines for Soil Description issued by the FAO: figure 3,,,
cracksWidth,F,,F,Fine < 1cm,Fine surface crack with width less than 1 cm,,,"Classification of surface cracks based on the width. See more in Guidelines for Soil Description issued by the FAO: table 21,1",,,
cracksWidth,M,,M,Medium 1cm–2cm,Medium surface crack with width 1 - 2 cm,,,"Classification of surface cracks based on the width. See more in Guidelines for Soil Description issued by the FAO: table 21,1",,,
cracksWidth,W,,W,Wide 2cm–5cm,Wide surface crack with width 2 - 5 cm,,,"Classification of surface cracks based on the width. See more in Guidelines for Soil Description issued by the FAO: table 21,1",,,
cracksWidth,V,,V,Very wide 5cm–10cm,Very wide surface crack with width 5cm - 10 cm,,,"Classification of surface cracks based on the width. See more in Guidelines for Soil Description issued by the FAO: table 21,1",,,
cracksWidth,E,,E,Extremely wide > 10cm,Extremely wide surface crack with width more than 10cm,,,"Classification of surface cracks based on the width. See more in Guidelines for Soil Description issued by the FAO: table 21,1",,,
cropClass,Ce_Ba,Ce,Ce_Ba,Barley,Crop code for Barley from Cereal class,,,Examples for the most common crops with their recommended codes. See more in guidelines for Soil Description issued by the FAO: table 9,,,
cropClass,Fr,,Fr,Fruits and melons,Crop code for Fruits and melons class,,,Examples for the most common crops with their recommended codes. See more in guidelines for Soil Description issued by the FAO: table 9,,,
cropClass,Lu_Te,Lu,Lu_Te,Tea,Crop code for Tea from Semi-luxury foods and tobacco class,,,Examples for the most common crops with their recommended codes. See more in guidelines for Soil Description issued by the FAO: table 9,,,
cropClass,Ce_Ri,Ce,Ce_Ra,"Rice, dry",Crop code for Rice(dry) from Cereal class,,,Examples for the most common crops with their recommended codes. See more in guidelines for Soil Description issued by the FAO: table 9,,,
cropClass,Fo_Pu,Fo,Fo_Pu,Pumpkins,Crop code for Pumpkins from Fruits and melons class,,,Examples for the most common crops with their recommended codes. See more in guidelines for Soil Description issued by the FAO: table 9,,,
cropClass,Ro_Po,Ro,Ro_Po,Potatoes,Crop code for Potatoes from Roots and tubers class,,,Examples for the most common crops with their recommended codes. See more in guidelines for Soil Description issued by the FAO: table 9,,,
cropClass,Fr_Me,Fr,Fr_Me,Melons,Crop code for Melons from Fruits and melons class,,,Examples for the most common crops with their recommended codes. See more in guidelines for Soil Description issued by the FAO: table 9,,,
cropClass,Oi_Su,Oi,Oi_Su,Sunflower,Crop code for Sunflower from Oilcrops class,,,Examples for the most common crops with their recommended codes. See more in guidelines for Soil Description issued by the FAO: table 9,,,
cropClass,Ce_Wh,Ce,Ce_Wh,Wheat,Crop code for Wheat from Cereal class,,,Examples for the most common crops with their recommended codes. See more in guidelines for Soil Description issued by the FAO: table 9,,,
cropClass,Lu_Cc,Lu,Lu_Cc,Cocoa,Crop code for Cocoa from Semi-luxury foods and tobacco class,,,Examples for the most common crops with their recommended codes. See more in guidelines for Soil Description issued by the FAO: table 9,,,
cropClass,Ce,,Ce,Cereals,Crop code for Cereals class,,,Examples for the most common crops with their recommended codes. See more in guidelines for Soil Description issued by the FAO: table 9,,,
cropClass,Lu_Co,Lu,Lu_Co,Coffee,Crop code for Coffee from Semi-luxury foods and tobacco class,,,Examples for the most common crops with their recommended codes. See more in guidelines for Soil Description issued by the FAO: table 9,,,
cropClass,Ot_Sc,Ot,Ot_Sc,Sugar cane,Crop code for Sugar cane from other crops class,,,Examples for the most common crops with their recommended codes. See more in guidelines for Soil Description issued by the FAO: table 9,,,
cropClass,Fr_Ma,Fr,Fr_Ma,Mangoes,Crop code for Mangoes from Fruits and melons class,,,Examples for the most common crops with their recommended codes. See more in guidelines for Soil Description issued by the FAO: table 9,,,
cropClass,Pu_Le,Pu,Pu_Le,Lentils,Crop code for Lentils from Pulses class,,,Examples for the most common crops with their recommended codes. See more in guidelines for Soil Description issued by the FAO: table 9,,,
cropClass,Fo_Ma,Fo,Fo_Ma,Maize,Crop code for Maize from Fodder plants class,,,Examples for the most common crops with their recommended codes. See more in guidelines for Soil Description issued by the FAO: table 9,,,
cropClass,Oi_Se,Oi,Oi_Se,Sesame,Crop code for Sesame from Oilcrops class,,,Examples for the most common crops with their recommended codes. See more in guidelines for Soil Description issued by the FAO: table 9,,,
cropClass,Ro_Ca,Ro,Ro_Ca,Cassava,Crop code for Cassava from Roots and tubers class,,,Examples for the most common crops with their recommended codes. See more in guidelines for Soil Description issued by the FAO: table 9,,,
cropClass,Pu_Be,Pu,Pu_Be,Beans,Crop code for Beans from Pulses class,,,Examples for the most common crops with their recommended codes. See more in guidelines for Soil Description issued by the FAO: table 9,,,
cropClass,Fr_Ba,Fr,Fr_Ba,Bananas,Crop code for Bananas from Fruits and melons class,,,Examples for the most common crops with their recommended codes. See more in guidelines for Soil Description issued by the FAO: table 9,,,
cropClass,Ro,,Ro,Roots and tubers,Crop code for Roots and tubers class,,,Examples for the most common crops with their recommended codes. See more in guidelines for Soil Description issued by the FAO: table 9,,,
cropClass,Pu,,Pu,Pulses,Crop code for Pulses class,,,Examples for the most common crops with their recommended codes. See more in guidelines for Soil Description issued by the FAO: table 9,,,
cropClass,Ce_So,Ce,Ce_So,Sorghum,Crop code for Sorghum from Cereals class,,,Examples for the most common crops with their recommended codes. See more in guidelines for Soil Description issued by the FAO: table 9,,,
cropClass,Lu,,Lu,Semi-luxury foods and tobacco,Crop code for Semi-luxury foods and tobacco class,,,Examples for the most common crops with their recommended codes. See more in guidelines for Soil Description issued by the FAO: table 9,,,
cropClass,Ce_Ry,Ce,Ce_Ry,Rye,Crop code for Rye from Cereal class,,,Examples for the most common crops with their recommended codes. See more in guidelines for Soil Description issued by the FAO: table 9,,,
cropClass,Oi_So,Oi,Oi_So,Soybeans,Crop code for Soybeans from Oilcrops class,,,Examples for the most common crops with their recommended codes. See more in guidelines for Soil Description issued by the FAO: table 9,,,
cropClass,Fo_Ha,Fo,Fo_Ha,Hay,Crop code for Hay from Fodder class,,,Examples for the most common crops with their recommended codes. See more in guidelines for Soil Description issued by the FAO: table 9,,,
cropClass,Lu_To,Lu,Lu_To,Tobacco,Crop code for Tobacco from Semi-luxury foods and tobacco class,,,Examples for the most common crops with their recommended codes. See more in guidelines for Soil Description issued by the FAO: table 9,,,
cropClass,Ve,,Ve,Vegetables,Crop code for Vegetables class,,,Examples for the most common crops with their recommended codes. See more in guidelines for Soil Description issued by the FAO: table 9,,,
cropClass,Fo_Le,Fo,Fo_Le,Leguminous,Crop code for Leguminous from fodder plants class,,,Examples for the most common crops with their recommended codes. See more in guidelines for Soil Description issued by the FAO: table 9,,,
cropClass,Fr_Ap,Fr,Fr_Ap,Apples,Crop code for Apples from Fruits and melons class,,,Examples for the most common crops with their recommended codes. See more in guidelines for Soil Description issued by the FAO: table 9,,,
cropClass,Oi_Op,Oi,Oi_Op,Oil-palm,Crop code for Oil-palm from Oilcrops class,,,Examples for the most common crops with their recommended codes. See more in guidelines for Soil Description issued by the FAO: table 9,,,
cropClass,Fi_Ju,Fi,Fi_Ju,Jute,Crop code for Jute from Fiber crops class,,,Examples for the most common crops with their recommended codes. See more in guidelines for Soil Description issued by the FAO: table 9,,,
cropClass,Fr_Ci,Fr,Fr_Ci,Citrus,Crop code for Citrus from Fruits and melons class,,,Examples for the most common crops with their recommended codes. See more in guidelines for Soil Description issued by the FAO: table 9,,,
cropClass,Ol,Oi,Oi_Ol,Olives,Crop code for Olives from Oilcrops class,,,Examples for the most common crops with their recommended codes. See more in guidelines for Soil Description issued by the FAO: table 9,,,
cropClass,Ot_Pa,Ot,Ot_Pa,"Palm (fibres, kernels)","Crop code for Palm (fibres, kernels) from other crops class",,,Examples for the most common crops with their recommended codes. See more in guidelines for Soil Description issued by the FAO: table 9,,,
cropClass,Oi_Li,Oi,Li,Linseed,Crop code for Linseed class,,,Examples for the most common crops with their recommended codes. See more in guidelines for Soil Description issued by the FAO: table 9,,,
cropClass,Oi_Gr,Oi,Oi_Gr,Groundnuts,Crop code for Groundnuts from Oilcrops class,,,Examples for the most common crops with their recommended codes. See more in guidelines for Soil Description issued by the FAO: table 9,,,
cropClass,Fo_Gr,Fo,Fo_Gr,Grasses,Crop code for Grasses from Fodder plants class,,,Examples for the most common crops with their recommended codes. See more in guidelines for Soil Description issued by the FAO: table 9,,,
cropClass,Ot_Ru,Ot,Ot_Ru,Rubber,Crop code for Rubber from Other crops class,,,Examples for the most common crops with their recommended codes. See more in guidelines for Soil Description issued by the FAO: table 9,,,
cropClass,Oi_Cc,Oi,Oi_Cc,Coconuts,Crop code for Coconuts from Oilcrops class,,,Examples for the most common crops with their recommended codes. See more in guidelines for Soil Description issued by the FAO: table 9,,,
cropClass,Ro_Su,Ro,Ro_Su,Sugar beets,Crop code for Sugar beets from Roots and tubers class,,,Examples for the most common crops with their recommended codes. See more in guidelines for Soil Description issued by the FAO: table 9,,,
cropClass,Ce_Mi,Ce,Ce_Mi,Millet,Crop code for Millet from Cereal class,,,Examples for the most common crops with their recommended codes. See more in guidelines for Soil Description issued by the FAO: table 9,,,
cropClass,Fo,,Fo,Fodder plants,Crop code for Fodder plants class,,,Examples for the most common crops with their recommended codes. See more in guidelines for Soil Description issued by the FAO: table 9,,,
cropClass,Fo_Cl,Fo,Fo_Cl,Clover,Crop code for Clover from Fodder class,,,Examples for the most common crops with their recommended codes. See more in guidelines for Soil Description issued by the FAO: table 9,,,
cropClass,Ce_Oa,Ce,Ce_Oa,Oats,Crop code for Oats from Cereals class,,,Examples for the most common crops with their recommended codes. See more in guidelines for Soil Description issued by the FAO: table 9,,,
cropClass,Ce_Pa,Ce,Ce_Pa,"Rice, paddy",Crop code for Rice and paddy from Cereal class,,,Examples for the most common crops with their recommended codes. See more in guidelines for Soil Description issued by the FAO: table 9,,,
cropClass,Fr_Gr,Fr,Fr_Gr,"Grapes, Wine, Raisins","Crop code for Grapes, Wine, Raisins from fruits and melons class",,,Examples for the most common crops with their recommended codes. See more in guidelines for Soil Description issued by the FAO: table 9,,,
cropClass,Fi_Co,Fi,Fi_Co,Cotton,Crop code for Cotton from Fiber crops class,,,Examples for the most common crops with their recommended codes. See more in guidelines for Soil Description issued by the FAO: table 9,,,
cropClass,Fi,,Fi,Fibre crops,Crop code for Fibre crops class,,,Examples for the most common crops with their recommended codes. See more in guidelines for Soil Description issued by the FAO: table 9,,,
cropClass,Ro_Ya,Ro,Ro_Ya,Yams,Crop code for Yams from Roots and tubers class,,,Examples for the most common crops with their recommended codes. See more in guidelines for Soil Description issued by the FAO: table 9,,,
cropClass,Ot,,Ot,Other crops,Crop code for Other crops class,,,Examples for the most common crops with their recommended codes. See more in guidelines for Soil Description issued by the FAO: table 9,,,
cropClass,Oi_Ra,Oi,Oi_Ra,Rape,Crop code for Rape from Oilcrops class,,,Examples for the most common crops with their recommended codes. See more in guidelines for Soil Description issued by the FAO: table 9,,,
cropClass,Oi,,Oi,Oilcrops,Crop code for Oilcrops class,,,Examples for the most common crops with their recommended codes. See more in guidelines for Soil Description issued by the FAO: table 9,,,
cropClass,Ce_Ma,Ce,Ce_Ma,Maize,Crop code for Maize from Cereals class,,,Examples for the most common crops with their recommended codes. See more in guidelines for Soil Description issued by the FAO: table 9,,,
cropClass,Pu_Pe,Pu,Pu_Pe,Peas,Crop code for Peas from Pulses class,,,Examples for the most common crops with their recommended codes. See more in guidelines for Soil Description issued by the FAO: table 9,,,
cropClass,Fo_Al,Fo,Fo_Al,Alfalfa,Crop code for Alfalfa from fodder plants class,,,Examples for the most common crops with their recommended codes. See more in guidelines for Soil Description issued by the FAO: table 9,,,
rockOutcropsCover,M,,M,Many,Rock outcorps of 15–40 % with distance between rockcorps 2–5 m,,,"Recommended classes of percentage of surface cover and of average distance between rock outcrops. See more in Guidelines for Soil Description issued by the FAO: table 14,1",,,
rockOutcropsCover,C,,C,Common,Rock outcorps of 5–15% with distance between rockcorps 5–20 m,,,"Recommended classes of percentage of surface cover and of average distance between rock outcrops. See more in Guidelines for Soil Description issued by the FAO: table 14,1",,,
rockOutcropsCover,V,,V,Very few,Rock outcorps of 0–2 % with distance between rockcorps greater than 50 m,,,"Recommended classes of percentage of surface cover and of average distance between rock outcrops. See more in Guidelines for Soil Description issued by the FAO: table 14,1",,,
rockOutcropsCover,A,,M,Abundant,Rock outcorps of 40–80% with distance between rockcorps less than 2 m,,,"Recommended classes of percentage of surface cover and of average distance between rock outcrops. See more in Guidelines for Soil Description issued by the FAO: table 14,1",,,
rockOutcropsCover,N,,N,,No rock outcorps on surface,,,"Recommended classes of percentage of surface cover and of average distance between rock outcrops. See more in Guidelines for Soil Description issued by the FAO: table 14,1",,,
rockOutcropsCover,F,,F,Few,Rock outcorps of 2–5 % with distance between rockcorps 20–50 m,,,"Recommended classes of percentage of surface cover and of average distance between rock outcrops. See more in Guidelines for Soil Description issued by the FAO: table 14,1",,,
rockOutcropsCover,D,,D,Dominant,Rock outcorps of more than 80%,,,"Recommended classes of percentage of surface cover and of average distance between rock outcrops. See more in Guidelines for Soil Description issued by the FAO: table 14,1",,,
surfaceAge,T,,T,Tertiary land surfaces,"Tertiary land surfaces, commonly high planes, terraces or peneplains, except incised valleys, frequent occurrence of palaeosoils.",,,The age of the landscape is important information from which the possible duration of the occurrence of soil formation processes can be derived. See more in guidelines for Soil Description issued by the FAO: table 13,,,
surfaceAge,oPf,,oPf,"Older Pleistocene, without periglacial influence.","Older Pleistocene, without periglacial influence.",,,The age of the landscape is important information from which the possible duration of the occurrence of soil formation processes can be derived. See more in guidelines for Soil Description issued by the FAO: table 13,,,
surfaceAge,Ha,,Ha,Holocene anthropogeomorphic,"Holocene (100–10 000 years) anthropogeomorphic: human-made relief modifications, such as terracing of forming hills or walls by early civilizations or during the Middle Ages or earlier, restriction of flooding by dykes, or surface raising.",,,The age of the landscape is important information from which the possible duration of the occurrence of soil formation processes can be derived. See more in guidelines for Soil Description issued by the FAO: table 13,,,
surfaceAge,Ya,,Ya,Young anthropogeomorphic,"Young (10–100 years) anthropogeomorphic: with complete disturbance of any natural surfaces (and soils) such as in urban, industrial and mining areas with early soil development from fresh natural, technogenic or a mixture of materials, or restriction of flooding by dykes.",,,The age of the landscape is important information from which the possible duration of the occurrence of soil formation processes can be derived. See more in guidelines for Soil Description issued by the FAO: table 13,,,
surfaceAge,oPp,,oPp,"Older Pleistocene, with periglacial influence","Older Pleistocene, with periglacial influence, commonly the recent soil formation on younger over older, preweathered materials.",,,The age of the landscape is important information from which the possible duration of the occurrence of soil formation processes can be derived. See more in guidelines for Soil Description issued by the FAO: table 13,,,
surfaceAge,Yn,,Yn,Young natural,"Young (10–100 years) natural: with loss by erosion or deposition of materials such as on tidal flats, of coastal dunes, river valleys, landslides or desert areas.",,,The age of the landscape is important information from which the possible duration of the occurrence of soil formation processes can be derived. See more in guidelines for Soil Description issued by the FAO: table 13,,,
surfaceAge,lPi,,lPi,"Late Pleistocene, ice covered","Late Pleistocene, ice covered, commonly recent soil formation on fresh materials.",,,The age of the landscape is important information from which the possible duration of the occurrence of soil formation processes can be derived. See more in guidelines for Soil Description issued by the FAO: table 13,,,
surfaceAge,oPi,,oPi,"Older Pleistocene, ice covered","Older Pleistocene, ice covered, commonly the recent soil formation on younger over older, preweathered materials.",,,The age of the landscape is important information from which the possible duration of the occurrence of soil formation processes can be derived. See more in guidelines for Soil Description issued by the FAO: table 13,,,
surfaceAge,lPp,,lPp,"Late Pleistocene, periglacial","Late Pleistocene, periglacial, commonly recent soil formation on preweathered materials.",,,The age of the landscape is important information from which the possible duration of the occurrence of soil formation processes can be derived. See more in guidelines for Soil Description issued by the FAO: table 13,,,
surfaceAge,O,,O,"Older, pre-Tertiary land surfaces","Older, pre-Tertiary land surfaces, commonly high planes, terraces or peneplains, except incised valleys, frequent occurrence of palaeosoils.",,,The age of the landscape is important information from which the possible duration of the occurrence of soil formation processes can be derived. See more in guidelines for Soil Description issued by the FAO: table 13,,,
surfaceAge,vYa,,vYa,Very young anthropogeomorphic,"Very young (1–10 years) anthropogeomorphic: with complete disturbance of natural surfaces (and soils) such as in urban, industrial and mining areas with very early soil development from fresh natural or technogenic or mixed materials.",,,The age of the landscape is important information from which the possible duration of the occurrence of soil formation processes can be derived. See more in guidelines for Soil Description issued by the FAO: table 13,,,
surfaceAge,vYn,,vYn,Very young natural,"Very young (1–10 years) natural: with loss by erosion or deposition of materials such as on tidal flats, of coastal dunes, in river valleys, landslides or desert areas.",,,The age of the landscape is important information from which the possible duration of the occurrence of soil formation processes can be derived. See more in guidelines for Soil Description issued by the FAO: table 13,,,
surfaceAge,lPf,,lPf,"Late Pleistocene, without periglacial influence.","Late Pleistocene, without periglacial influence.",,,The age of the landscape is important information from which the possible duration of the occurrence of soil formation processes can be derived. See more in guidelines for Soil Description issued by the FAO: table 13,,,
surfaceAge,Hn,,Hn,Holocene natural,"Holocene (100–10 000 years) natural: with loss by erosion or deposition of materials such as on tidal flats, of coastal dunes, in river valleys, landslides or desert areas.",,,The age of the landscape is important information from which the possible duration of the occurrence of soil formation processes can be derived. See more in guidelines for Soil Description issued by the FAO: table 13,,,
rootsAbundance,M,,M,Many,"“< 2 mm (number)> 200, > 2 mm (number)> 20“ ",,,classification of the abundance of roots.. See more in Guidelines for Soil Description issued by the FAO: table 80,,,
rootsAbundance,F,,F,Few,"“< 2 mm (number)20–50, > 2 mm (number) 2–5“",,,classification of the abundance of roots.. See more in Guidelines for Soil Description issued by the FAO: table 80,,,
rootsAbundance,C,,C,Common,"“< 2 mm (number)50–200 , > 2 mm (number)5–20“",,,classification of the abundance of roots.. See more in Guidelines for Soil Description issued by the FAO: table 80,,,
rootsAbundance,V,,V,Very few,"“< 2 mm (number)1–20 , > 2 mm (number)1–2“",,,classification of the abundance of roots.. See more in Guidelines for Soil Description issued by the FAO: table 80,,,
rootsAbundance,N,,N,,"“< 2 mm (number)0, > 2 mm (number)0“",,,classification of the abundance of roots.. See more in Guidelines for Soil Description issued by the FAO: table 80,,,
cementationFabric,Pi,,Pi,Pisolithic,The layer is largely constructed from cemented spherical nodules.,,,Classification of the fabric of the cemented/compacted layer. See more in Guidelines for Soil Description issued by the FAO: table 70,,,
cementationFabric,Pl,,Pl,Platy,The compacted or cemented parts are platelike and have a horizontal or subhorizontal orientation.,,,Classification of the fabric of the cemented/compacted layer. See more in Guidelines for Soil Description issued by the FAO: table 70,,,
cementationFabric,D,,D,Nodular,The layer is largely constructed from cemented nodules or concretions of irregular shape.,,,Classification of the fabric of the cemented/compacted layer. See more in Guidelines for Soil Description issued by the FAO: table 70,,,
cementationFabric,V,,V,Vesicular,"The layer has large, equidimensional voids that may be filled with uncemented material.",,,Classification of the fabric of the cemented/compacted layer. See more in Guidelines for Soil Description issued by the FAO: table 70,,,
saltCover,2,,2,Moderate,Moderate salt content of 15%–40%,,,"The occurrence of salt at the surface may be described in terms of cover, appearance and type of salt. See more in the guidelines for Soil Description issued by the FAO: table 22,1",,,
saltCover,1,,1,Low,Low salt content of 2%–15%,,,"The occurrence of salt at the surface may be described in terms of cover, appearance and type of salt. See more in the guidelines for Soil Description issued by the FAO: table 22,1",,,
saltCover,3,,3,High,High salt content of 40%–80%,,,"The occurrence of salt at the surface may be described in terms of cover, appearance and type of salt. See more in the guidelines for Soil Description issued by the FAO: table 22,1",,,
saltCover,0,,0,,No salt content of 0%–2%,,,"The occurrence of salt at the surface may be described in terms of cover, appearance and type of salt. See more in the guidelines for Soil Description issued by the FAO: table 22,1",,,
saltCover,4,,4,Dominant,Dominant salt content of more than 80%,,,"The occurrence of salt at the surface may be described in terms of cover, appearance and type of salt. See more in the guidelines for Soil Description issued by the FAO: table 22,1",,,
lithology,IU,I,IU,ultrabasic igneous,Hierarchy of lithology from the major class of igneous rock and the group of ultrabasic igneous,,,"In order to be able to work in smaller scales, some additional natural and anthropogenic parent materials are used for the identification of rocks  in the field, the keys to the most important rock types are provided in the hierarchical SOTER list. See more in the guidelines for Soil Description issued by the FAO: table 12",,,
lithology,IP1,IP,IP1,"tuff, tuffite","Hierarchy of lithology from the major class of igneous rock and the group of pyroclastic of type tuff, tuffite",,,"In order to be able to work in smaller scales, some additional natural and anthropogenic parent materials are used for the identification of rocks  in the field, the keys to the most important rock types are provided in the hierarchical SOTER list. See more in the guidelines for Soil Description issued by the FAO: table 12",,,
lithology,IP,I,IP,pyroclastic,Hierarchy of lithology from the major class of igneous rock and the group of pyroclastic,,,"In order to be able to work in smaller scales, some additional natural and anthropogenic parent materials are used for the identification of rocks  in the field, the keys to the most important rock types are provided in the hierarchical SOTER list. See more in the guidelines for Soil Description issued by the FAO: table 12",,,
lithology,UO,U,UO,organic,Hierarchy of lithology from the group of organic,,,"In order to be able to work in smaller scales, some additional natural and anthropogenic parent materials are used for the identification of rocks  in the field, the keys to the most important rock types are provided in the hierarchical SOTER list. See more in the guidelines for Soil Description issued by the FAO: table 12",,,
lithology,UK2,UK,UK2,periglacial solifluction layer,Hierarchy of lithology from the major class of sedimentary rock (unconsolidated) and the group of kryogenic of type periglacial solifluction layer,,,"In order to be able to work in smaller scales, some additional natural and anthropogenic parent materials are used for the identification of rocks  in the field, the keys to the most important rock types are provided in the hierarchical SOTER list. See more in the guidelines for Soil Description issued by the FAO: table 12",,,
lithology,I,,I,igneous rock,Hierarchy of lithology from the major class of igneous rock,,,"In order to be able to work in smaller scales, some additional natural and anthropogenic parent materials are used for the identification of rocks  in the field, the keys to the most important rock types are provided in the hierarchical SOTER list. See more in the guidelines for Soil Description issued by the FAO: table 12",,,
lithology,UE,U,UE,eolian,Hierarchy of lithology from the major class of sedimentary rock (unconsolidated) and the group of eolian,,,"In order to be able to work in smaller scales, some additional natural and anthropogenic parent materials are used for the identification of rocks  in the field, the keys to the most important rock types are provided in the hierarchical SOTER list. See more in the guidelines for Soil Description issued by the FAO: table 12",,,
lithology,SC3,SC,SC3,"silt-, mud-, claystone","Hierarchy of lithology from the major class of sedimentary rock (consolidated) and the group of clastic sediments of type silt-, mud-, claystone",,,"In order to be able to work in smaller scales, some additional natural and anthropogenic parent materials are used for the identification of rocks  in the field, the keys to the most important rock types are provided in the hierarchical SOTER list. See more in the guidelines for Soil Description issued by the FAO: table 12",,,
lithology,UF2,UF,UF2,"clay, silt and loam","Hierarchy of lithology from the major class of sedimentary rock (consolidated) and the group of fluvial of type clay, silt and loam",,,"In order to be able to work in smaller scales, some additional natural and anthropogenic parent materials are used for the identification of rocks  in the field, the keys to the most important rock types are provided in the hierarchical SOTER list. See more in the guidelines for Soil Description issued by the FAO: table 12",,,
lithology,UR,U,UR,weathered residuum,Hierarchy of lithology from the major class of sedimentary rock (unconsolidated) and the group of weathered residuum,,,"In order to be able to work in smaller scales, some additional natural and anthropogenic parent materials are used for the identification of rocks  in the field, the keys to the most important rock types are provided in the hierarchical SOTER list. See more in the guidelines for Soil Description issued by the FAO: table 12",,,
lithology,UU4,UU,UU4,gravelly sand,Hierarchy of lithology from the group of unspecified deposits of type gravelly sand,,,"In order to be able to work in smaller scales, some additional natural and anthropogenic parent materials are used for the identification of rocks  in the field, the keys to the most important rock types are provided in the hierarchical SOTER list. See more in the guidelines for Soil Description issued by the FAO: table 12",,,
lithology,MU,M,MU,ultrabasic metamorphic,Hierarchy of lithology from the major class of metamorphic rock and the group of ultrabasic metamorphic,,,"In order to be able to work in smaller scales, some additional natural and anthropogenic parent materials are used for the identification of rocks  in the field, the keys to the most important rock types are provided in the hierarchical SOTER list. See more in the guidelines for Soil Description issued by the FAO: table 12",,,
lithology,IA2,IA,IA2,grano-diorite,Hierarchy of lithology from the major class of igneous rock and the group of acid igneous of type grano-diorite,,,"In order to be able to work in smaller scales, some additional natural and anthropogenic parent materials are used for the identification of rocks  in the field, the keys to the most important rock types are provided in the hierarchical SOTER list. See more in the guidelines for Soil Description issued by the FAO: table 12",,,
lithology,SC5,SC,SC5,ironstone,Hierarchy of lithology from the major class of sedimentary rock (consolidated)and the group of acid metamorphic of type ironstone,,,"In order to be able to work in smaller scales, some additional natural and anthropogenic parent materials are used for the identification of rocks  in the field, the keys to the most important rock types are provided in the hierarchical SOTER list. See more in the guidelines for Soil Description issued by the FAO: table 12",,,
lithology,UG2,UG,UG2,UG2 glacio-fluvial sand,Hierarchy of lithology from the major class of sedimentary rock (consolidated) and the group of glacial of type glacio-fluvial sand,,,"In order to be able to work in smaller scales, some additional natural and anthropogenic parent materials are used for the identification of rocks  in the field, the keys to the most important rock types are provided in the hierarchical SOTER list. See more in the guidelines for Soil Description issued by the FAO: table 12",,,
lithology,MA,M,MA,acid metamorphic,Hierarchy of lithology from the major class of metamorphic rock and the group of acid metamorphic,,,"In order to be able to work in smaller scales, some additional natural and anthropogenic parent materials are used for the identification of rocks  in the field, the keys to the most important rock types are provided in the hierarchical SOTER list. See more in the guidelines for Soil Description issued by the FAO: table 12",,,
lithology,UG1,UG,UG1,moraine,Hierarchy of lithology from the major class of sedimentary rock (unconsolidated) and the group of glacial of type moraine,,,"In order to be able to work in smaller scales, some additional natural and anthropogenic parent materials are used for the identification of rocks  in the field, the keys to the most important rock types are provided in the hierarchical SOTER list. See more in the guidelines for Soil Description issued by the FAO: table 12",,,
lithology,UM,U,UM,"marine, estuarine","Hierarchy of lithology from the major class of sedimentary rock (consolidated) and the group of marine, estuarine",,,"In order to be able to work in smaller scales, some additional natural and anthropogenic parent materials are used for the identification of rocks  in the field, the keys to the most important rock types are provided in the hierarchical SOTER list. See more in the guidelines for Soil Description issued by the FAO: table 12",,,
lithology,IA1,IA,IA1,diorite,Hierarchy of lithology from the major class of igneous rock and the group of acid igneous of type diorite,,,"In order to be able to work in smaller scales, some additional natural and anthropogenic parent materials are used for the identification of rocks  in the field, the keys to the most important rock types are provided in the hierarchical SOTER list. See more in the guidelines for Soil Description issued by the FAO: table 12",,,
lithology,UU1,UU,UU1,clay,Hierarchy of lithology from the group of unspecified deposits of type clay,,,"In order to be able to work in smaller scales, some additional natural and anthropogenic parent materials are used for the identification of rocks  in the field, the keys to the most important rock types are provided in the hierarchical SOTER list. See more in the guidelines for Soil Description issued by the FAO: table 12",,,
lithology,MB3,MB,MB3,gneiss rich in Fe–Mg minerals,Hierarchy of lithology from the major class of metamorphic rock and the group of basic metamorphic of type gneiss rich in Fe–Mg minerals,,,"In order to be able to work in smaller scales, some additional natural and anthropogenic parent materials are used for the identification of rocks  in the field, the keys to the most important rock types are provided in the hierarchical SOTER list. See more in the guidelines for Soil Description issued by the FAO: table 12",,,
lithology,II1,II,II1,"andesite, trachyte, phonolite","Hierarchy of lithology from the major class of igneous rock and the group of intermediate igneous of type andesite, trachyte, phonolite",,,"In order to be able to work in smaller scales, some additional natural and anthropogenic parent materials are used for the identification of rocks  in the field, the keys to the most important rock types are provided in the hierarchical SOTER list. See more in the guidelines for Soil Description issued by the FAO: table 12",,,
lithology,UA,U,UA,anthropogenic/technogenic,Hierarchy of lithology from the group of anthropogenic/technogenic,,,"In order to be able to work in smaller scales, some additional natural and anthropogenic parent materials are used for the identification of rocks  in the field, the keys to the most important rock types are provided in the hierarchical SOTER list. See more in the guidelines for Soil Description issued by the FAO: table 12",,,
lithology,UC1,UC,UC1,slope deposits,Hierarchy of lithology from the major class of sedimentary rock (consolidated) and the group of colluvial of type slope deposits,,,"In order to be able to work in smaller scales, some additional natural and anthropogenic parent materials are used for the identification of rocks  in the field, the keys to the most important rock types are provided in the hierarchical SOTER list. See more in the guidelines for Soil Description issued by the FAO: table 12",,,
lithology,SO2,SO,SO2,marl and other mixtures,"Hierarchy of lithology from the major class of sedimentary rock (unconsolidated) and the group of carbonatic, organic of type marl and other mixtures",,,"In order to be able to work in smaller scales, some additional natural and anthropogenic parent materials are used for the identification of rocks  in the field, the keys to the most important rock types are provided in the hierarchical SOTER list. See more in the guidelines for Soil Description issued by the FAO: table 12",,,
lithology,UU5,UU,UU5,"gravel, broken rock","Hierarchy of lithology from the group of unspecified deposits of type gravel, broken rock",,,"In order to be able to work in smaller scales, some additional natural and anthropogenic parent materials are used for the identification of rocks  in the field, the keys to the most important rock types are provided in the hierarchical SOTER list. See more in the guidelines for Soil Description issued by the FAO: table 12",,,
lithology,IB1,IB,IB1,gabbro,Hierarchy of lithology from the major class of igneous rock and the group of basic igneous of type gabbro,,,"In order to be able to work in smaller scales, some additional natural and anthropogenic parent materials are used for the identification of rocks  in the field, the keys to the most important rock types are provided in the hierarchical SOTER list. See more in the guidelines for Soil Description issued by the FAO: table 12",,,
lithology,IA,I,IA,acid igneous,Hierarchy of lithology from the major class of igneous rock and the group of acid igneous,,,"In order to be able to work in smaller scales, some additional natural and anthropogenic parent materials are used for the identification of rocks  in the field, the keys to the most important rock types are provided in the hierarchical SOTER list. See more in the guidelines for Soil Description issued by the FAO: table 12",,,
lithology,IA4,IA,IA4,rhyolite,Hierarchy of lithology from the major class of sedimentary rock (unconsolidated) and the group of acid igneous of type rhyolite,,,"In order to be able to work in smaller scales, some additional natural and anthropogenic parent materials are used for the identification of rocks  in the field, the keys to the most important rock types are provided in the hierarchical SOTER list. See more in the guidelines for Soil Description issued by the FAO: table 12",,,
lithology,MB2,MB,MB2,(green)schist,Hierarchy of lithology from the major class of metamorphic rock and the group of acid metamorphic of type (green)schist,,,"In order to be able to work in smaller scales, some additional natural and anthropogenic parent materials are used for the identification of rocks  in the field, the keys to the most important rock types are provided in the hierarchical SOTER list. See more in the guidelines for Soil Description issued by the FAO: table 12",,,
lithology,IU2,IU,IU2,pyroxenite,Hierarchy of lithology from the major class of igneous rock and the group of ultrabasic igneous of type pyroxenite,,,"In order to be able to work in smaller scales, some additional natural and anthropogenic parent materials are used for the identification of rocks  in the field, the keys to the most important rock types are provided in the hierarchical SOTER list. See more in the guidelines for Soil Description issued by the FAO: table 12",,,
lithology,UF1,UF,UF1,sand and gravel,Hierarchy of lithology from the major class of sedimentary rock (unconsolidated) and the group of fluvial of type sand and gravel,,,"In order to be able to work in smaller scales, some additional natural and anthropogenic parent materials are used for the identification of rocks  in the field, the keys to the most important rock types are provided in the hierarchical SOTER list. See more in the guidelines for Soil Description issued by the FAO: table 12",,,
lithology,SC4,SC,SC4,shale,Hierarchy of lithology from the major class of sedimentary rock (consolidated) and the group of clastic sediments of type shale,,,"In order to be able to work in smaller scales, some additional natural and anthropogenic parent materials are used for the identification of rocks  in the field, the keys to the most important rock types are provided in the hierarchical SOTER list. See more in the guidelines for Soil Description issued by the FAO: table 12",,,
lithology,MA3,MA,MA3,"slate, phyllite (pelitic rocks)","Hierarchy of lithology from the major class of metamorphic rock and the group of acid metamorphic of type slate, phyllite (pelitic rocks)",,,"In order to be able to work in smaller scales, some additional natural and anthropogenic parent materials are used for the identification of rocks  in the field, the keys to the most important rock types are provided in the hierarchical SOTER list. See more in the guidelines for Soil Description issued by the FAO: table 12",,,
lithology,UC,U,UC,colluvial,Hierarchy of lithology from the major class of sedimentary rock (unconsolidated) and the group of colluvial,,,"In order to be able to work in smaller scales, some additional natural and anthropogenic parent materials are used for the identification of rocks  in the field, the keys to the most important rock types are provided in the hierarchical SOTER list. See more in the guidelines for Soil Description issued by the FAO: table 12",,,
lithology,UE2,UE,UE2,sand,Hierarchy of lithology from the major class of sedimentary rock (consolidated) and the group of lacustrine of type sand,,,"In order to be able to work in smaller scales, some additional natural and anthropogenic parent materials are used for the identification of rocks  in the field, the keys to the most important rock types are provided in the hierarchical SOTER list. See more in the guidelines for Soil Description issued by the FAO: table 12",,,
lithology,IP2,IP,IP2,volcanic scoria/breccia,Hierarchy of lithology from the major class of igneous rock and the group of pyroclastic of type volcanic scoria/breccia,,,"In order to be able to work in smaller scales, some additional natural and anthropogenic parent materials are used for the identification of rocks  in the field, the keys to the most important rock types are provided in the hierarchical SOTER list. See more in the guidelines for Soil Description issued by the FAO: table 12",,,
lithology,MB,M,MB,basic metamorphic,Hierarchy of lithology from the major class of metamorphic rock and the group of basic metamorphic,,,"In order to be able to work in smaller scales, some additional natural and anthropogenic parent materials are used for the identification of rocks  in the field, the keys to the most important rock types are provided in the hierarchical SOTER list. See more in the guidelines for Soil Description issued by the FAO: table 12",,,
lithology,UE1,UE,UE1,loess,Hierarchy of lithology from the major class of sedimentary rock (consolidated) and the group of eolian of type loess,,,"In order to be able to work in smaller scales, some additional natural and anthropogenic parent materials are used for the identification of rocks  in the field, the keys to the most important rock types are provided in the hierarchical SOTER list. See more in the guidelines for Soil Description issued by the FAO: table 12",,,
lithology,IB3,IB,IB3,dolerite,Hierarchy of lithology from the major class of igneous rock and the group of basic igneous of type dolerite,,,"In order to be able to work in smaller scales, some additional natural and anthropogenic parent materials are used for the identification of rocks  in the field, the keys to the most important rock types are provided in the hierarchical SOTER list. See more in the guidelines for Soil Description issued by the FAO: table 12",,,
lithology,SC2,SC,SC2,"sandstone, greywacke, arkose","Hierarchy of lithology from the major class of sedimentary rock (unconsolidated) and the group of clastic sediments of type sandstone, greywacke, arkose",,,"In order to be able to work in smaller scales, some additional natural and anthropogenic parent materials are used for the identification of rocks  in the field, the keys to the most important rock types are provided in the hierarchical SOTER list. See more in the guidelines for Soil Description issued by the FAO: table 12",,,
lithology,IP4,IP,IP4,ignimbrite,Hierarchy of lithology from the major class of metamorphic rock and the group of acid metamorphic of type ignimbrite,,,"In order to be able to work in smaller scales, some additional natural and anthropogenic parent materials are used for the identification of rocks  in the field, the keys to the most important rock types are provided in the hierarchical SOTER list. See more in the guidelines for Soil Description issued by the FAO: table 12",,,
lithology,IU1,IU,IU1,peridotite,Hierarchy of lithology from the major class of igneous rock and the group of ultrabasic igneous of type peridotite,,,"In order to be able to work in smaller scales, some additional natural and anthropogenic parent materials are used for the identification of rocks  in the field, the keys to the most important rock types are provided in the hierarchical SOTER list. See more in the guidelines for Soil Description issued by the FAO: table 12",,,
lithology,UL,U,UL,lacustrine,Hierarchy of lithology from the major class of sedimentary rock (unconsolidated) and the group of lacustrine,,,"In order to be able to work in smaller scales, some additional natural and anthropogenic parent materials are used for the identification of rocks  in the field, the keys to the most important rock types are provided in the hierarchical SOTER list. See more in the guidelines for Soil Description issued by the FAO: table 12",,,
lithology,MB5,MB,MB5,amphibolite,Hierarchy of lithology from the major class of metamorphic rock and the group of basic metamorphic of type amphibolite,,,"In order to be able to work in smaller scales, some additional natural and anthropogenic parent materials are used for the identification of rocks  in the field, the keys to the most important rock types are provided in the hierarchical SOTER list. See more in the guidelines for Soil Description issued by the FAO: table 12",,,
lithology,MA1,MA,MA1,quartzite,Hierarchy of lithology from the major class of metamorphic rock and the group of acid metamorphic of type quartzite,,,"In order to be able to work in smaller scales, some additional natural and anthropogenic parent materials are used for the identification of rocks  in the field, the keys to the most important rock types are provided in the hierarchical SOTER list. See more in the guidelines for Soil Description issued by the FAO: table 12",,,
lithology,UU3,UU,UU3,sand,Hierarchy of lithology from group of unspecified depositsof type sand,,,"In order to be able to work in smaller scales, some additional natural and anthropogenic parent materials are used for the identification of rocks  in the field, the keys to the most important rock types are provided in the hierarchical SOTER list. See more in the guidelines for Soil Description issued by the FAO: table 12",,,
lithology,UK,U,UK,kryogenic,Hierarchy of lithology from the major class of sedimentary rock (consolidated) and the group of kryogenic,,,"In order to be able to work in smaller scales, some additional natural and anthropogenic parent materials are used for the identification of rocks  in the field, the keys to the most important rock types are provided in the hierarchical SOTER list. See more in the guidelines for Soil Description issued by the FAO: table 12",,,
lithology,UL1,UL,UL1,sand,Hierarchy of lithology from the major class of sedimentary rock (unconsolidated) and the group of lacustrine of type sand,,,"In order to be able to work in smaller scales, some additional natural and anthropogenic parent materials are used for the identification of rocks  in the field, the keys to the most important rock types are provided in the hierarchical SOTER list. See more in the guidelines for Soil Description issued by the FAO: table 12",,,
lithology,UO1,UO,UO1,rainwater-fed moor peat,Hierarchy of lithology from the group of organic of type rainwater-fed moor peat,,,"In order to be able to work in smaller scales, some additional natural and anthropogenic parent materials are used for the identification of rocks  in the field, the keys to the most important rock types are provided in the hierarchical SOTER list. See more in the guidelines for Soil Description issued by the FAO: table 12",,,
lithology,UK1,UK,UK1,periglacial rock debris,Hierarchy of lithology from the major class of sedimentary rock (unconsolidated) and the group of kryogenic of type periglacial rock debris,,,"In order to be able to work in smaller scales, some additional natural and anthropogenic parent materials are used for the identification of rocks  in the field, the keys to the most important rock types are provided in the hierarchical SOTER list. See more in the guidelines for Soil Description issued by the FAO: table 12",,,
lithology,UG3,UG,UG3,UG3 glacio-fluvial gravel,Hierarchy of lithology from the major class of sedimentary rock (unconsolidated) and the group of kryogenic of type glacio-fluvial gravel,,,"In order to be able to work in smaller scales, some additional natural and anthropogenic parent materials are used for the identification of rocks  in the field, the keys to the most important rock types are provided in the hierarchical SOTER list. See more in the guidelines for Soil Description issued by the FAO: table 12",,,
lithology,SO3,SO,SO3,"coals, bitumen and related rocks","Hierarchy of lithology from the major class of sedimentary rock (consolidated) and the group of carbonatic, organic of type coals, bitumen and related rocks",,,"In order to be able to work in smaller scales, some additional natural and anthropogenic parent materials are used for the identification of rocks  in the field, the keys to the most important rock types are provided in the hierarchical SOTER list. See more in the guidelines for Soil Description issued by the FAO: table 12",,,
lithology,UA1,UA,UA1,redeposited natural material,Hierarchy of lithology from the group of anthropogenic/technogenic of type redeposited natural material,,,"In order to be able to work in smaller scales, some additional natural and anthropogenic parent materials are used for the identification of rocks  in the field, the keys to the most important rock types are provided in the hierarchical SOTER list. See more in the guidelines for Soil Description issued by the FAO: table 12",,,
lithology,UO2,UO,UO2,groundwater-fed bog peat,Hierarchy of lithology from the group of organic of type groundwater-fed bog peat,,,"In order to be able to work in smaller scales, some additional natural and anthropogenic parent materials are used for the identification of rocks  in the field, the keys to the most important rock types are provided in the hierarchical SOTER list. See more in the guidelines for Soil Description issued by the FAO: table 12",,,
lithology,UR1,UR,UR1,"bauxite, laterite","Hierarchy of lithology from the major class of sedimentary rock (unconsolidated) and the group of weathered residuum of type bauxite, laterite",,,"In order to be able to work in smaller scales, some additional natural and anthropogenic parent materials are used for the identification of rocks  in the field, the keys to the most important rock types are provided in the hierarchical SOTER list. See more in the guidelines for Soil Description issued by the FAO: table 12",,,
lithology,SE,S,SE,evaporites,Hierarchy of lithology from the major class of sedimentary rock (consolidated) and the group of evaporites,,,"In order to be able to work in smaller scales, some additional natural and anthropogenic parent materials are used for the identification of rocks  in the field, the keys to the most important rock types are provided in the hierarchical SOTER list. See more in the guidelines for Soil Description issued by the FAO: table 12",,,
lithology,SC1,SC,SC1,"conglomerate, breccia","Hierarchy of lithology from the major class of sedimentary rock (consolidated) and the group of clastic sediments of type conglomerate, breccia",,,"In order to be able to work in smaller scales, some additional natural and anthropogenic parent materials are used for the identification of rocks  in the field, the keys to the most important rock types are provided in the hierarchical SOTER list. See more in the guidelines for Soil Description issued by the FAO: table 12",,,
lithology,IA3,IA,IA3,quartz-diorite,Hierarchy of lithology from the major class of igneous rock and the group of acid igneous of type quartz-diorite,,,"In order to be able to work in smaller scales, some additional natural and anthropogenic parent materials are used for the identification of rocks  in the field, the keys to the most important rock types are provided in the hierarchical SOTER list. See more in the guidelines for Soil Description issued by the FAO: table 12",,,
lithology,UM1,UM,UM1,sand,"Hierarchy of lithology from the major class of sedimentary rock (unconsolidated) and the group of marine, estuarine of type sand",,,"In order to be able to work in smaller scales, some additional natural and anthropogenic parent materials are used for the identification of rocks  in the field, the keys to the most important rock types are provided in the hierarchical SOTER list. See more in the guidelines for Soil Description issued by the FAO: table 12",,,
lithology,MB4,MB,MB4,metamorphic limestone (marble),Hierarchy of lithology from the major class of metamorphic rock and the group of basic metamorphic of type metamorphic limestone (marble),,,"In order to be able to work in smaller scales, some additional natural and anthropogenic parent materials are used for the identification of rocks  in the field, the keys to the most important rock types are provided in the hierarchical SOTER list. See more in the guidelines for Soil Description issued by the FAO: table 12",,,
lithology,UM2,UM,UM2,clay and silt,Hierarchy of lithology from the major class of sedimentary rock (consolidated) and the group of marine and estuarine of type clay and silt,,,"In order to be able to work in smaller scales, some additional natural and anthropogenic parent materials are used for the identification of rocks  in the field, the keys to the most important rock types are provided in the hierarchical SOTER list. See more in the guidelines for Soil Description issued by the FAO: table 12",,,
lithology,SE1,SE,SE1,"anhydrite, gypsum","Hierarchy of lithology from the major class of sedimentary rock (consolidated) and the group of acid evaporites of type anhydrite, gypsum",,,"In order to be able to work in smaller scales, some additional natural and anthropogenic parent materials are used for the identification of rocks  in the field, the keys to the most important rock types are provided in the hierarchical SOTER list. See more in the guidelines for Soil Description issued by the FAO: table 12",,,
lithology,SO1,SO,SO1,"limestone, other carbonate rock","Hierarchy of lithology from the major class of sedimentary rock (unconsolidated) and the group of carbonatic, organic of type limestone, other carbonate rock",,,"In order to be able to work in smaller scales, some additional natural and anthropogenic parent materials are used for the identification of rocks  in the field, the keys to the most important rock types are provided in the hierarchical SOTER list. See more in the guidelines for Soil Description issued by the FAO: table 12",,,
lithology,SE2,SE,SE2,halite,Hierarchy of lithology from the major class of sedimentary rock (consolidated) and the group of evaporites of type halite,,,"In order to be able to work in smaller scales, some additional natural and anthropogenic parent materials are used for the identification of rocks  in the field, the keys to the most important rock types are provided in the hierarchical SOTER list. See more in the guidelines for Soil Description issued by the FAO: table 12",,,
lithology,MA2,MA,MA2,"gneiss, migmatite","Hierarchy of lithology from the major class of metamorphic rock and the group of acid metamorphic of type gneiss, migmatite",,,"In order to be able to work in smaller scales, some additional natural and anthropogenic parent materials are used for the identification of rocks  in the field, the keys to the most important rock types are provided in the hierarchical SOTER list. See more in the guidelines for Soil Description issued by the FAO: table 12",,,
lithology,UF,U,UF,fluvial,Hierarchy of lithology from the major class of sedimentary rock (consolidated) and the group of fluvial,,,"In order to be able to work in smaller scales, some additional natural and anthropogenic parent materials are used for the identification of rocks  in the field, the keys to the most important rock types are provided in the hierarchical SOTER list. See more in the guidelines for Soil Description issued by the FAO: table 12",,,
lithology,IP3,IP,IP3,volcanic ash,Hierarchy of lithology from the major class of igneous rock and the group of pyroclastic of type volcanic ash,,,"In order to be able to work in smaller scales, some additional natural and anthropogenic parent materials are used for the identification of rocks  in the field, the keys to the most important rock types are provided in the hierarchical SOTER list. See more in the guidelines for Soil Description issued by the FAO: table 12",,,
lithology,UU2,UU,UU2,loam and silt,Hierarchy of lithology from the group of unspecified deposits of type loam and silt,,,"In order to be able to work in smaller scales, some additional natural and anthropogenic parent materials are used for the identification of rocks  in the field, the keys to the most important rock types are provided in the hierarchical SOTER list. See more in the guidelines for Soil Description issued by the FAO: table 12",,,
lithology,UA2,UA,UA2,industrial/artisanal deposits,Hierarchy of lithology from the group of unspecified deposits of type industrial/artisanal deposits,,,"In order to be able to work in smaller scales, some additional natural and anthropogenic parent materials are used for the identification of rocks  in the field, the keys to the most important rock types are provided in the hierarchical SOTER list. See more in the guidelines for Soil Description issued by the FAO: table 12",,,
lithology,UU,U,UU,unspecified deposits,Hierarchy of lithology from the group of unspecified deposits,,,"In order to be able to work in smaller scales, some additional natural and anthropogenic parent materials are used for the identification of rocks  in the field, the keys to the most important rock types are provided in the hierarchical SOTER list. See more in the guidelines for Soil Description issued by the FAO: table 12",,,
lithology,MB1,MB,MB1,"slate, phyllite (pelitic rocks)","Hierarchy of lithology from the major class of metamorphic rock and the group of acid metamorphic of type slate, phyllite (pelitic rocks)",,,"In order to be able to work in smaller scales, some additional natural and anthropogenic parent materials are used for the identification of rocks  in the field, the keys to the most important rock types are provided in the hierarchical SOTER list. See more in the guidelines for Soil Description issued by the FAO: table 12",,,
lithology,UG,U,UG,glacial,Hierarchy of lithology from the major class of sedimentary rock (unconsolidated) and the group of glacial,,,"In order to be able to work in smaller scales, some additional natural and anthropogenic parent materials are used for the identification of rocks  in the field, the keys to the most important rock types are provided in the hierarchical SOTER list. See more in the guidelines for Soil Description issued by the FAO: table 12",,,
lithology,SC,S,SC,clastic sediments,Hierarchy of lithology from the major class of sedimentary rock (consolidated) and the group of clastic sediments,,,"In order to be able to work in smaller scales, some additional natural and anthropogenic parent materials are used for the identification of rocks  in the field, the keys to the most important rock types are provided in the hierarchical SOTER list. See more in the guidelines for Soil Description issued by the FAO: table 12",,,
lithology,II,I,II,intermediate igneous,Hierarchy of lithology from the major class of igneous rock and the group of intermediate igneous,,,"In order to be able to work in smaller scales, some additional natural and anthropogenic parent materials are used for the identification of rocks  in the field, the keys to the most important rock types are provided in the hierarchical SOTER list. See more in the guidelines for Soil Description issued by the FAO: table 12",,,
lithology,U,,U,sedimentary rock (unconsolidated),Hierarchy of lithology from the major class of sedimentary rock (unconsolidated),,,"In order to be able to work in smaller scales, some additional natural and anthropogenic parent materials are used for the identification of rocks  in the field, the keys to the most important rock types are provided in the hierarchical SOTER list. See more in the guidelines for Soil Description issued by the FAO: table 12",,,
lithology,MU1,MU,MU1,"serpentinite, greenstone","Hierarchy of lithology from the major class of metamorphic rock and the group of ultrabasic metamorphic of type serpentinite, greenstone",,,"In order to be able to work in smaller scales, some additional natural and anthropogenic parent materials are used for the identification of rocks  in the field, the keys to the most important rock types are provided in the hierarchical SOTER list. See more in the guidelines for Soil Description issued by the FAO: table 12",,,
lithology,UL2,UL,UL2,silt and clay,Hierarchy of lithology from the major class of sedimentary rock (unconsolidated) and the group of lacustrine of type silt and clay,,,"In order to be able to work in smaller scales, some additional natural and anthropogenic parent materials are used for the identification of rocks  in the field, the keys to the most important rock types are provided in the hierarchical SOTER list. See more in the guidelines for Soil Description issued by the FAO: table 12",,,
lithology,IB2,IB,IB2,basalt,Hierarchy of lithology from the major class of igneous rock and the group of basic igneous of type basalt,,,"In order to be able to work in smaller scales, some additional natural and anthropogenic parent materials are used for the identification of rocks  in the field, the keys to the most important rock types are provided in the hierarchical SOTER list. See more in the guidelines for Soil Description issued by the FAO: table 12",,,
lithology,IU3,IU,IU3,"ilmenite, magnetite, ironstone, serpentine","Hierarchy of lithology from the major class of igneous rock and the group of ultrabasic igneous of type ilmenite, magnetite, ironstone, serpentine",,,"In order to be able to work in smaller scales, some additional natural and anthropogenic parent materials are used for the identification of rocks  in the field, the keys to the most important rock types are provided in the hierarchical SOTER list. See more in the guidelines for Soil Description issued by the FAO: table 12",,,
lithology,S,,S,sedimentary rock (consolidated),Hierarchy of lithology from the major class of sedimentary rock (consolidated),,,"In order to be able to work in smaller scales, some additional natural and anthropogenic parent materials are used for the identification of rocks  in the field, the keys to the most important rock types are provided in the hierarchical SOTER list. See more in the guidelines for Soil Description issued by the FAO: table 12",,,
lithology,UC2,UC,UC2,lahar,Hierarchy of lithology from the major class of sedimentary rock (consolidated) and the group of colluvial of type lahar,,,"In order to be able to work in smaller scales, some additional natural and anthropogenic parent materials are used for the identification of rocks  in the field, the keys to the most important rock types are provided in the hierarchical SOTER list. See more in the guidelines for Soil Description issued by the FAO: table 12",,,
lithology,IB,I,IB,basic igneous,Hierarchy of lithology from the major class of igneous rock and the group of basic igneous,,,"In order to be able to work in smaller scales, some additional natural and anthropogenic parent materials are used for the identification of rocks  in the field, the keys to the most important rock types are provided in the hierarchical SOTER list. See more in the guidelines for Soil Description issued by the FAO: table 12",,,
lithology,MA4,MA,MA4,schist,Hierarchy of lithology from the major class of metamorphic rock and the group of acid metamorphic of type schist,,,"In order to be able to work in smaller scales, some additional natural and anthropogenic parent materials are used for the identification of rocks  in the field, the keys to the most important rock types are provided in the hierarchical SOTER list. See more in the guidelines for Soil Description issued by the FAO: table 12",,,
lithology,MB6,MB,MB6,eclogite,Hierarchy of lithology from the major class of metamorphic rock and the group of basic metamorphic of type eclogite,,,"In order to be able to work in smaller scales, some additional natural and anthropogenic parent materials are used for the identification of rocks  in the field, the keys to the most important rock types are provided in the hierarchical SOTER list. See more in the guidelines for Soil Description issued by the FAO: table 12",,,
lithology,II2,II,II2,diorite-syenite,Hierarchy of lithology from the major class of igneous rock and the group of intermediate igneous of type diorite-syenite,,,"In order to be able to work in smaller scales, some additional natural and anthropogenic parent materials are used for the identification of rocks  in the field, the keys to the most important rock types are provided in the hierarchical SOTER list. See more in the guidelines for Soil Description issued by the FAO: table 12",,,
lithology,M,,M,metamorphic rock,Hierarchy of lithology from the major class of metamorphic rock,,,"In order to be able to work in smaller scales, some additional natural and anthropogenic parent materials are used for the identification of rocks  in the field, the keys to the most important rock types are provided in the hierarchical SOTER list. See more in the guidelines for Soil Description issued by the FAO: table 12",,,
lithology,SO,S,SO,"carbonatic, organic","Hierarchy of lithology from the major class of sedimentary rock (unconsolidated) and the group of carbonatic, organic",,,"In order to be able to work in smaller scales, some additional natural and anthropogenic parent materials are used for the identification of rocks  in the field, the keys to the most important rock types are provided in the hierarchical SOTER list. See more in the guidelines for Soil Description issued by the FAO: table 12",,,
peatVolume,SV2,,SV2,Between 3% and 5%,Solid Volume of percentage of 3 - 5 %,,,"Field estimation of volume of solids and bulk density of peat soils. See more in Guidelines for Soil Description issued by the FAO: table 59,2",,,
peatVolume,SV5,,SV5,More than or equal to 12 %,Solid Volume of percentage more than or equal to 12 %: ≥ 12%,,,"Field estimation of volume of solids and bulk density of peat soils. See more in Guidelines for Soil Description issued by the FAO: table 59,2",,,
peatVolume,SV1,,SV1,Less than 3%,Solid Volume of percentage less than 3%: < 3%,,,"Field estimation of volume of solids and bulk density of peat soils. See more in Guidelines for Soil Description issued by the FAO: table 59,2",,,
peatVolume,SV3,,SV3,Between 5% and 8%,Solid Volume of percentage of 5 - 8%,,,"Field estimation of volume of solids and bulk density of peat soils. See more in Guidelines for Soil Description issued by the FAO: table 59,2",,,
peatVolume,SV4,,SV4,Between 8% and 12%,Solid Volume of percentage of 8 to 12%,,,"Field estimation of volume of solids and bulk density of peat soils. See more in Guidelines for Soil Description issued by the FAO: table 59,2",,,
boundaryDistinctness,C,,C,Clear,2cm–5cm,,,The distinctness of the boundary refers to the thickness of the zone in which the horizon boundary can be located without being in one of the adjacent horizons. See more in the  Guidelines for Soil Description issued by the FAO: table 24.1,,,
boundaryDistinctness,D,,D,Diffuse,> 15cm,,,The distinctness of the boundary refers to the thickness of the zone in which the horizon boundary can be located without being in one of the adjacent horizons. See more in the  Guidelines for Soil Description issued by the FAO: table 24.1,,,
boundaryDistinctness,A,,A,Abrupt,0cm–2cm,,,The distinctness of the boundary refers to the thickness of the zone in which the horizon boundary can be located without being in one of the adjacent horizons. See more in the  Guidelines for Soil Description issued by the FAO: table 24.1,,,
boundaryDistinctness,G,,G,Gradual,5cm–15cm,,,The distinctness of the boundary refers to the thickness of the zone in which the horizon boundary can be located without being in one of the adjacent horizons. See more in the  Guidelines for Soil Description issued by the FAO: table 24.1,,,
mottlesAbundance,N,,N,,The muttle abundance is zero,,,The abundance of mottles is described in terms of classes indicating the percentage of the exposed surface that the mottles occupy. See more in the Guidelines for Soil Description issued by the FAO: table 32,,,
mottlesAbundance,M,,M,Many,Muttle abundance of 15–40%,,,The abundance of mottles is described in terms of classes indicating the percentage of the exposed surface that the mottles occupy. See more in the Guidelines for Soil Description issued by the FAO: table 32,,,
mottlesAbundance,C,,C,Common,Commonly found muttle abundance of 5–15%,,,The abundance of mottles is described in terms of classes indicating the percentage of the exposed surface that the mottles occupy. See more in the Guidelines for Soil Description issued by the FAO: table 32,,,
mottlesAbundance,V,,V,Very few,Very few muttle abundace of 0–2 %,,,The abundance of mottles is described in terms of classes indicating the percentage of the exposed surface that the mottles occupy. See more in the Guidelines for Soil Description issued by the FAO: table 32,,,
mottlesAbundance,A,,A,Abundant,The muttle abundance is more than 40%,,,The abundance of mottles is described in terms of classes indicating the percentage of the exposed surface that the mottles occupy. See more in the Guidelines for Soil Description issued by the FAO: table 32,,,
mottlesAbundance,F,,F,Few,Fewer muttle abundace with 2–5 %,,,The abundance of mottles is described in terms of classes indicating the percentage of the exposed surface that the mottles occupy. See more in the Guidelines for Soil Description issued by the FAO: table 32,,,
textureUnconsolidated,,,,,,,,"Texture of a soil that is unconsolidated or loose, typically not bound into a compact mass. It describes the proportions of sand, silt, and clay in the soil, which directly influences the soil's physical properties such as water retention, aeration, and fertility. This texture classification can impact various soil management practices, such as tillage, irrigation, and erosion control. Source: Canadian Soil Information Service - chapter 17 & Geosciences libretexts - 3.1: Soil Texture and Structure. Possible values include unconsolidated Sand,Silt, Clay, Loam. Silty Sand, Clayey Sand",,,
consistenceDry,HA,,HA,Hard,"“Moderately resistant to pressure,  can be broken in the hands,  not breakable between thumb and forefinger.”",,,The consistence when dry is determined by breaking an air-dried mass of soil between thumb and forefinger or in the hand. See more in the guidelines for Soil Description issued by the FAO: table 53,,,
consistenceDry,HVH,,HVH,hard to very hard,Additional code formed by combining HA and VHA,,,The consistence when dry is determined by breaking an air-dried mass of soil between thumb and forefinger or in the hand. See more in the guidelines for Soil Description issued by the FAO: table 53,,,
consistenceDry,VHA,,VHA,Very hard,"“Very hard Very resistant to pressure,  can be broken in the hands only with difficulty.“",,,The consistence when dry is determined by breaking an air-dried mass of soil between thumb and forefinger or in the hand. See more in the guidelines for Soil Description issued by the FAO: table 53,,,
consistenceDry,SSH,,SSH,soft to slightly hard,soft to slightly hard,,,The consistence when dry is determined by breaking an air-dried mass of soil between thumb and forefinger or in the hand. See more in the guidelines for Soil Description issued by the FAO: table 53,,,
consistenceDry,SO,,SO,Soft,"“Soil mass is very weakly coherent and fragile,  breaks to powder or individual grains under very slight pressure.”",,,The consistence when dry is determined by breaking an air-dried mass of soil between thumb and forefinger or in the hand. See more in the guidelines for Soil Description issued by the FAO: table 53,,,
consistenceDry,LO,,LO,Loose,Non-coherent.,,,The consistence when dry is determined by breaking an air-dried mass of soil between thumb and forefinger or in the hand. See more in the guidelines for Soil Description issued by the FAO: table 53,,,
consistenceDry,SHH,,SHH,slightly hard to hard,slightly hard to hard,,,The consistence when dry is determined by breaking an air-dried mass of soil between thumb and forefinger or in the hand. See more in the guidelines for Soil Description issued by the FAO: table 53,,,
consistenceDry,SHA,,SHA,Slightly hard,"“Weakly resistant to pressure,  easily broken between thumb and forefinger.”",,,The consistence when dry is determined by breaking an air-dried mass of soil between thumb and forefinger or in the hand. See more in the guidelines for Soil Description issued by the FAO: table 53,,,
consistenceDry,EHA,,EHA,Extremely hard,"“Extremely resistant to pressure,  cannot be broken in the hands.”",,,The consistence when dry is determined by breaking an air-dried mass of soil between thumb and forefinger or in the hand. See more in the guidelines for Soil Description issued by the FAO: table 53,,,
organicMatterClass,,,,,,,,"Refers to the categorization or classification of soil based on the quality, quantity, and composition of organic matter present, influencing soil properties such as fertility, water retention, and microbial activity. Source: Source: FAO, Soil Organic Matter and Soil Health, Land and Water Development Division.",,,
coatingLocation,LA,,LA,Lamellae (clay bands),Location of coatings and clay accumulation in the form of Lamellae (clay bands),,,Classification of the location of coatings and clay accumulation. See more in Guidelines for Soil Description issued by the FAO: table 68,,,
coatingLocation,PH,,PH,Horizontal pedfaces,Location of coatings and clay accumulation in the form of horizontal pedfaces,,,Classification of the location of coatings and clay accumulation. See more in Guidelines for Soil Description issued by the FAO: table 68,,,
coatingLocation,PV,,PV,Vertical pedfaces,Location of coatings and clay accumulation in the form of vertical pedfaces,,,Classification of the location of coatings and clay accumulation. See more in Guidelines for Soil Description issued by the FAO: table 68,,,
coatingLocation,BR,,BR,Bridges between sand grains,Location of coatings and clay accumulation in the form of bridges between sand grains,,,Classification of the location of coatings and clay accumulation. See more in Guidelines for Soil Description issued by the FAO: table 68,,,
coatingLocation,CF,,CF,Coarse fragments,Location of coatings and clay accumulation in the form of coarse fragments,,,Classification of the location of coatings and clay accumulation. See more in Guidelines for Soil Description issued by the FAO: table 68,,,
coatingLocation,P,,P,Pedfaces,Location of coatings and clay accumulation in the form of Pedfaces,,,Classification of the location of coatings and clay accumulation. See more in Guidelines for Soil Description issued by the FAO: table 68,,,
coatingLocation,VO,,VO,Voids,Location of coatings and clay accumulation in the form of voids,,,Classification of the location of coatings and clay accumulation. See more in Guidelines for Soil Description issued by the FAO: table 68,,,
coatingLocation,NS,,NS,No specific location,No specific location of coatings and clay accumulation,,,Classification of the location of coatings and clay accumulation. See more in Guidelines for Soil Description issued by the FAO: table 68,,,
mineralConcColour,BS,,BS,Brownish,Mineral concentration of color code Brownish,,,The general colour names are usually sufficient to describe the colour of the nodules (similar to mottles) or of artefacts. See more in Guidelines for Soil Description issued by the FAO: table 78,,,
mineralConcColour,RY,,RY,Reddish yellow,Mineral concentration of color code Reddish yellow,,,The general colour names are usually sufficient to describe the colour of the nodules (similar to mottles) or of artefacts. See more in Guidelines for Soil Description issued by the FAO: table 78,,,
mineralConcColour,BL,,BL,Black,Mineral concentration of color code Black,,,The general colour names are usually sufficient to describe the colour of the nodules (similar to mottles) or of artefacts. See more in Guidelines for Soil Description issued by the FAO: table 78,,,
mineralConcColour,WH,,WH,White,Mineral concentration of color code White,,,The general colour names are usually sufficient to describe the colour of the nodules (similar to mottles) or of artefacts. See more in Guidelines for Soil Description issued by the FAO: table 78,,,
mineralConcColour,YR,,YR,Yellowish red,Mineral concentration of color code Yellowish red,,,The general colour names are usually sufficient to describe the colour of the nodules (similar to mottles) or of artefacts. See more in Guidelines for Soil Description issued by the FAO: table 78,,,
mineralConcColour,GS,,GS,Greyish,Mineral concentration of color code Greyish,,,The general colour names are usually sufficient to describe the colour of the nodules (similar to mottles) or of artefacts. See more in Guidelines for Soil Description issued by the FAO: table 78,,,
mineralConcColour,YB,,YB,Yellowish brown,Mineral concentration of color code Yellowish brown,,,The general colour names are usually sufficient to describe the colour of the nodules (similar to mottles) or of artefacts. See more in Guidelines for Soil Description issued by the FAO: table 78,,,
mineralConcColour,BB,,BB,Bluish-black,Mineral concentration of color code Bluish-black,,,The general colour names are usually sufficient to describe the colour of the nodules (similar to mottles) or of artefacts. See more in Guidelines for Soil Description issued by the FAO: table 78,,,
mineralConcColour,MC,,MC,Multicoloured,Mineral concentration of color code Multicoloured,,,The general colour names are usually sufficient to describe the colour of the nodules (similar to mottles) or of artefacts. See more in Guidelines for Soil Description issued by the FAO: table 78,,,
mineralConcColour,GR,,GR,Grey,Mineral concentration of color code Grey,,,The general colour names are usually sufficient to describe the colour of the nodules (similar to mottles) or of artefacts. See more in Guidelines for Soil Description issued by the FAO: table 78,,,
mineralConcColour,GE,,GE,Greenish,Mineral concentration of color code Greenish,,,The general colour names are usually sufficient to describe the colour of the nodules (similar to mottles) or of artefacts. See more in Guidelines for Soil Description issued by the FAO: table 78,,,
mineralConcColour,RS,,RS,Reddish,Mineral concentration of color code Reddish,,,The general colour names are usually sufficient to describe the colour of the nodules (similar to mottles) or of artefacts. See more in Guidelines for Soil Description issued by the FAO: table 78,,,
mineralConcColour,RB,,RB,Reddish brown,Mineral concentration of color code Reddish brown,,,The general colour names are usually sufficient to describe the colour of the nodules (similar to mottles) or of artefacts. See more in Guidelines for Soil Description issued by the FAO: table 78,,,
mineralConcColour,BR,,BR,Brown,Mineral concentration of color code Brown,,,The general colour names are usually sufficient to describe the colour of the nodules (similar to mottles) or of artefacts. See more in Guidelines for Soil Description issued by the FAO: table 78,,,
mineralConcColour,BU,,BU,Blue,Mineral concentration of color code Blue,,,The general colour names are usually sufficient to describe the colour of the nodules (similar to mottles) or of artefacts. See more in Guidelines for Soil Description issued by the FAO: table 78,,,
mineralConcColour,RE,,RE,Red,Mineral concentration of color code Red,,,The general colour names are usually sufficient to describe the colour of the nodules (similar to mottles) or of artefacts. See more in Guidelines for Soil Description issued by the FAO: table 78,,,
mineralConcColour,YE,,YE,Yellow,Mineral concentration of color code Yellow,,,The general colour names are usually sufficient to describe the colour of the nodules (similar to mottles) or of artefacts. See more in Guidelines for Soil Description issued by the FAO: table 78,,,
coatingForm,O,,O,Other,Other kind of form coatings,,,Classification of the form of coatings. See more in Guidelines for Soil Description issued by the FAO: table 67,,,
coatingForm,DI,,DI,Discontinuous irregular,Discontinuous irregular form coatings,,,Classification of the form of coatings. See more in Guidelines for Soil Description issued by the FAO: table 67,,,
coatingForm,DC,,DC,Discontinuous circular,Discontinuous circular form coatings,,,Classification of the form of coatings. See more in Guidelines for Soil Description issued by the FAO: table 67,,,
coatingForm,CI,,CI,"Continuous irregular (non-uniform, heterogeneous)","Continuous irregular (non-uniform, heterogeneous)form coatings",,,Classification of the form of coatings. See more in Guidelines for Soil Description issued by the FAO: table 67,,,
coatingForm,C,,C,Continuous,Continuous form coatings,,,Classification of the form of coatings. See more in Guidelines for Soil Description issued by the FAO: table 67,,,
coatingForm,DE,,DE,Dendroidal,Dendroidal form coatings,,,Classification of the form of coatings. See more in Guidelines for Soil Description issued by the FAO: table 67,,,
gypsumForms,SC,,SC,soft concretions,Secondary gypsum in the form of soft concretions,,,The forms of secondary gypsum in soils are diverse and are considered to be informative for diagnostics of soil genesis. See more information in the Guidelines for Soil Description issued by the FAO: table 41,,,
gypsumForms,D,,D,disperse powdery gypsum,Secondary gypson in the form of disperse powdery gypsum,,,The forms of secondary gypsum in soils are diverse and are considered to be informative for diagnostics of soil genesis. See more information in the Guidelines for Soil Description issued by the FAO: table 41,,,
gypsumForms,HL,,HL,hard cemented layer or layers of gypsum,Secondary gypson in the form of hard cemented layer or layers of gypsum less than 10 cm thick,,,The forms of secondary gypsum in soils are diverse and are considered to be informative for diagnostics of soil genesis. See more information in the Guidelines for Soil Description issued by the FAO: table 41,,,
gypsumForms,G,,G,gazha,Secondary gypson in the form of gazha (clayey water-saturated layer with high gypsum content),,,The forms of secondary gypsum in soils are diverse and are considered to be informative for diagnostics of soil genesis. See more information in the Guidelines for Soil Description issued by the FAO: table 41,,,
humanInfluenceClass,SA,,SA,Scalped area,Human Influence on landsacpe affected by scalped area,,,This item refers to any evidence of human activity that is likely to have affected the landscape or the physical and chemical properties of the soil. See more in the Guidelines for Soil Description issued by the FAO: table 10,,,
humanInfluenceClass,AC,,AC,"Archaeological (burial mound, midden)","Human Influence on landsacpe affected by archeological activities i.e burial mound, midden etc",,,This item refers to any evidence of human activity that is likely to have affected the landscape or the physical and chemical properties of the soil. See more in the Guidelines for Soil Description issued by the FAO: table 10,,,
humanInfluenceClass,N,,N,No influence,No visible human influence on landscape,,,This item refers to any evidence of human activity that is likely to have affected the landscape or the physical and chemical properties of the soil. See more in the Guidelines for Soil Description issued by the FAO: table 10,,,
humanInfluenceClass,CR,,CR,Impact crater,Human Influence on landsacpe affected by impact factors,,,This item refers to any evidence of human activity that is likely to have affected the landscape or the physical and chemical properties of the soil. See more in the Guidelines for Soil Description issued by the FAO: table 10,,,
humanInfluenceClass,BP,,BP,Borrow pit,Human Influence on landsacpe affected by borrow pit,,,This item refers to any evidence of human activity that is likely to have affected the landscape or the physical and chemical properties of the soil. See more in the Guidelines for Soil Description issued by the FAO: table 10,,,
humanInfluenceClass,CL,,CL,Clearing,Human Influence on landsacpe affected by clearing,,,This item refers to any evidence of human activity that is likely to have affected the landscape or the physical and chemical properties of the soil. See more in the Guidelines for Soil Description issued by the FAO: table 10,,,
humanInfluenceClass,PL,,PL,Ploughing,Human Influence on landsacpe affected by ploughing,,,This item refers to any evidence of human activity that is likely to have affected the landscape or the physical and chemical properties of the soil. See more in the Guidelines for Soil Description issued by the FAO: table 10,,,
humanInfluenceClass,DU,,DU,Dump (not specified),Human Influence on landsacpe affected by unspecified dumpings,,,This item refers to any evidence of human activity that is likely to have affected the landscape or the physical and chemical properties of the soil. See more in the Guidelines for Soil Description issued by the FAO: table 10,,,
humanInfluenceClass,VM,,VM,Vegetation moderately disturbed,Human Influence on landsacpe affected by moderately disturbed vegetation,,,This item refers to any evidence of human activity that is likely to have affected the landscape or the physical and chemical properties of the soil. See more in the Guidelines for Soil Description issued by the FAO: table 10,,,
humanInfluenceClass,ID,,ID,Drip irrigation,Human Influence on landsacpe affected by drip irrigation,,,This item refers to any evidence of human activity that is likely to have affected the landscape or the physical and chemical properties of the soil. See more in the Guidelines for Soil Description issued by the FAO: table 10,,,
humanInfluenceClass,IF,,IF,Furrow irrigation,Human Influence on landsacpe affected by furrow irrigation,,,This item refers to any evidence of human activity that is likely to have affected the landscape or the physical and chemical properties of the soil. See more in the Guidelines for Soil Description issued by the FAO: table 10,,,
humanInfluenceClass,MI,,MI,"Mine (surface, including openpit, gravel and quarries)","Human Influence on landsacpe affected by mining activities e.g. surface mining, openpit mining, gravel and quarries",,,This item refers to any evidence of human activity that is likely to have affected the landscape or the physical and chemical properties of the soil. See more in the Guidelines for Soil Description issued by the FAO: table 10,,,
humanInfluenceClass,MS,,MS,Sand additions,Human Influence on landsacpe affected by sand additions,,,This item refers to any evidence of human activity that is likely to have affected the landscape or the physical and chemical properties of the soil. See more in the Guidelines for Soil Description issued by the FAO: table 10,,,
humanInfluenceClass,VU,,VU,Vegetation disturbed (not specified),Human Influence on landsacpe affected by unspecified disturbed vegitation,,,This item refers to any evidence of human activity that is likely to have affected the landscape or the physical and chemical properties of the soil. See more in the Guidelines for Soil Description issued by the FAO: table 10,,,
humanInfluenceClass,PO,,PO,Pollution,Human Influence on landsacpe affected by pollution,,,This item refers to any evidence of human activity that is likely to have affected the landscape or the physical and chemical properties of the soil. See more in the Guidelines for Soil Description issued by the FAO: table 10,,,
humanInfluenceClass,MR,,MR,Raised beds (agricultural purposes),Human Influence on landsacpe affected by raised bed due to agricultural activity,,,This item refers to any evidence of human activity that is likely to have affected the landscape or the physical and chemical properties of the soil. See more in the Guidelines for Soil Description issued by the FAO: table 10,,,
humanInfluenceClass,TE,,TE,Terracing,Human Influence on landsacpe affected by terracing,,,This item refers to any evidence of human activity that is likely to have affected the landscape or the physical and chemical properties of the soil. See more in the Guidelines for Soil Description issued by the FAO: table 10,,,
humanInfluenceClass,NK,,NK,Not known,Human Influence on landsacpe affected by unkown reasons,,,This item refers to any evidence of human activity that is likely to have affected the landscape or the physical and chemical properties of the soil. See more in the Guidelines for Soil Description issued by the FAO: table 10,,,
humanInfluenceClass,ME,,ME,Raised beds (engineering purposes),Human Influence on landsacpe affected by engineering activites like raised beds,,,This item refers to any evidence of human activity that is likely to have affected the landscape or the physical and chemical properties of the soil. See more in the Guidelines for Soil Description issued by the FAO: table 10,,,
humanInfluenceClass,AD,,AD,Artificial drainage,Human Influence on landsacpe affected by artificial drainage,,,This item refers to any evidence of human activity that is likely to have affected the landscape or the physical and chemical properties of the soil. See more in the Guidelines for Soil Description issued by the FAO: table 10,,,
humanInfluenceClass,LF,,LF,Landfill (also sanitary),Human Influence on landsacpe affected by sanitary activities like landfills,,,This item refers to any evidence of human activity that is likely to have affected the landscape or the physical and chemical properties of the soil. See more in the Guidelines for Soil Description issued by the FAO: table 10,,,
humanInfluenceClass,IS,,IS,Sprinkler irrigation,Human Influence on landsacpe affected by sprinkler irrigation,,,This item refers to any evidence of human activity that is likely to have affected the landscape or the physical and chemical properties of the soil. See more in the Guidelines for Soil Description issued by the FAO: table 10,,,
humanInfluenceClass,VS,,VS,Vegetation slightly disturbed,Human Influence on landsacpe affected by slightly disturbed vegetation,,,This item refers to any evidence of human activity that is likely to have affected the landscape or the physical and chemical properties of the soil. See more in the Guidelines for Soil Description issued by the FAO: table 10,,,
humanInfluenceClass,LV,,LV,Levelling,Human Influence on landsacpe affected by levelling,,,This item refers to any evidence of human activity that is likely to have affected the landscape or the physical and chemical properties of the soil. See more in the Guidelines for Soil Description issued by the FAO: table 10,,,
humanInfluenceClass,BR,,BR,Burning,Human Influence on landsacpe affected by burning,,,This item refers to any evidence of human activity that is likely to have affected the landscape or the physical and chemical properties of the soil. See more in the Guidelines for Soil Description issued by the FAO: table 10,,,
humanInfluenceClass,IB,,IB,Border irrigation,Human Influence on landsacpe affected by border irrigation,,,This item refers to any evidence of human activity that is likely to have affected the landscape or the physical and chemical properties of the soil. See more in the Guidelines for Soil Description issued by the FAO: table 10,,,
humanInfluenceClass,MU,,MU,Mineral additions (not specified),Human Influence on landsacpe affected by unspecified addition of minerals,,,This item refers to any evidence of human activity that is likely to have affected the landscape or the physical and chemical properties of the soil. See more in the Guidelines for Soil Description issued by the FAO: table 10,,,
humanInfluenceClass,BU,,BU,Bunding,Human Influence on landsacpe affected by bunding,,,This item refers to any evidence of human activity that is likely to have affected the landscape or the physical and chemical properties of the soil. See more in the Guidelines for Soil Description issued by the FAO: table 10,,,
humanInfluenceClass,IP,,IP,Flood irrigation,Human Influence on landsacpe affected by flood irrigation,,,This item refers to any evidence of human activity that is likely to have affected the landscape or the physical and chemical properties of the soil. See more in the Guidelines for Soil Description issued by the FAO: table 10,,,
humanInfluenceClass,IU,,IU,Irrigation (not specified),Human Influence on landsacpe affected by unspecified irrgation,,,This item refers to any evidence of human activity that is likely to have affected the landscape or the physical and chemical properties of the soil. See more in the Guidelines for Soil Description issued by the FAO: table 10,,,
humanInfluenceClass,MO,,MO,Organic additions (not specified),Human Influence on landsacpe affected by unspecified Organic additions,,,This item refers to any evidence of human activity that is likely to have affected the landscape or the physical and chemical properties of the soil. See more in the Guidelines for Soil Description issued by the FAO: table 10,,,
humanInfluenceClass,MP,,MP,Plaggen,Human Influence on landsacpe affected by plaggen,,,This item refers to any evidence of human activity that is likely to have affected the landscape or the physical and chemical properties of the soil. See more in the Guidelines for Soil Description issued by the FAO: table 10,,,
humanInfluenceClass,SC,,SC,Surface compaction,Human Influence on landsacpe affected by surface compaction,,,This item refers to any evidence of human activity that is likely to have affected the landscape or the physical and chemical properties of the soil. See more in the Guidelines for Soil Description issued by the FAO: table 10,,,
humanInfluenceClass,FE,,FE,Application of fertilizers,Human Influence on landsacpe affected by application of fertilizers,,,This item refers to any evidence of human activity that is likely to have affected the landscape or the physical and chemical properties of the soil. See more in the Guidelines for Soil Description issued by the FAO: table 10,,,
humanInfluenceClass,VE,,VE,Vegetation strongly disturbed,Human Influence on landsacpe affected by strongly disturbed vegetation,,,This item refers to any evidence of human activity that is likely to have affected the landscape or the physical and chemical properties of the soil. See more in the Guidelines for Soil Description issued by the FAO: table 10,,,
slopeForm,T,,T,terraced,terraced slope form,,,The slope form refers to the general shape of the slope in both the vertical and horizontal directions. See more in Guidelines for Soil Description issued by the FAO: table 6,,,
slopeForm,S,,S,straight,straight slope form,,,The slope form refers to the general shape of the slope in both the vertical and horizontal directions. See more in Guidelines for Soil Description issued by the FAO: table 6,,,
slopeForm,X,,X,complex (irregular),complex (irregular) slope form,,,The slope form refers to the general shape of the slope in both the vertical and horizontal directions. See more in Guidelines for Soil Description issued by the FAO: table 6,,,
slopeForm,C,,C,concave,concave slope form,,,The slope form refers to the general shape of the slope in both the vertical and horizontal directions. See more in Guidelines for Soil Description issued by the FAO: table 6,,,
slopeForm,V,,V,convex,convex slope form,,,The slope form refers to the general shape of the slope in both the vertical and horizontal directions. See more in Guidelines for Soil Description issued by the FAO: table 6,,,
contrast,D,,D,Distinct,"Although not striking, the mottles are readily seen. The hue, chroma and value of the matrix are easily distinguished from those of the mottles. They may vary by as much as 2.5 units of hue or several units in chroma or value.",,,The colour contrast between mottles and soil matrix. See more in Guidelines for Soil Description issued by the FAO: table 34,,,
contrast,F,,F,Faint,"The mottles are evident only on close examination. Soil colours in both the matrix and mottles have closely related hues, chromas and values.",,,The colour contrast between mottles and soil matrix. See more in Guidelines for Soil Description issued by the FAO: table 34,,,
contrast,P,,P,Prominent,"The mottles are conspicuous and mottling is one of the outstanding features of the horizon. Hue, chroma and value alone or in combination are at least several units apart.",,,The colour contrast between mottles and soil matrix. See more in Guidelines for Soil Description issued by the FAO: table 34,,,
rockShape,A,,A,Angular,Angular rock shape,,,The general shape or roundness of rock fragments. See more on Guidelines for Soil Description issued by the FAO: table 28,,,
rockShape,S,,S,Subrounded,Subrounded rock shape,,,The general shape or roundness of rock fragments. See more on Guidelines for Soil Description issued by the FAO: table 28,,,
rockShape,R,,R,Rounded,Rounded rock shape,,,The general shape or roundness of rock fragments. See more on Guidelines for Soil Description issued by the FAO: table 28,,,
rockShape,F,,F,Flat,Flat rock shape,,,The general shape or roundness of rock fragments. See more on Guidelines for Soil Description issued by the FAO: table 28,,,
landUseClass,S,,S,"S = Settlement, industry","Land-use classification of main class Settlement, industry",,,"Land use applies to the current use of the land, whether agricultural or nonagricultural, in which the soil is located. See more in the guidelines for Soil Description issued by the FAO: table 8",,,
landUseClass,AT2,AT,AT2,Irrigated tree crop cultivation,Land-use classification of main class Crop agriculture and of subclass Tree and shrub cropping and of type Irrigated tree crop cultivation,,,"Land use applies to the current use of the land, whether agricultural or nonagricultural, in which the soil is located. See more in the guidelines for Soil Description issued by the FAO: table 8",,,
landUseClass,H,,H,Animal husbandry,Land-use classification of main class Animal husbandry,,,"Land use applies to the current use of the land, whether agricultural or nonagricultural, in which the soil is located. See more in the guidelines for Soil Description issued by the FAO: table 8",,,
landUseClass,PD,P,PD,Degradation control,Land-use classification of main class Nature protection and of subclass Degradation control,,,"Land use applies to the current use of the land, whether agricultural or nonagricultural, in which the soil is located. See more in the guidelines for Soil Description issued by the FAO: table 8",,,
landUseClass,AA1,AA,AA1,Shifting cultivation,Land-use classification of main class Crop agriculture and of subclass Annual field cropping and of type Shifting cultivation,,,"Land use applies to the current use of the land, whether agricultural or nonagricultural, in which the soil is located. See more in the guidelines for Soil Description issued by the FAO: table 8",,,
landUseClass,PN,P,PN,Nature and game preservation,Land-use classification of main class Nature protection and of subclass Nature and game preservation,,,"Land use applies to the current use of the land, whether agricultural or nonagricultural, in which the soil is located. See more in the guidelines for Soil Description issued by the FAO: table 8",,,
landUseClass,MP,M,MP,Agropastoralism,Land-use classification of main class Mixed farming and of subclass Agropastoralism,,,"Land use applies to the current use of the land, whether agricultural or nonagricultural, in which the soil is located. See more in the guidelines for Soil Description issued by the FAO: table 8",,,
landUseClass,U,,U,Not used and not managed,Land-use classification of main class Not used and not managed,,,"Land use applies to the current use of the land, whether agricultural or nonagricultural, in which the soil is located. See more in the guidelines for Soil Description issued by the FAO: table 8",,,
landUseClass,AT3,AT,AT3,Non-irrigated shrub crop cultivation,Land-use classification of main class Crop agriculture and of subclass Tree and shrub cropping and of type Non-irrigated shrub crop cultivation,,,"Land use applies to the current use of the land, whether agricultural or nonagricultural, in which the soil is located. See more in the guidelines for Soil Description issued by the FAO: table 8",,,
landUseClass,AA,A,AA,Annual field cropping,Land-use classification of main class Crop agriculture and of subclass Annual field cropping,,,"Land use applies to the current use of the land, whether agricultural or nonagricultural, in which the soil is located. See more in the guidelines for Soil Description issued by the FAO: table 8",,,
landUseClass,HE3,HE,HE3,Ranching,Land-use classification of main class Animal husbandry and of subclass Extensive grazing and of type Ranching,,,"Land use applies to the current use of the land, whether agricultural or nonagricultural, in which the soil is located. See more in the guidelines for Soil Description issued by the FAO: table 8",,,
landUseClass,FN1,FN,FN1,Selective felling,Land-use classification of main class Forestry and of subclass Natural forest and woodland and of type Selective felling,,,"Land use applies to the current use of the land, whether agricultural or nonagricultural, in which the soil is located. See more in the guidelines for Soil Description issued by the FAO: table 8",,,
landUseClass,SD,S,SD,Disposal sites,"Land-use classification of main class Settlement, industry and of subclass Disposal sites",,,"Land use applies to the current use of the land, whether agricultural or nonagricultural, in which the soil is located. See more in the guidelines for Soil Description issued by the FAO: table 8",,,
landUseClass,SC,S,SC,Recreational use,"Land-use classification of main class Settlement, industry and of subclass Recreational use",,,"Land use applies to the current use of the land, whether agricultural or nonagricultural, in which the soil is located. See more in the guidelines for Soil Description issued by the FAO: table 8",,,
landUseClass,HE1,HE,HE1,Nomadism,Land-use classification of main class Animal husbandry and of subclass Extensive grazing and of type Nomadism,,,"Land use applies to the current use of the land, whether agricultural or nonagricultural, in which the soil is located. See more in the guidelines for Soil Description issued by the FAO: table 8",,,
landUseClass,AP1,AP,AP1,Non-irrigated cultivation,Land-use classification of main class Crop agriculture and of subclass Perennial field cropping and of type Non-irrigated cultivation,,,"Land use applies to the current use of the land, whether agricultural or nonagricultural, in which the soil is located. See more in the guidelines for Soil Description issued by the FAO: table 8",,,
landUseClass,Y,,Y,Military area,Land-use classification of main class Military area,,,"Land use applies to the current use of the land, whether agricultural or nonagricultural, in which the soil is located. See more in the guidelines for Soil Description issued by the FAO: table 8",,,
landUseClass,AA2,AA,AA2,Fallow system cultivation,Land-use classification of main class Crop agriculture and of sub-class Annual field cropping and of type Fallow system cultivation,,,"Land use applies to the current use of the land, whether agricultural or nonagricultural, in which the soil is located. See more in the guidelines for Soil Description issued by the FAO: table 8",,,
landUseClass,HI1,HI,HI1,Animal production,Land-use classification of main class Animal husbandry and of subclass Intensive grazing and of type Animal production,,,"Land use applies to the current use of the land, whether agricultural or nonagricultural, in which the soil is located. See more in the guidelines for Soil Description issued by the FAO: table 8",,,
landUseClass,MF,M,MF,Agroforestry,Land-use classification of main class Mixed farming and of subclass Agroforestry,,,"Land use applies to the current use of the land, whether agricultural or nonagricultural, in which the soil is located. See more in the guidelines for Soil Description issued by the FAO: table 8",,,
landUseClass,AT4,AT,AT4,Irrigated shrub crop cultivation,Land-use classification of main class Crop agriculture and of subclass Tree and shrub cropping and of type Irrigated shrub crop cultivation,,,"Land use applies to the current use of the land, whether agricultural or nonagricultural, in which the soil is located. See more in the guidelines for Soil Description issued by the FAO: table 8",,,
landUseClass,HE,H,HE,Extensive grazing,Land-use classification of main class Animal husbandry and of subclass Extensive grazing,,,"Land use applies to the current use of the land, whether agricultural or nonagricultural, in which the soil is located. See more in the guidelines for Soil Description issued by the FAO: table 8",,,
landUseClass,FP,F,FP,Plantation forestry,Land-use classification of main class Forestry and of subclass Plantation forestry,,,"Land use applies to the current use of the land, whether agricultural or nonagricultural, in which the soil is located. See more in the guidelines for Soil Description issued by the FAO: table 8",,,
landUseClass,AA4,AA,AA4,Rainfed arable cultivation,Land-use classification of main class Crop agriculture and of subclass Annual field cropping and of type Rainfed arable cultivation,,,"Land use applies to the current use of the land, whether agricultural or nonagricultural, in which the soil is located. See more in the guidelines for Soil Description issued by the FAO: table 8",,,
landUseClass,FN2,FN,FN2,Clear felling,Land-use classification of main class Forestry and of subclass Natural forest and woodland and of type Clear felling,,,"Land use applies to the current use of the land, whether agricultural or nonagricultural, in which the soil is located. See more in the guidelines for Soil Description issued by the FAO: table 8",,,
landUseClass,AT1,AT,AT1,Non-irrigated tree crop cultivation,Land-use classification of main class Crop agriculture and of subclass Tree and shrub cropping and of type Non-irrigated shrub crop cultivation,,,"Land use applies to the current use of the land, whether agricultural or nonagricultural, in which the soil is located. See more in the guidelines for Soil Description issued by the FAO: table 8",,,
landUseClass,A,,A,Crop agriculture (cropping),Land-use classification of main class Crop agriculture (cropping),,,"Land use applies to the current use of the land, whether agricultural or nonagricultural, in which the soil is located. See more in the guidelines for Soil Description issued by the FAO: table 8",,,
landUseClass,PN1,PN,PN1,Reserves,Land-use classification of main class Nature protection and of subclass Nature and game preservationand of type Reserves,,,"Land use applies to the current use of the land, whether agricultural or nonagricultural, in which the soil is located. See more in the guidelines for Soil Description issued by the FAO: table 8",,,
landUseClass,HI2,HI,HI2,Dairying,Land-use classification of main class Animal husbandry and of subclass Intensive grazing and of type Dairying,,,"Land use applies to the current use of the land, whether agricultural or nonagricultural, in which the soil is located. See more in the guidelines for Soil Description issued by the FAO: table 8",,,
landUseClass,Oi,,O,Other land uses,Land-use classification of main class Other land uses,,,"Land use applies to the current use of the land, whether agricultural or nonagricultural, in which the soil is located. See more in the guidelines for Soil Description issued by the FAO: table 8",,,
landUseClass,AT,A,AT,Tree and shrub cropping,Land-use classification of main class Crop agriculture and of subclass Tree and shrub cropping,,,"Land use applies to the current use of the land, whether agricultural or nonagricultural, in which the soil is located. See more in the guidelines for Soil Description issued by the FAO: table 8",,,
landUseClass,AP2,AP,AP2,Irrigated cultivation,Land-use classification of main class Crop agriculture and of subclass Perennial field cropping and of type Irrigated cultivation,,,"Land use applies to the current use of the land, whether agricultural or nonagricultural, in which the soil is located. See more in the guidelines for Soil Description issued by the FAO: table 8",,,
landUseClass,AA5,AA,AA5,Wet rice cultivation,Land-use classification of mainclass Crop agriculture and of class Annual field cropping and of type Wet rice cultivation,,,"Land use applies to the current use of the land, whether agricultural or nonagricultural, in which the soil is located. See more in the guidelines for Soil Description issued by the FAO: table 8",,,
landUseClass,PD1,PD,PD1,Without interference,Land-use classification of main class Nature protection and of subclass Degradation control and of type Without interference,,,"Land use applies to the current use of the land, whether agricultural or nonagricultural, in which the soil is located. See more in the guidelines for Soil Description issued by the FAO: table 8",,,
landUseClass,PN2,PN,PN2,Parks,Land-use classification of main class Nature protection and of subclass Nature and game preservation and of type Parks,,,"Land use applies to the current use of the land, whether agricultural or nonagricultural, in which the soil is located. See more in the guidelines for Soil Description issued by the FAO: table 8",,,
landUseClass,AA3,AA,AA3,Ley system cultivation,Land-use classification of main class Crop agriculture and of subclass Annual field cropping and of type Ley system cultivation,,,"Land use applies to the current use of the land, whether agricultural or nonagricultural, in which the soil is located. See more in the guidelines for Soil Description issued by the FAO: table 8",,,
landUseClass,SR,S,SR,Residential use,Land-use classification of main class Settlement or industry and of subclass Residential use,,,"Land use applies to the current use of the land, whether agricultural or nonagricultural, in which the soil is located. See more in the guidelines for Soil Description issued by the FAO: table 8",,,
landUseClass,ST,S,ST,Transport,"Land-use classification of main class Settlement, industry and of subclass Transport",,,"Land use applies to the current use of the land, whether agricultural or nonagricultural, in which the soil is located. See more in the guidelines for Soil Description issued by the FAO: table 8",,,
landUseClass,M,,M,M = Mixed farming,Land-use classification of main class Mixed farming,,,"Land use applies to the current use of the land, whether agricultural or nonagricultural, in which the soil is located. See more in the guidelines for Soil Description issued by the FAO: table 8",,,
landUseClass,PD2,PD,PD2,With interference,Land-use classification of main class Nature protection and of subclass Degradation control and of type With interference,,,"Land use applies to the current use of the land, whether agricultural or nonagricultural, in which the soil is located. See more in the guidelines for Soil Description issued by the FAO: table 8",,,
landUseClass,AA6,AA,AA6,Irrigated cultivation,Land-use classification of main class Crop agriculture and of subclass Annual field cropping and of type Irrigated cultivation,,,"Land use applies to the current use of the land, whether agricultural or nonagricultural, in which the soil is located. See more in the guidelines for Soil Description issued by the FAO: table 8",,,
landUseClass,F,,F,F = Forestry,Land-use classification of main class Forestry,,,"Land use applies to the current use of the land, whether agricultural or nonagricultural, in which the soil is located. See more in the guidelines for Soil Description issued by the FAO: table 8",,,
landUseClass,SI,S,SI,Industrial use,"Land-use classification of main class Settlement, industry and of subclass Industrial use",,,"Land use applies to the current use of the land, whether agricultural or nonagricultural, in which the soil is located. See more in the guidelines for Soil Description issued by the FAO: table 8",,,
landUseClass,FN,F,FN,Natural forest and woodland,Land-use classification of main class Forestry and of subclass Natural forest and woodland,,,"Land use applies to the current use of the land, whether agricultural or nonagricultural, in which the soil is located. See more in the guidelines for Soil Description issued by the FAO: table 8",,,
landUseClass,HE2,HE,HE2,Semi-nomadism,Land-use classification of main class Animal husbandry and of subclass Extensive grazing and of type Semi-nomadism,,,"Land use applies to the current use of the land, whether agricultural or nonagricultural, in which the soil is located. See more in the guidelines for Soil Description issued by the FAO: table 8",,,
landUseClass,PN3,PN,PN3,Wildlife management,Land-use classification of main class Nature protection and of subclass Nature and game preservation and of type Wildlife management,,,"Land use applies to the current use of the land, whether agricultural or nonagricultural, in which the soil is located. See more in the guidelines for Soil Description issued by the FAO: table 8",,,
landUseClass,AP,A,AP,Perennial field cropping,Land-use classification of main class Crop agriculture and of subclass Perennial field cropping,,,"Land use applies to the current use of the land, whether agricultural or nonagricultural, in which the soil is located. See more in the guidelines for Soil Description issued by the FAO: table 8",,,
landUseClass,HI,H,HI,Intensive grazing,Land-use classification of main class Animal husbandry and of subclass Intensive grazing,,,"Land use applies to the current use of the land, whether agricultural or nonagricultural, in which the soil is located. See more in the guidelines for Soil Description issued by the FAO: table 8",,,
landUseClass,SX,S,SX,Excavations,"Land-use classification of main class Settlement, industry and of subclass Excavations",,,"Land use applies to the current use of the land, whether agricultural or nonagricultural, in which the soil is located. See more in the guidelines for Soil Description issued by the FAO: table 8",,,
landUseClass,P,,P,P = Nature protection,Land-use classification of main class Nature protection,,,"Land use applies to the current use of the land, whether agricultural or nonagricultural, in which the soil is located. See more in the guidelines for Soil Description issued by the FAO: table 8",,,
structureSize,VC,,VC,Very coarse/thick,> 10 1.1.000 > 50,,,Size classes for soil structure types. See more in guidelines for Soil Description issued by the FAO: table 50,,,
structureSize,ME,,ME,Medium,2–5 20–50 10–20,,,Size classes for soil structure types. See more in guidelines for Soil Description issued by the FAO: table 50,,,
structureSize,FI,,FI,Fine/thin,1–2 10–20 5–10,,,Size classes for soil structure types. See more in guidelines for Soil Description issued by the FAO: table 50,,,
structureSize,VF,,VF,Very fine/thin,< 1 < 10 < 5,,,Size classes for soil structure types. See more in guidelines for Soil Description issued by the FAO: table 50,,,
structureSize,CO,,CO,Coarse/thick,5–10 50–100 20–50,,,Size classes for soil structure types. See more in guidelines for Soil Description issued by the FAO: table 50,,,
structureSize,EC,,EC,Extremely coarse,– > 500 –,,,Size classes for soil structure types. See more in guidelines for Soil Description issued by the FAO: table 50,,,
fragmentsSize,B,,B,Boulders,Boulders of coarse size of 20cm–60cm,,,"Classes of occurrence of coarse surface fragments are correlated with the ones for rock outcrop. See more in guidelines for Soil Description issued by the FAO: table 15,2",,,
fragmentsSize,M,,M,Medium gravel,Medium gravel coarse size of 0.6cm–2.0cm,,,"Classes of occurrence of coarse surface fragments are correlated with the ones for rock outcrop. See more in guidelines for Soil Description issued by the FAO: table 15,2",,,
fragmentsSize,F,,F,Fine gravel,Fine gravel coarse size of 0.2cm–0.6cm,,,"Classes of occurrence of coarse surface fragments are correlated with the ones for rock outcrop. See more in guidelines for Soil Description issued by the FAO: table 15,2",,,
fragmentsSize,C,,C,Coarse gravel,Coarse gravel of size 2cm–6cm,,,"Classes of occurrence of coarse surface fragments are correlated with the ones for rock outcrop. See more in guidelines for Soil Description issued by the FAO: table 15,2",,,
fragmentsSize,S,,S,Stones,Stones of coarse size 6cm–20cm,,,"Classes of occurrence of coarse surface fragments are correlated with the ones for rock outcrop. See more in guidelines for Soil Description issued by the FAO: table 15,2",,,
fragmentsSize,L,,L,Large boulders,Large boulders of coarse size 60cm–200cm,,,"Classes of occurrence of coarse surface fragments are correlated with the ones for rock outcrop. See more in guidelines for Soil Description issued by the FAO: table 15,2",,,
coatingContrast,F,,F,Faint,"Surface of coating shows only little contrast in colour, smoothness or any other property to the adjacent surface. Fine sand grains are readily apparent in the cutan. Lamellae are less than 2 mm thick.",,,Classification of the contrast of coatings. See more in Guidelines for Soil Description issued by the FAO: table 65,,,
coatingContrast,P,,P,Prominent,Surface of coatings contrasts strongly in smoothness or colour with the adjacent surfaces. Outlines of fine sand grains are not visible. Lamellae are more than 5 mm thick.,,,Classification of the contrast of coatings. See more in Guidelines for Soil Description issued by the FAO: table 65,,,
coatingContrast,D,,D,Distinct,Surface of coating is distinctly smoother or different in colour from the adjacent surface. Fine sand grains are enveloped in the coating but their outlines are still visible. Lamellae are 2–5 mm thick.,,,Classification of the contrast of coatings. See more in Guidelines for Soil Description issued by the FAO: table 65,,,
vegetationClass,FS,F,FS,Semi-deciduous forest,Semi-deciduous forest from the vegtation class of Closed forest (F),,,Classification of vegetation.See more in Guidelines for Soil Description issued by the FAO: table 11,,,
vegetationClass,WD,WE,WD,Deciduous woodland,Deciduous woodland from the vegtation class of Woodland (W),,,Classification of vegetation.See more in Guidelines for Soil Description issued by the FAO: table 11,,,
vegetationClass,WX,WE,WX,Xeromorphic woodland,Xeromorphic woodland from the vegtation class of Woodland (W),,,Classification of vegetation.See more in Guidelines for Soil Description issued by the FAO: table 11,,,
vegetationClass,FX,F,FX,Xeromorphic forest,Xeromorphic forest from the vegtation class of Closed forest (F),,,Classification of vegetation.See more in Guidelines for Soil Description issued by the FAO: table 11,,,
vegetationClass,SS,S,SS,Semi-deciduous shrub,Semi-deciduous shrub from the vegtation class of Shrub (S),,,Classification of vegetation.See more in Guidelines for Soil Description issued by the FAO: table 11,,,
vegetationClass,F,,F,Closed forest,Vegetation class of Closed forest (F),,,Classification of vegetation.See more in Guidelines for Soil Description issued by the FAO: table 11,,,
vegetationClass,HS,H,HS,Short grassland,Short grassland from the vegtation class of Herbaceous (H),,,Classification of vegetation.See more in Guidelines for Soil Description issued by the FAO: table 11,,,
vegetationClass,D,,D,Dwarf shrub,Vegetation class of Dwarf shrub (D),,,Classification of vegetation.See more in Guidelines for Soil Description issued by the FAO: table 11,,,
vegetationClass,SE,S,SE,Evergreen shrub,Evergreen shrub from the vegtation class of Shrub (S),,,Classification of vegetation.See more in Guidelines for Soil Description issued by the FAO: table 11,,,
vegetationClass,DS,D,DS,Semi-deciduous dwarf shrub,Semi-deciduous dwarf shrub from the vegtation class of Dwarf shrub (D),,,Classification of vegetation.See more in Guidelines for Soil Description issued by the FAO: table 11,,,
vegetationClass,FE,F,FE,Evergreen broad-leaved forest,Evergreen broad-leaved forest from the vegtation class of Closed forest (F),,,Classification of vegetation.See more in Guidelines for Soil Description issued by the FAO: table 11,,,
vegetationClass,HT,H,HT,Tall grassland,Tall grassland from the vegtation class of Herbaceous (H),,,Classification of vegetation.See more in Guidelines for Soil Description issued by the FAO: table 11,,,
vegetationClass,SX,S,SX,Xeromorphic shrub,Xeromorphic shrub from the vegtation class of Shrub (S),,,Classification of vegetation.See more in Guidelines for Soil Description issued by the FAO: table 11,,,
vegetationClass,FD,F,FD,Deciduous forest,Deciduous forest from the vegtation class of Closed forest (F),,,Classification of vegetation.See more in Guidelines for Soil Description issued by the FAO: table 11,,,
vegetationClass,SD,S,SD,Deciduous shrub,Deciduous shrub from the vegtation class of Shrub (S),,,Classification of vegetation.See more in Guidelines for Soil Description issued by the FAO: table 11,,,
vegetationClass,H,,H,Herbaceous,Vegetation class of Herbaceous (H),,,Classification of vegetation.See more in Guidelines for Soil Description issued by the FAO: table 11,,,
vegetationClass,FC,F,FC,Coniferous forest,Coniferous forest from the vegtation class of Closed forest (F),,,Classification of vegetation.See more in Guidelines for Soil Description issued by the FAO: table 11,,,
vegetationClass,HF,H,HF,Forb,Forb from the vegtation class of Herbaceous (H),,,Classification of vegetation.See more in Guidelines for Soil Description issued by the FAO: table 11,,,
vegetationClass,DE,D,DE,Evergreen dwarf shrub,Evergreen dwarf shrub from the vegtation class of Dwarf shrub (D),,,Classification of vegetation.See more in Guidelines for Soil Description issued by the FAO: table 11,,,
vegetationClass,S,,S,Shrub,Vegetation class of Shrub (S),,,Classification of vegetation.See more in Guidelines for Soil Description issued by the FAO: table 11,,,
vegetationClass,B,,B,Groundwater-fed bog peat,Vegetation class of Groundwater-fed bog peat  (B),,,Classification of vegetation.See more in Guidelines for Soil Description issued by the FAO: table 11,,,
vegetationClass,M,,M,Rainwater-fed moor peat,Vegetation class of Rainwater-fed moor peat (M),,,Classification of vegetation.See more in Guidelines for Soil Description issued by the FAO: table 11,,,
vegetationClass,DX,D,DX,Xermomorphic dwarf shrub,Xermomorphic dwarf shrub from the vegtation class of Dwarf shrub (D),,,Classification of vegetation.See more in Guidelines for Soil Description issued by the FAO: table 11,,,
vegetationClass,DD,D,DD,Deciduous dwarf shrub,Deciduous dwarf shrub from the vegtation class of Dwarf shrub (D),,,Classification of vegetation.See more in Guidelines for Soil Description issued by the FAO: table 11,,,
vegetationClass,DT,D,DT,Tundra,Tundra from the vegtation class of Dwarf shrub (D),,,Classification of vegetation.See more in Guidelines for Soil Description issued by the FAO: table 11,,,
vegetationClass,WE,WE,WE,Evergreen woodland,Evergreen woodland from the vegtation class of Woodland (W),,,Classification of vegetation.See more in Guidelines for Soil Description issued by the FAO: table 11,,,
vegetationClass,HM,H,HM,Medium grassland,Medium grassland from the vegtation class of Herbaceous (H),,,Classification of vegetation.See more in Guidelines for Soil Description issued by the FAO: table 11,,,
vegetationClass,W,,W,Woodland,Vegetation class of Woodland (W),,,Classification of vegetation.See more in Guidelines for Soil Description issued by the FAO: table 11,,,
vegetationClass,WS,WE,WS,Semi-deciduous woodland,Semi-deciduous woodland from the vegtation class of Woodland (W),,,Classification of vegetation.See more in Guidelines for Soil Description issued by the FAO: table 11,,,
