"uri","label_foi","label_list","label","comment","definition"
"http://w3id.org/glosis/model/common/bleachedSandProperty",,"GL_Layer","bleachedSandProperty","The Bleached Sand property refers to the physical characteristic of sandy soil that has undergone a bleaching process due to leaching, where minerals such as iron and other elements have been removed by water. This process often occurs in areas with high rainfall, leading to a soil that appears lighter in color. Bleached sand typically indicates low fertility and poor nutrient-holding capacity due to the lack of iron and other nutrients that are washed away. Source: Brady, N. C., & Weil, R. R. (2008). The Nature and Properties of Soils (14th ed.). Pearson Prentice Hall.","Guidelines for Soil Description issued by the FAO: table 23"
"http://w3id.org/glosis/model/common/bleachedSandProperty","GL_Surface",,"bleachedSandProperty","The Bleached Sand property refers to the physical characteristic of sandy soil that has undergone a bleaching process due to leaching, where minerals such as iron and other elements have been removed by water. This process often occurs in areas with high rainfall, leading to a soil that appears lighter in color. Bleached sand typically indicates low fertility and poor nutrient-holding capacity due to the lack of iron and other nutrients that are washed away. Source: Brady, N. C., & Weil, R. R. (2008). The Nature and Properties of Soils (14th ed.). Pearson Prentice Hall.","Guidelines for Soil Description issued by the FAO: table 23"
"http://w3id.org/glosis/model/common/bleachedSandProperty","GL_Profile",,"bleachedSandProperty","The Bleached Sand property refers to the physical characteristic of sandy soil that has undergone a bleaching process due to leaching, where minerals such as iron and other elements have been removed by water. This process often occurs in areas with high rainfall, leading to a soil that appears lighter in color. Bleached sand typically indicates low fertility and poor nutrient-holding capacity due to the lack of iron and other nutrients that are washed away. Source: Brady, N. C., & Weil, R. R. (2008). The Nature and Properties of Soils (14th ed.). Pearson Prentice Hall.","Guidelines for Soil Description issued by the FAO: table 23"
"http://w3id.org/glosis/model/common/bleachedSandProperty","GL_Plot",,"bleachedSandProperty","The Bleached Sand property refers to the physical characteristic of sandy soil that has undergone a bleaching process due to leaching, where minerals such as iron and other elements have been removed by water. This process often occurs in areas with high rainfall, leading to a soil that appears lighter in color. Bleached sand typically indicates low fertility and poor nutrient-holding capacity due to the lack of iron and other nutrients that are washed away. Source: Brady, N. C., & Weil, R. R. (2008). The Nature and Properties of Soils (14th ed.). Pearson Prentice Hall.","Guidelines for Soil Description issued by the FAO: table 23"
"http://w3id.org/glosis/model/common/bleachedSandProperty",,"GL_Plot","bleachedSandProperty","The Bleached Sand property refers to the physical characteristic of sandy soil that has undergone a bleaching process due to leaching, where minerals such as iron and other elements have been removed by water. This process often occurs in areas with high rainfall, leading to a soil that appears lighter in color. Bleached sand typically indicates low fertility and poor nutrient-holding capacity due to the lack of iron and other nutrients that are washed away. Source: Brady, N. C., & Weil, R. R. (2008). The Nature and Properties of Soils (14th ed.). Pearson Prentice Hall.","Guidelines for Soil Description issued by the FAO: table 23"
"http://w3id.org/glosis/model/common/colourDryProperty",,"GL_Layer","colourDryProperty","The Colour Dry property describes the color of soil when it is in a dry state. Soil color in the dry condition is influenced by the soil’s mineral composition and moisture content. For example, soils with high organic matter content typically appear dark brown or black when dry, while sandy or saline soils may appear lighter in color. Dry soil color is used in soil classification and can provide insights into the soil's composition and drainage. Source: Soil Science Society of America. (2008). Soil Science Glossary. Soil Science Society of America.","ISRIC Report 2019/01: Tier 1 and Tier 2 data in the context of the federated Global Soil Information System. Appendix 3"
"http://w3id.org/glosis/model/common/colourDryProperty","GL_Surface",,"colourDryProperty","The Colour Dry property describes the color of soil when it is in a dry state. Soil color in the dry condition is influenced by the soil’s mineral composition and moisture content. For example, soils with high organic matter content typically appear dark brown or black when dry, while sandy or saline soils may appear lighter in color. Dry soil color is used in soil classification and can provide insights into the soil's composition and drainage. Source: Soil Science Society of America. (2008). Soil Science Glossary. Soil Science Society of America.","ISRIC Report 2019/01: Tier 1 and Tier 2 data in the context of the federated Global Soil Information System. Appendix 3"
"http://w3id.org/glosis/model/common/colourDryProperty","GL_Profile",,"colourDryProperty","The Colour Dry property describes the color of soil when it is in a dry state. Soil color in the dry condition is influenced by the soil’s mineral composition and moisture content. For example, soils with high organic matter content typically appear dark brown or black when dry, while sandy or saline soils may appear lighter in color. Dry soil color is used in soil classification and can provide insights into the soil's composition and drainage. Source: Soil Science Society of America. (2008). Soil Science Glossary. Soil Science Society of America.","ISRIC Report 2019/01: Tier 1 and Tier 2 data in the context of the federated Global Soil Information System. Appendix 3"
"http://w3id.org/glosis/model/common/colourDryProperty","GL_Plot",,"colourDryProperty","The Colour Dry property describes the color of soil when it is in a dry state. Soil color in the dry condition is influenced by the soil’s mineral composition and moisture content. For example, soils with high organic matter content typically appear dark brown or black when dry, while sandy or saline soils may appear lighter in color. Dry soil color is used in soil classification and can provide insights into the soil's composition and drainage. Source: Soil Science Society of America. (2008). Soil Science Glossary. Soil Science Society of America.","ISRIC Report 2019/01: Tier 1 and Tier 2 data in the context of the federated Global Soil Information System. Appendix 3"
"http://w3id.org/glosis/model/common/colourDryProperty",,"GL_Plot","colourDryProperty","The Colour Dry property describes the color of soil when it is in a dry state. Soil color in the dry condition is influenced by the soil’s mineral composition and moisture content. For example, soils with high organic matter content typically appear dark brown or black when dry, while sandy or saline soils may appear lighter in color. Dry soil color is used in soil classification and can provide insights into the soil's composition and drainage. Source: Soil Science Society of America. (2008). Soil Science Glossary. Soil Science Society of America.","ISRIC Report 2019/01: Tier 1 and Tier 2 data in the context of the federated Global Soil Information System. Appendix 3"
"http://w3id.org/glosis/model/common/colourMoistProperty",,"GL_Layer","colourMoistProperty","The Colour Moist property refers to the soil's color when it is in a wet or moist condition. Moisture enhances the color intensity of the soil, which is often darker compared to its dry state. This is particularly helpful in determining organic matter content, iron oxide presence, and soil moisture retention. For instance, moist soils with abundant organic material tend to appear darker, whereas more mineral-rich soils can appear lighter in color. Source: Soil Science Society of America. (2008). Soil Science Glossary. Soil Science Society of America.","ISRIC Report 2019/01: Tier 1 and Tier 2 data in the context of the federated Global Soil Information System. Appendix 3"
"http://w3id.org/glosis/model/common/colourMoistProperty","GL_Surface",,"colourMoistProperty","The Colour Moist property refers to the soil's color when it is in a wet or moist condition. Moisture enhances the color intensity of the soil, which is often darker compared to its dry state. This is particularly helpful in determining organic matter content, iron oxide presence, and soil moisture retention. For instance, moist soils with abundant organic material tend to appear darker, whereas more mineral-rich soils can appear lighter in color. Source: Soil Science Society of America. (2008). Soil Science Glossary. Soil Science Society of America.","ISRIC Report 2019/01: Tier 1 and Tier 2 data in the context of the federated Global Soil Information System. Appendix 3"
"http://w3id.org/glosis/model/common/colourMoistProperty","GL_Profile",,"colourMoistProperty","The Colour Moist property refers to the soil's color when it is in a wet or moist condition. Moisture enhances the color intensity of the soil, which is often darker compared to its dry state. This is particularly helpful in determining organic matter content, iron oxide presence, and soil moisture retention. For instance, moist soils with abundant organic material tend to appear darker, whereas more mineral-rich soils can appear lighter in color. Source: Soil Science Society of America. (2008). Soil Science Glossary. Soil Science Society of America.","ISRIC Report 2019/01: Tier 1 and Tier 2 data in the context of the federated Global Soil Information System. Appendix 3"
"http://w3id.org/glosis/model/common/colourMoistProperty","GL_Plot",,"colourMoistProperty","The Colour Moist property refers to the soil's color when it is in a wet or moist condition. Moisture enhances the color intensity of the soil, which is often darker compared to its dry state. This is particularly helpful in determining organic matter content, iron oxide presence, and soil moisture retention. For instance, moist soils with abundant organic material tend to appear darker, whereas more mineral-rich soils can appear lighter in color. Source: Soil Science Society of America. (2008). Soil Science Glossary. Soil Science Society of America.","ISRIC Report 2019/01: Tier 1 and Tier 2 data in the context of the federated Global Soil Information System. Appendix 3"
"http://w3id.org/glosis/model/common/colourMoistProperty",,"GL_Plot","colourMoistProperty","The Colour Moist property refers to the soil's color when it is in a wet or moist condition. Moisture enhances the color intensity of the soil, which is often darker compared to its dry state. This is particularly helpful in determining organic matter content, iron oxide presence, and soil moisture retention. For instance, moist soils with abundant organic material tend to appear darker, whereas more mineral-rich soils can appear lighter in color. Source: Soil Science Society of America. (2008). Soil Science Glossary. Soil Science Society of America.","ISRIC Report 2019/01: Tier 1 and Tier 2 data in the context of the federated Global Soil Information System. Appendix 3"
"http://w3id.org/glosis/model/common/cracksDepthProperty",,"GL_Layer","cracksDepthProperty","The Cracks Depth property refers to the measurement of the vertical depth of cracks formed in soil, which is typically observed in dry conditions when the soil shrinks. Cracks are more common in clayey soils that experience significant shrinkage upon drying. The depth of these cracks can indicate soil moisture levels, compaction, and the ability of the soil to expand and contract, which affects water infiltration and root penetration. Source: McSweeney, K. (2009). Soil and Water Conservation Handbook. CRC Press.","Guidelines for Soil Description issued by the FAO: table 21,2"
"http://w3id.org/glosis/model/common/cracksDepthProperty","GL_Surface",,"cracksDepthProperty","The Cracks Depth property refers to the measurement of the vertical depth of cracks formed in soil, which is typically observed in dry conditions when the soil shrinks. Cracks are more common in clayey soils that experience significant shrinkage upon drying. The depth of these cracks can indicate soil moisture levels, compaction, and the ability of the soil to expand and contract, which affects water infiltration and root penetration. Source: McSweeney, K. (2009). Soil and Water Conservation Handbook. CRC Press.","Guidelines for Soil Description issued by the FAO: table 21,2"
"http://w3id.org/glosis/model/common/cracksDepthProperty","GL_Profile",,"cracksDepthProperty","The Cracks Depth property refers to the measurement of the vertical depth of cracks formed in soil, which is typically observed in dry conditions when the soil shrinks. Cracks are more common in clayey soils that experience significant shrinkage upon drying. The depth of these cracks can indicate soil moisture levels, compaction, and the ability of the soil to expand and contract, which affects water infiltration and root penetration. Source: McSweeney, K. (2009). Soil and Water Conservation Handbook. CRC Press.","Guidelines for Soil Description issued by the FAO: table 21,2"
"http://w3id.org/glosis/model/common/cracksDepthProperty","GL_Plot",,"cracksDepthProperty","The Cracks Depth property refers to the measurement of the vertical depth of cracks formed in soil, which is typically observed in dry conditions when the soil shrinks. Cracks are more common in clayey soils that experience significant shrinkage upon drying. The depth of these cracks can indicate soil moisture levels, compaction, and the ability of the soil to expand and contract, which affects water infiltration and root penetration. Source: McSweeney, K. (2009). Soil and Water Conservation Handbook. CRC Press.","Guidelines for Soil Description issued by the FAO: table 21,2"
"http://w3id.org/glosis/model/common/cracksDepthProperty",,"GL_Plot","cracksDepthProperty","The Cracks Depth property refers to the measurement of the vertical depth of cracks formed in soil, which is typically observed in dry conditions when the soil shrinks. Cracks are more common in clayey soils that experience significant shrinkage upon drying. The depth of these cracks can indicate soil moisture levels, compaction, and the ability of the soil to expand and contract, which affects water infiltration and root penetration. Source: McSweeney, K. (2009). Soil and Water Conservation Handbook. CRC Press.","Guidelines for Soil Description issued by the FAO: table 21,2"
"http://w3id.org/glosis/model/common/cracksDistanceProperty",,"GL_Layer","cracksDistanceProperty","The Cracks Distance property refers to the horizontal spacing between cracks in the soil surface, which can occur due to the shrinkage of soil as it dries. Cracks form when water content decreases, and their distance is an indicator of the soil's shrink-swell behavior. Larger distances between cracks generally indicate more severe soil shrinkage, which can affect root growth and water infiltration. Source: McSweeney, K. (2009). Soil and Water Conservation Handbook. CRC Press.","Guidelines for Soil Description issued by the FAO: table 21,3"
"http://w3id.org/glosis/model/common/cracksDistanceProperty","GL_Surface",,"cracksDistanceProperty","The Cracks Distance property refers to the horizontal spacing between cracks in the soil surface, which can occur due to the shrinkage of soil as it dries. Cracks form when water content decreases, and their distance is an indicator of the soil's shrink-swell behavior. Larger distances between cracks generally indicate more severe soil shrinkage, which can affect root growth and water infiltration. Source: McSweeney, K. (2009). Soil and Water Conservation Handbook. CRC Press.","Guidelines for Soil Description issued by the FAO: table 21,3"
"http://w3id.org/glosis/model/common/cracksDistanceProperty","GL_Profile",,"cracksDistanceProperty","The Cracks Distance property refers to the horizontal spacing between cracks in the soil surface, which can occur due to the shrinkage of soil as it dries. Cracks form when water content decreases, and their distance is an indicator of the soil's shrink-swell behavior. Larger distances between cracks generally indicate more severe soil shrinkage, which can affect root growth and water infiltration. Source: McSweeney, K. (2009). Soil and Water Conservation Handbook. CRC Press.","Guidelines for Soil Description issued by the FAO: table 21,3"
"http://w3id.org/glosis/model/common/cracksDistanceProperty","GL_Plot",,"cracksDistanceProperty","The Cracks Distance property refers to the horizontal spacing between cracks in the soil surface, which can occur due to the shrinkage of soil as it dries. Cracks form when water content decreases, and their distance is an indicator of the soil's shrink-swell behavior. Larger distances between cracks generally indicate more severe soil shrinkage, which can affect root growth and water infiltration. Source: McSweeney, K. (2009). Soil and Water Conservation Handbook. CRC Press.","Guidelines for Soil Description issued by the FAO: table 21,3"
"http://w3id.org/glosis/model/common/cracksDistanceProperty",,"GL_Plot","cracksDistanceProperty","The Cracks Distance property refers to the horizontal spacing between cracks in the soil surface, which can occur due to the shrinkage of soil as it dries. Cracks form when water content decreases, and their distance is an indicator of the soil's shrink-swell behavior. Larger distances between cracks generally indicate more severe soil shrinkage, which can affect root growth and water infiltration. Source: McSweeney, K. (2009). Soil and Water Conservation Handbook. CRC Press.","Guidelines for Soil Description issued by the FAO: table 21,3"
"http://w3id.org/glosis/model/common/cracksWidthProperty",,"GL_Layer","cracksWidthProperty","The Cracks Width property refers to the measurement of the gap or space between the sides of soil cracks. The width of these cracks is typically influenced by soil moisture content and texture. Wider cracks are indicative of drier conditions and are commonly found in soils with high clay content, which tend to shrink and form deep cracks when the moisture content is reduced. Source: McSweeney, K. (2009). Soil and Water Conservation Handbook. CRC Press.","Guidelines for Soil Description issued by the FAO: table 21,1"
"http://w3id.org/glosis/model/common/cracksWidthProperty","GL_Surface",,"cracksWidthProperty","The Cracks Width property refers to the measurement of the gap or space between the sides of soil cracks. The width of these cracks is typically influenced by soil moisture content and texture. Wider cracks are indicative of drier conditions and are commonly found in soils with high clay content, which tend to shrink and form deep cracks when the moisture content is reduced. Source: McSweeney, K. (2009). Soil and Water Conservation Handbook. CRC Press.","Guidelines for Soil Description issued by the FAO: table 21,1"
"http://w3id.org/glosis/model/common/cracksWidthProperty","GL_Profile",,"cracksWidthProperty","The Cracks Width property refers to the measurement of the gap or space between the sides of soil cracks. The width of these cracks is typically influenced by soil moisture content and texture. Wider cracks are indicative of drier conditions and are commonly found in soils with high clay content, which tend to shrink and form deep cracks when the moisture content is reduced. Source: McSweeney, K. (2009). Soil and Water Conservation Handbook. CRC Press.","Guidelines for Soil Description issued by the FAO: table 21,1"
"http://w3id.org/glosis/model/common/cracksWidthProperty","GL_Plot",,"cracksWidthProperty","The Cracks Width property refers to the measurement of the gap or space between the sides of soil cracks. The width of these cracks is typically influenced by soil moisture content and texture. Wider cracks are indicative of drier conditions and are commonly found in soils with high clay content, which tend to shrink and form deep cracks when the moisture content is reduced. Source: McSweeney, K. (2009). Soil and Water Conservation Handbook. CRC Press.","Guidelines for Soil Description issued by the FAO: table 21,1"
"http://w3id.org/glosis/model/common/cracksWidthProperty",,"GL_Plot","cracksWidthProperty","The Cracks Width property refers to the measurement of the gap or space between the sides of soil cracks. The width of these cracks is typically influenced by soil moisture content and texture. Wider cracks are indicative of drier conditions and are commonly found in soils with high clay content, which tend to shrink and form deep cracks when the moisture content is reduced. Source: McSweeney, K. (2009). Soil and Water Conservation Handbook. CRC Press.","Guidelines for Soil Description issued by the FAO: table 21,1"
"http://w3id.org/glosis/model/common/fragmentCoverProperty",,"GL_Layer","fragmentCoverProperty","The Fragment Cover property describes the proportion of the soil surface covered by coarse fragments such as rocks, stones, or other large particles. This property is important because a high fragment cover can reduce soil erosion but may also interfere with water infiltration and root growth. Fragment cover is often used as an indicator of soil stability and erosion potential. Source: FAO (2006). Guidelines for Soil Description (4th ed.). Food and Agriculture Organization of the United Nations.","Guidelines for Soil Description issued by the FAO: table 15,1"
"http://w3id.org/glosis/model/common/fragmentCoverProperty","GL_Surface",,"fragmentCoverProperty","The Fragment Cover property describes the proportion of the soil surface covered by coarse fragments such as rocks, stones, or other large particles. This property is important because a high fragment cover can reduce soil erosion but may also interfere with water infiltration and root growth. Fragment cover is often used as an indicator of soil stability and erosion potential. Source: FAO (2006). Guidelines for Soil Description (4th ed.). Food and Agriculture Organization of the United Nations.","Guidelines for Soil Description issued by the FAO: table 15,1"
"http://w3id.org/glosis/model/common/fragmentCoverProperty","GL_Profile",,"fragmentCoverProperty","The Fragment Cover property describes the proportion of the soil surface covered by coarse fragments such as rocks, stones, or other large particles. This property is important because a high fragment cover can reduce soil erosion but may also interfere with water infiltration and root growth. Fragment cover is often used as an indicator of soil stability and erosion potential. Source: FAO (2006). Guidelines for Soil Description (4th ed.). Food and Agriculture Organization of the United Nations.","Guidelines for Soil Description issued by the FAO: table 15,1"
"http://w3id.org/glosis/model/common/fragmentCoverProperty","GL_Plot",,"fragmentCoverProperty","The Fragment Cover property describes the proportion of the soil surface covered by coarse fragments such as rocks, stones, or other large particles. This property is important because a high fragment cover can reduce soil erosion but may also interfere with water infiltration and root growth. Fragment cover is often used as an indicator of soil stability and erosion potential. Source: FAO (2006). Guidelines for Soil Description (4th ed.). Food and Agriculture Organization of the United Nations.","Guidelines for Soil Description issued by the FAO: table 15,1"
"http://w3id.org/glosis/model/common/fragmentCoverProperty",,"GL_Plot","fragmentCoverProperty","The Fragment Cover property describes the proportion of the soil surface covered by coarse fragments such as rocks, stones, or other large particles. This property is important because a high fragment cover can reduce soil erosion but may also interfere with water infiltration and root growth. Fragment cover is often used as an indicator of soil stability and erosion potential. Source: FAO (2006). Guidelines for Soil Description (4th ed.). Food and Agriculture Organization of the United Nations.","Guidelines for Soil Description issued by the FAO: table 15,1"
"http://w3id.org/glosis/model/common/fragmentsSizeProperty",,"GL_Layer","fragmentsSizeProperty","The Fragments Size property refers to the dimensions of rock or mineral fragments present in the soil. These fragments are categorized based on their size, ranging from small gravel particles to larger stones and boulders. Larger fragments tend to reduce soil fertility, inhibit root growth, and decrease water retention. Smaller fragments, in contrast, contribute to soil texture and permeability. Source: Soil Science Society of America. (2008). Soil Science Glossary. Soil Science Society of America.","Guidelines for Soil Description issued by the FAO: table 15,2"
"http://w3id.org/glosis/model/common/fragmentsSizeProperty","GL_Surface",,"fragmentsSizeProperty","The Fragments Size property refers to the dimensions of rock or mineral fragments present in the soil. These fragments are categorized based on their size, ranging from small gravel particles to larger stones and boulders. Larger fragments tend to reduce soil fertility, inhibit root growth, and decrease water retention. Smaller fragments, in contrast, contribute to soil texture and permeability. Source: Soil Science Society of America. (2008). Soil Science Glossary. Soil Science Society of America.","Guidelines for Soil Description issued by the FAO: table 15,2"
"http://w3id.org/glosis/model/common/fragmentsSizeProperty","GL_Profile",,"fragmentsSizeProperty","The Fragments Size property refers to the dimensions of rock or mineral fragments present in the soil. These fragments are categorized based on their size, ranging from small gravel particles to larger stones and boulders. Larger fragments tend to reduce soil fertility, inhibit root growth, and decrease water retention. Smaller fragments, in contrast, contribute to soil texture and permeability. Source: Soil Science Society of America. (2008). Soil Science Glossary. Soil Science Society of America.","Guidelines for Soil Description issued by the FAO: table 15,2"
"http://w3id.org/glosis/model/common/fragmentsSizeProperty","GL_Plot",,"fragmentsSizeProperty","The Fragments Size property refers to the dimensions of rock or mineral fragments present in the soil. These fragments are categorized based on their size, ranging from small gravel particles to larger stones and boulders. Larger fragments tend to reduce soil fertility, inhibit root growth, and decrease water retention. Smaller fragments, in contrast, contribute to soil texture and permeability. Source: Soil Science Society of America. (2008). Soil Science Glossary. Soil Science Society of America.","Guidelines for Soil Description issued by the FAO: table 15,2"
"http://w3id.org/glosis/model/common/fragmentsSizeProperty",,"GL_Plot","fragmentsSizeProperty","The Fragments Size property refers to the dimensions of rock or mineral fragments present in the soil. These fragments are categorized based on their size, ranging from small gravel particles to larger stones and boulders. Larger fragments tend to reduce soil fertility, inhibit root growth, and decrease water retention. Smaller fragments, in contrast, contribute to soil texture and permeability. Source: Soil Science Society of America. (2008). Soil Science Glossary. Soil Science Society of America.","Guidelines for Soil Description issued by the FAO: table 15,2"
"http://w3id.org/glosis/model/common/infiltrationRateClassProperty",,"GL_Layer","infiltrationRateClassProperty","The Infiltration Rate Class property classifies the soil’s ability to absorb water based on observed infiltration rates. This classification is typically divided into categories like slow, moderate, or rapid infiltration, based on how quickly water is absorbed into the soil. It is an essential property for understanding drainage, runoff, and irrigation needs. Source: Hillel, D. (2004). Introduction to Soil Physics. Academic Press.","ISRIC Report 2019/01: Tier 1 and Tier 2 data in the context of the federated Global Soil Information System. Appendix 1"
"http://w3id.org/glosis/model/common/infiltrationRateClassProperty","GL_Surface",,"infiltrationRateClassProperty","The Infiltration Rate Class property classifies the soil’s ability to absorb water based on observed infiltration rates. This classification is typically divided into categories like slow, moderate, or rapid infiltration, based on how quickly water is absorbed into the soil. It is an essential property for understanding drainage, runoff, and irrigation needs. Source: Hillel, D. (2004). Introduction to Soil Physics. Academic Press.","ISRIC Report 2019/01: Tier 1 and Tier 2 data in the context of the federated Global Soil Information System. Appendix 1"
"http://w3id.org/glosis/model/common/infiltrationRateClassProperty","GL_Profile",,"infiltrationRateClassProperty","The Infiltration Rate Class property classifies the soil’s ability to absorb water based on observed infiltration rates. This classification is typically divided into categories like slow, moderate, or rapid infiltration, based on how quickly water is absorbed into the soil. It is an essential property for understanding drainage, runoff, and irrigation needs. Source: Hillel, D. (2004). Introduction to Soil Physics. Academic Press.","ISRIC Report 2019/01: Tier 1 and Tier 2 data in the context of the federated Global Soil Information System. Appendix 1"
"http://w3id.org/glosis/model/common/infiltrationRateClassProperty","GL_Plot",,"infiltrationRateClassProperty","The Infiltration Rate Class property classifies the soil’s ability to absorb water based on observed infiltration rates. This classification is typically divided into categories like slow, moderate, or rapid infiltration, based on how quickly water is absorbed into the soil. It is an essential property for understanding drainage, runoff, and irrigation needs. Source: Hillel, D. (2004). Introduction to Soil Physics. Academic Press.","ISRIC Report 2019/01: Tier 1 and Tier 2 data in the context of the federated Global Soil Information System. Appendix 1"
"http://w3id.org/glosis/model/common/infiltrationRateClassProperty",,"GL_Plot","infiltrationRateClassProperty","The Infiltration Rate Class property classifies the soil’s ability to absorb water based on observed infiltration rates. This classification is typically divided into categories like slow, moderate, or rapid infiltration, based on how quickly water is absorbed into the soil. It is an essential property for understanding drainage, runoff, and irrigation needs. Source: Hillel, D. (2004). Introduction to Soil Physics. Academic Press.","ISRIC Report 2019/01: Tier 1 and Tier 2 data in the context of the federated Global Soil Information System. Appendix 1"
"http://w3id.org/glosis/model/common/infiltrationRateNumericProperty",,"GL_Layer","infiltrationRateNumericProperty","The Infiltration Rate Numeric property provides a quantitative measure of the rate at which water enters the soil, usually expressed in units such as millimeters per hour (mm/h). This numeric value is essential for determining soil permeability, irrigation management, and runoff prediction. Higher infiltration rates indicate well-drained soils, while lower rates suggest compacted or clay-rich soils. Source: Bouwer, H. (2000). Integrated Water Management for the 21st Century. Water Resources Research.","ISRIC Report 2019/01: Tier 1 and Tier 2 data in the context of the federated Global Soil Information System. Appendix 1"
"http://w3id.org/glosis/model/common/infiltrationRateNumericProperty","GL_Surface",,"infiltrationRateNumericProperty","The Infiltration Rate Numeric property provides a quantitative measure of the rate at which water enters the soil, usually expressed in units such as millimeters per hour (mm/h). This numeric value is essential for determining soil permeability, irrigation management, and runoff prediction. Higher infiltration rates indicate well-drained soils, while lower rates suggest compacted or clay-rich soils. Source: Bouwer, H. (2000). Integrated Water Management for the 21st Century. Water Resources Research.","ISRIC Report 2019/01: Tier 1 and Tier 2 data in the context of the federated Global Soil Information System. Appendix 1"
"http://w3id.org/glosis/model/common/infiltrationRateNumericProperty","GL_Profile",,"infiltrationRateNumericProperty","The Infiltration Rate Numeric property provides a quantitative measure of the rate at which water enters the soil, usually expressed in units such as millimeters per hour (mm/h). This numeric value is essential for determining soil permeability, irrigation management, and runoff prediction. Higher infiltration rates indicate well-drained soils, while lower rates suggest compacted or clay-rich soils. Source: Bouwer, H. (2000). Integrated Water Management for the 21st Century. Water Resources Research.","ISRIC Report 2019/01: Tier 1 and Tier 2 data in the context of the federated Global Soil Information System. Appendix 1"
"http://w3id.org/glosis/model/common/infiltrationRateNumericProperty","GL_Plot",,"infiltrationRateNumericProperty","The Infiltration Rate Numeric property provides a quantitative measure of the rate at which water enters the soil, usually expressed in units such as millimeters per hour (mm/h). This numeric value is essential for determining soil permeability, irrigation management, and runoff prediction. Higher infiltration rates indicate well-drained soils, while lower rates suggest compacted or clay-rich soils. Source: Bouwer, H. (2000). Integrated Water Management for the 21st Century. Water Resources Research.","ISRIC Report 2019/01: Tier 1 and Tier 2 data in the context of the federated Global Soil Information System. Appendix 1"
"http://w3id.org/glosis/model/common/infiltrationRateNumericProperty",,"GL_Plot","infiltrationRateNumericProperty","The Infiltration Rate Numeric property provides a quantitative measure of the rate at which water enters the soil, usually expressed in units such as millimeters per hour (mm/h). This numeric value is essential for determining soil permeability, irrigation management, and runoff prediction. Higher infiltration rates indicate well-drained soils, while lower rates suggest compacted or clay-rich soils. Source: Bouwer, H. (2000). Integrated Water Management for the 21st Century. Water Resources Research.","ISRIC Report 2019/01: Tier 1 and Tier 2 data in the context of the federated Global Soil Information System. Appendix 1"
"http://w3id.org/glosis/model/common/rockAbundanceProperty",,"GL_Layer","rockAbundanceProperty","The Rock Abundance property refers to the proportion or percentage of rock fragments in the soil profile. High rock abundance can affect soil tillage, water retention, root penetration, and overall soil fertility. It is often used to assess land suitability for agriculture and vegetation. Source: FAO (2006). Guidelines for Soil Description (4th ed.). Food and Agriculture Organization of the United Nations.","Guidelines for Soil Description issued by the FAO: table 26"
"http://w3id.org/glosis/model/common/rockAbundanceProperty","GL_Surface",,"rockAbundanceProperty","The Rock Abundance property refers to the proportion or percentage of rock fragments in the soil profile. High rock abundance can affect soil tillage, water retention, root penetration, and overall soil fertility. It is often used to assess land suitability for agriculture and vegetation. Source: FAO (2006). Guidelines for Soil Description (4th ed.). Food and Agriculture Organization of the United Nations.","Guidelines for Soil Description issued by the FAO: table 26"
"http://w3id.org/glosis/model/common/rockAbundanceProperty","GL_Profile",,"rockAbundanceProperty","The Rock Abundance property refers to the proportion or percentage of rock fragments in the soil profile. High rock abundance can affect soil tillage, water retention, root penetration, and overall soil fertility. It is often used to assess land suitability for agriculture and vegetation. Source: FAO (2006). Guidelines for Soil Description (4th ed.). Food and Agriculture Organization of the United Nations.","Guidelines for Soil Description issued by the FAO: table 26"
"http://w3id.org/glosis/model/common/rockAbundanceProperty","GL_Plot",,"rockAbundanceProperty","The Rock Abundance property refers to the proportion or percentage of rock fragments in the soil profile. High rock abundance can affect soil tillage, water retention, root penetration, and overall soil fertility. It is often used to assess land suitability for agriculture and vegetation. Source: FAO (2006). Guidelines for Soil Description (4th ed.). Food and Agriculture Organization of the United Nations.","Guidelines for Soil Description issued by the FAO: table 26"
"http://w3id.org/glosis/model/common/rockAbundanceProperty",,"GL_Plot","rockAbundanceProperty","The Rock Abundance property refers to the proportion or percentage of rock fragments in the soil profile. High rock abundance can affect soil tillage, water retention, root penetration, and overall soil fertility. It is often used to assess land suitability for agriculture and vegetation. Source: FAO (2006). Guidelines for Soil Description (4th ed.). Food and Agriculture Organization of the United Nations.","Guidelines for Soil Description issued by the FAO: table 26"
"http://w3id.org/glosis/model/common/rockShapeProperty",,"GL_Layer","rockShapeProperty","The Rock Shape property describes the physical form of rock fragments in the soil, which can range from angular to rounded. Angular rocks are generally a sign of recent weathering, while rounded rocks have been smoothed by long-term weathering processes. The shape of rocks influences soil texture, drainage, and tillage requirements. Source: FAO (2006). Guidelines for Soil Description (4th ed.). Food and Agriculture Organization of the United Nations.","Guidelines for Soil Description issued by the FAO: table 28"
"http://w3id.org/glosis/model/common/rockShapeProperty","GL_Surface",,"rockShapeProperty","The Rock Shape property describes the physical form of rock fragments in the soil, which can range from angular to rounded. Angular rocks are generally a sign of recent weathering, while rounded rocks have been smoothed by long-term weathering processes. The shape of rocks influences soil texture, drainage, and tillage requirements. Source: FAO (2006). Guidelines for Soil Description (4th ed.). Food and Agriculture Organization of the United Nations.","Guidelines for Soil Description issued by the FAO: table 28"
"http://w3id.org/glosis/model/common/rockShapeProperty","GL_Profile",,"rockShapeProperty","The Rock Shape property describes the physical form of rock fragments in the soil, which can range from angular to rounded. Angular rocks are generally a sign of recent weathering, while rounded rocks have been smoothed by long-term weathering processes. The shape of rocks influences soil texture, drainage, and tillage requirements. Source: FAO (2006). Guidelines for Soil Description (4th ed.). Food and Agriculture Organization of the United Nations.","Guidelines for Soil Description issued by the FAO: table 28"
"http://w3id.org/glosis/model/common/rockShapeProperty","GL_Plot",,"rockShapeProperty","The Rock Shape property describes the physical form of rock fragments in the soil, which can range from angular to rounded. Angular rocks are generally a sign of recent weathering, while rounded rocks have been smoothed by long-term weathering processes. The shape of rocks influences soil texture, drainage, and tillage requirements. Source: FAO (2006). Guidelines for Soil Description (4th ed.). Food and Agriculture Organization of the United Nations.","Guidelines for Soil Description issued by the FAO: table 28"
"http://w3id.org/glosis/model/common/rockShapeProperty",,"GL_Plot","rockShapeProperty","The Rock Shape property describes the physical form of rock fragments in the soil, which can range from angular to rounded. Angular rocks are generally a sign of recent weathering, while rounded rocks have been smoothed by long-term weathering processes. The shape of rocks influences soil texture, drainage, and tillage requirements. Source: FAO (2006). Guidelines for Soil Description (4th ed.). Food and Agriculture Organization of the United Nations.","Guidelines for Soil Description issued by the FAO: table 28"
"http://w3id.org/glosis/model/common/rockSizeProperty",,"GL_Layer","rockSizeProperty","The Rock Size property refers to the dimensions of the rock fragments present in the soil. Rocks are typically classified by their size, from small gravel to large boulders. Larger rocks can limit root growth, hinder water infiltration, and complicate soil management practices. Source: Soil Science Society of America. (2008). Soil Science Glossary. Soil Science Society of America.","Guidelines for Soil Description issued by the FAO: table 27"
"http://w3id.org/glosis/model/common/rockSizeProperty","GL_Surface",,"rockSizeProperty","The Rock Size property refers to the dimensions of the rock fragments present in the soil. Rocks are typically classified by their size, from small gravel to large boulders. Larger rocks can limit root growth, hinder water infiltration, and complicate soil management practices. Source: Soil Science Society of America. (2008). Soil Science Glossary. Soil Science Society of America.","Guidelines for Soil Description issued by the FAO: table 27"
"http://w3id.org/glosis/model/common/rockSizeProperty","GL_Profile",,"rockSizeProperty","The Rock Size property refers to the dimensions of the rock fragments present in the soil. Rocks are typically classified by their size, from small gravel to large boulders. Larger rocks can limit root growth, hinder water infiltration, and complicate soil management practices. Source: Soil Science Society of America. (2008). Soil Science Glossary. Soil Science Society of America.","Guidelines for Soil Description issued by the FAO: table 27"
"http://w3id.org/glosis/model/common/rockSizeProperty","GL_Plot",,"rockSizeProperty","The Rock Size property refers to the dimensions of the rock fragments present in the soil. Rocks are typically classified by their size, from small gravel to large boulders. Larger rocks can limit root growth, hinder water infiltration, and complicate soil management practices. Source: Soil Science Society of America. (2008). Soil Science Glossary. Soil Science Society of America.","Guidelines for Soil Description issued by the FAO: table 27"
"http://w3id.org/glosis/model/common/rockSizeProperty",,"GL_Plot","rockSizeProperty","The Rock Size property refers to the dimensions of the rock fragments present in the soil. Rocks are typically classified by their size, from small gravel to large boulders. Larger rocks can limit root growth, hinder water infiltration, and complicate soil management practices. Source: Soil Science Society of America. (2008). Soil Science Glossary. Soil Science Society of America.","Guidelines for Soil Description issued by the FAO: table 27"
"http://w3id.org/glosis/model/common/soilDepthBedrockProperty",,"GL_Layer","soilDepthBedrockProperty","The Soil Depth Bedrock property refers to the distance from the soil surface to the underlying bedrock layer. This measurement is important for understanding the soil's capacity to support plant growth, as soils with shallow bedrock tend to have limited rooting depth, affecting water retention and nutrient availability. Source: FAO (2006). Guidelines for Soil Description (4th ed.). Food and Agriculture Organization of the United Nations.","ISRIC Report 2019/01: Tier 1 and Tier 2 data in the context of the federated Global Soil Information System. Appendix 1"
"http://w3id.org/glosis/model/common/soilDepthBedrockProperty","GL_Surface",,"soilDepthBedrockProperty","The Soil Depth Bedrock property refers to the distance from the soil surface to the underlying bedrock layer. This measurement is important for understanding the soil's capacity to support plant growth, as soils with shallow bedrock tend to have limited rooting depth, affecting water retention and nutrient availability. Source: FAO (2006). Guidelines for Soil Description (4th ed.). Food and Agriculture Organization of the United Nations.","ISRIC Report 2019/01: Tier 1 and Tier 2 data in the context of the federated Global Soil Information System. Appendix 1"
"http://w3id.org/glosis/model/common/soilDepthBedrockProperty","GL_Profile",,"soilDepthBedrockProperty","The Soil Depth Bedrock property refers to the distance from the soil surface to the underlying bedrock layer. This measurement is important for understanding the soil's capacity to support plant growth, as soils with shallow bedrock tend to have limited rooting depth, affecting water retention and nutrient availability. Source: FAO (2006). Guidelines for Soil Description (4th ed.). Food and Agriculture Organization of the United Nations.","ISRIC Report 2019/01: Tier 1 and Tier 2 data in the context of the federated Global Soil Information System. Appendix 1"
"http://w3id.org/glosis/model/common/soilDepthBedrockProperty","GL_Plot",,"soilDepthBedrockProperty","The Soil Depth Bedrock property refers to the distance from the soil surface to the underlying bedrock layer. This measurement is important for understanding the soil's capacity to support plant growth, as soils with shallow bedrock tend to have limited rooting depth, affecting water retention and nutrient availability. Source: FAO (2006). Guidelines for Soil Description (4th ed.). Food and Agriculture Organization of the United Nations.","ISRIC Report 2019/01: Tier 1 and Tier 2 data in the context of the federated Global Soil Information System. Appendix 1"
"http://w3id.org/glosis/model/common/soilDepthBedrockProperty",,"GL_Plot","soilDepthBedrockProperty","The Soil Depth Bedrock property refers to the distance from the soil surface to the underlying bedrock layer. This measurement is important for understanding the soil's capacity to support plant growth, as soils with shallow bedrock tend to have limited rooting depth, affecting water retention and nutrient availability. Source: FAO (2006). Guidelines for Soil Description (4th ed.). Food and Agriculture Organization of the United Nations.","ISRIC Report 2019/01: Tier 1 and Tier 2 data in the context of the federated Global Soil Information System. Appendix 1"
"http://w3id.org/glosis/model/common/soilDepthProperty",,"GL_Layer","soilDepthProperty","The Soil Depth property measures the vertical distance from the soil surface to an impenetrable layer, such as bedrock or a hardpan. Soil depth is a crucial factor influencing root development, water storage, and plant growth. Shallow soils may limit root growth, while deep soils can support more extensive root systems. Source: Brady, N. C., & Weil, R. R. (2008). The Nature and Properties of Soils (14th ed.). Pearson Prentice Hall.","ISRIC Report 2019/01: Tier 1 and Tier 2 data in the context of the federated Global Soil Information System. Appendix 1"
"http://w3id.org/glosis/model/common/soilDepthProperty","GL_Surface",,"soilDepthProperty","The Soil Depth property measures the vertical distance from the soil surface to an impenetrable layer, such as bedrock or a hardpan. Soil depth is a crucial factor influencing root development, water storage, and plant growth. Shallow soils may limit root growth, while deep soils can support more extensive root systems. Source: Brady, N. C., & Weil, R. R. (2008). The Nature and Properties of Soils (14th ed.). Pearson Prentice Hall.","ISRIC Report 2019/01: Tier 1 and Tier 2 data in the context of the federated Global Soil Information System. Appendix 1"
"http://w3id.org/glosis/model/common/soilDepthProperty","GL_Profile",,"soilDepthProperty","The Soil Depth property measures the vertical distance from the soil surface to an impenetrable layer, such as bedrock or a hardpan. Soil depth is a crucial factor influencing root development, water storage, and plant growth. Shallow soils may limit root growth, while deep soils can support more extensive root systems. Source: Brady, N. C., & Weil, R. R. (2008). The Nature and Properties of Soils (14th ed.). Pearson Prentice Hall.","ISRIC Report 2019/01: Tier 1 and Tier 2 data in the context of the federated Global Soil Information System. Appendix 1"
"http://w3id.org/glosis/model/common/soilDepthProperty","GL_Plot",,"soilDepthProperty","The Soil Depth property measures the vertical distance from the soil surface to an impenetrable layer, such as bedrock or a hardpan. Soil depth is a crucial factor influencing root development, water storage, and plant growth. Shallow soils may limit root growth, while deep soils can support more extensive root systems. Source: Brady, N. C., & Weil, R. R. (2008). The Nature and Properties of Soils (14th ed.). Pearson Prentice Hall.","ISRIC Report 2019/01: Tier 1 and Tier 2 data in the context of the federated Global Soil Information System. Appendix 1"
"http://w3id.org/glosis/model/common/soilDepthProperty",,"GL_Plot","soilDepthProperty","The Soil Depth property measures the vertical distance from the soil surface to an impenetrable layer, such as bedrock or a hardpan. Soil depth is a crucial factor influencing root development, water storage, and plant growth. Shallow soils may limit root growth, while deep soils can support more extensive root systems. Source: Brady, N. C., & Weil, R. R. (2008). The Nature and Properties of Soils (14th ed.). Pearson Prentice Hall.","ISRIC Report 2019/01: Tier 1 and Tier 2 data in the context of the federated Global Soil Information System. Appendix 1"
"http://w3id.org/glosis/model/common/soilDepthRootableClassProperty",,"GL_Layer","soilDepthRootableClassProperty","The Soil Depth Rootable Class property classifies soils based on the depth of the rootable zone, which excludes impenetrable layers such as bedrock or compacted horizons. Soils are typically classified as shallow, moderately deep, or deep, depending on the depth of the root zone, which directly affects plant growth. Source: FAO (2006). Guidelines for Soil Description (4th ed.). Food and Agriculture Organization of the United Nations.","ISRIC Report 2019/01: Tier 1 and Tier 2 data in the context of the federated Global Soil Information System. Appendix 1"
"http://w3id.org/glosis/model/common/soilDepthRootableClassProperty","GL_Surface",,"soilDepthRootableClassProperty","The Soil Depth Rootable Class property classifies soils based on the depth of the rootable zone, which excludes impenetrable layers such as bedrock or compacted horizons. Soils are typically classified as shallow, moderately deep, or deep, depending on the depth of the root zone, which directly affects plant growth. Source: FAO (2006). Guidelines for Soil Description (4th ed.). Food and Agriculture Organization of the United Nations.","ISRIC Report 2019/01: Tier 1 and Tier 2 data in the context of the federated Global Soil Information System. Appendix 1"
"http://w3id.org/glosis/model/common/soilDepthRootableClassProperty","GL_Profile",,"soilDepthRootableClassProperty","The Soil Depth Rootable Class property classifies soils based on the depth of the rootable zone, which excludes impenetrable layers such as bedrock or compacted horizons. Soils are typically classified as shallow, moderately deep, or deep, depending on the depth of the root zone, which directly affects plant growth. Source: FAO (2006). Guidelines for Soil Description (4th ed.). Food and Agriculture Organization of the United Nations.","ISRIC Report 2019/01: Tier 1 and Tier 2 data in the context of the federated Global Soil Information System. Appendix 1"
"http://w3id.org/glosis/model/common/soilDepthRootableClassProperty","GL_Plot",,"soilDepthRootableClassProperty","The Soil Depth Rootable Class property classifies soils based on the depth of the rootable zone, which excludes impenetrable layers such as bedrock or compacted horizons. Soils are typically classified as shallow, moderately deep, or deep, depending on the depth of the root zone, which directly affects plant growth. Source: FAO (2006). Guidelines for Soil Description (4th ed.). Food and Agriculture Organization of the United Nations.","ISRIC Report 2019/01: Tier 1 and Tier 2 data in the context of the federated Global Soil Information System. Appendix 1"
"http://w3id.org/glosis/model/common/soilDepthRootableClassProperty",,"GL_Plot","soilDepthRootableClassProperty","The Soil Depth Rootable Class property classifies soils based on the depth of the rootable zone, which excludes impenetrable layers such as bedrock or compacted horizons. Soils are typically classified as shallow, moderately deep, or deep, depending on the depth of the root zone, which directly affects plant growth. Source: FAO (2006). Guidelines for Soil Description (4th ed.). Food and Agriculture Organization of the United Nations.","ISRIC Report 2019/01: Tier 1 and Tier 2 data in the context of the federated Global Soil Information System. Appendix 1"
"http://w3id.org/glosis/model/common/soilDepthRootableProperty",,"GL_Layer","soilDepthRootableProperty","The Soil Depth Rootable property refers to the actual vertical depth of soil that can support plant roots, excluding any non-rootable layers such as bedrock or a water-impervious horizon. This depth is crucial for determining the suitability of land for agriculture and vegetation. Source: Soil Science Society of America. (2008). Soil Science Glossary. Soil Science Society of America.","ISRIC Report 2019/01: Tier 1 and Tier 2 data in the context of the federated Global Soil Information System. Appendix 1"
"http://w3id.org/glosis/model/common/soilDepthRootableProperty","GL_Surface",,"soilDepthRootableProperty","The Soil Depth Rootable property refers to the actual vertical depth of soil that can support plant roots, excluding any non-rootable layers such as bedrock or a water-impervious horizon. This depth is crucial for determining the suitability of land for agriculture and vegetation. Source: Soil Science Society of America. (2008). Soil Science Glossary. Soil Science Society of America.","ISRIC Report 2019/01: Tier 1 and Tier 2 data in the context of the federated Global Soil Information System. Appendix 1"
"http://w3id.org/glosis/model/common/soilDepthRootableProperty","GL_Profile",,"soilDepthRootableProperty","The Soil Depth Rootable property refers to the actual vertical depth of soil that can support plant roots, excluding any non-rootable layers such as bedrock or a water-impervious horizon. This depth is crucial for determining the suitability of land for agriculture and vegetation. Source: Soil Science Society of America. (2008). Soil Science Glossary. Soil Science Society of America.","ISRIC Report 2019/01: Tier 1 and Tier 2 data in the context of the federated Global Soil Information System. Appendix 1"
"http://w3id.org/glosis/model/common/soilDepthRootableProperty","GL_Plot",,"soilDepthRootableProperty","The Soil Depth Rootable property refers to the actual vertical depth of soil that can support plant roots, excluding any non-rootable layers such as bedrock or a water-impervious horizon. This depth is crucial for determining the suitability of land for agriculture and vegetation. Source: Soil Science Society of America. (2008). Soil Science Glossary. Soil Science Society of America.","ISRIC Report 2019/01: Tier 1 and Tier 2 data in the context of the federated Global Soil Information System. Appendix 1"
"http://w3id.org/glosis/model/common/soilDepthRootableProperty",,"GL_Plot","soilDepthRootableProperty","The Soil Depth Rootable property refers to the actual vertical depth of soil that can support plant roots, excluding any non-rootable layers such as bedrock or a water-impervious horizon. This depth is crucial for determining the suitability of land for agriculture and vegetation. Source: Soil Science Society of America. (2008). Soil Science Glossary. Soil Science Society of America.","ISRIC Report 2019/01: Tier 1 and Tier 2 data in the context of the federated Global Soil Information System. Appendix 1"
"http://w3id.org/glosis/model/common/soilDepthSampledProperty",,"GL_Layer","soilDepthSampledProperty","The Soil Depth Sampled property indicates the specific depth of the soil profile that has been sampled for analysis. This property is important for understanding the representativeness of the sample, as different soil horizons may vary significantly in properties such as texture, fertility, and moisture content. Source: Soil Science Society of America. (2008). Soil Science Glossary. Soil Science Society of America.","ISRIC Report 2019/01: Tier 1 and Tier 2 data in the context of the federated Global Soil Information System. Appendix 1"
"http://w3id.org/glosis/model/common/soilDepthSampledProperty","GL_Surface",,"soilDepthSampledProperty","The Soil Depth Sampled property indicates the specific depth of the soil profile that has been sampled for analysis. This property is important for understanding the representativeness of the sample, as different soil horizons may vary significantly in properties such as texture, fertility, and moisture content. Source: Soil Science Society of America. (2008). Soil Science Glossary. Soil Science Society of America.","ISRIC Report 2019/01: Tier 1 and Tier 2 data in the context of the federated Global Soil Information System. Appendix 1"
"http://w3id.org/glosis/model/common/soilDepthSampledProperty","GL_Profile",,"soilDepthSampledProperty","The Soil Depth Sampled property indicates the specific depth of the soil profile that has been sampled for analysis. This property is important for understanding the representativeness of the sample, as different soil horizons may vary significantly in properties such as texture, fertility, and moisture content. Source: Soil Science Society of America. (2008). Soil Science Glossary. Soil Science Society of America.","ISRIC Report 2019/01: Tier 1 and Tier 2 data in the context of the federated Global Soil Information System. Appendix 1"
"http://w3id.org/glosis/model/common/soilDepthSampledProperty","GL_Plot",,"soilDepthSampledProperty","The Soil Depth Sampled property indicates the specific depth of the soil profile that has been sampled for analysis. This property is important for understanding the representativeness of the sample, as different soil horizons may vary significantly in properties such as texture, fertility, and moisture content. Source: Soil Science Society of America. (2008). Soil Science Glossary. Soil Science Society of America.","ISRIC Report 2019/01: Tier 1 and Tier 2 data in the context of the federated Global Soil Information System. Appendix 1"
"http://w3id.org/glosis/model/common/soilDepthSampledProperty",,"GL_Plot","soilDepthSampledProperty","The Soil Depth Sampled property indicates the specific depth of the soil profile that has been sampled for analysis. This property is important for understanding the representativeness of the sample, as different soil horizons may vary significantly in properties such as texture, fertility, and moisture content. Source: Soil Science Society of America. (2008). Soil Science Glossary. Soil Science Society of America.","ISRIC Report 2019/01: Tier 1 and Tier 2 data in the context of the federated Global Soil Information System. Appendix 1"
"http://w3id.org/glosis/model/common/textureProperty",,"GL_Layer","textureProperty","The Texture property refers to the relative proportions of sand, silt, and clay in a soil. It is a key indicator of the soil’s ability to retain moisture, drain water, and support root growth. Soils can be classified into textures such as sandy, loamy, or clayey, each with distinct characteristics affecting soil management. Source: Soil Science Society of America. (2008). Soil Science Glossary. Soil Science Society of America.","ISRIC Report 2019/01: Tier 1 and Tier 2 data in the context of the federated Global Soil Information System. Appendix 1"
"http://w3id.org/glosis/model/common/textureProperty","GL_Surface",,"textureProperty","The Texture property refers to the relative proportions of sand, silt, and clay in a soil. It is a key indicator of the soil’s ability to retain moisture, drain water, and support root growth. Soils can be classified into textures such as sandy, loamy, or clayey, each with distinct characteristics affecting soil management. Source: Soil Science Society of America. (2008). Soil Science Glossary. Soil Science Society of America.","ISRIC Report 2019/01: Tier 1 and Tier 2 data in the context of the federated Global Soil Information System. Appendix 1"
"http://w3id.org/glosis/model/common/textureProperty","GL_Profile",,"textureProperty","The Texture property refers to the relative proportions of sand, silt, and clay in a soil. It is a key indicator of the soil’s ability to retain moisture, drain water, and support root growth. Soils can be classified into textures such as sandy, loamy, or clayey, each with distinct characteristics affecting soil management. Source: Soil Science Society of America. (2008). Soil Science Glossary. Soil Science Society of America.","ISRIC Report 2019/01: Tier 1 and Tier 2 data in the context of the federated Global Soil Information System. Appendix 1"
"http://w3id.org/glosis/model/common/textureProperty","GL_Plot",,"textureProperty","The Texture property refers to the relative proportions of sand, silt, and clay in a soil. It is a key indicator of the soil’s ability to retain moisture, drain water, and support root growth. Soils can be classified into textures such as sandy, loamy, or clayey, each with distinct characteristics affecting soil management. Source: Soil Science Society of America. (2008). Soil Science Glossary. Soil Science Society of America.","ISRIC Report 2019/01: Tier 1 and Tier 2 data in the context of the federated Global Soil Information System. Appendix 1"
"http://w3id.org/glosis/model/common/textureProperty",,"GL_Plot","textureProperty","The Texture property refers to the relative proportions of sand, silt, and clay in a soil. It is a key indicator of the soil’s ability to retain moisture, drain water, and support root growth. Soils can be classified into textures such as sandy, loamy, or clayey, each with distinct characteristics affecting soil management. Source: Soil Science Society of America. (2008). Soil Science Glossary. Soil Science Society of America.","ISRIC Report 2019/01: Tier 1 and Tier 2 data in the context of the federated Global Soil Information System. Appendix 1"
"http://w3id.org/glosis/model/common/weatheringFragmentsProperty",,"GL_Layer","weatheringFragmentsProperty","The Weathering Fragments property refers to soil particles or rock fragments that have been broken down through physical, chemical, or biological weathering. These fragments play a role in soil texture, structure, and nutrient availability. The degree of weathering can indicate the age and stability of the soil’s mineral content. Source: Brady, N. C., & Weil, R. R. (2008). The Nature and Properties of Soils (14th ed.). Pearson Prentice Hall.","Guidelines for Soil Description issued by the FAO: table 29"
"http://w3id.org/glosis/model/common/weatheringFragmentsProperty","GL_Surface",,"weatheringFragmentsProperty","The Weathering Fragments property refers to soil particles or rock fragments that have been broken down through physical, chemical, or biological weathering. These fragments play a role in soil texture, structure, and nutrient availability. The degree of weathering can indicate the age and stability of the soil’s mineral content. Source: Brady, N. C., & Weil, R. R. (2008). The Nature and Properties of Soils (14th ed.). Pearson Prentice Hall.","Guidelines for Soil Description issued by the FAO: table 29"
"http://w3id.org/glosis/model/common/weatheringFragmentsProperty","GL_Profile",,"weatheringFragmentsProperty","The Weathering Fragments property refers to soil particles or rock fragments that have been broken down through physical, chemical, or biological weathering. These fragments play a role in soil texture, structure, and nutrient availability. The degree of weathering can indicate the age and stability of the soil’s mineral content. Source: Brady, N. C., & Weil, R. R. (2008). The Nature and Properties of Soils (14th ed.). Pearson Prentice Hall.","Guidelines for Soil Description issued by the FAO: table 29"
"http://w3id.org/glosis/model/common/weatheringFragmentsProperty","GL_Plot",,"weatheringFragmentsProperty","The Weathering Fragments property refers to soil particles or rock fragments that have been broken down through physical, chemical, or biological weathering. These fragments play a role in soil texture, structure, and nutrient availability. The degree of weathering can indicate the age and stability of the soil’s mineral content. Source: Brady, N. C., & Weil, R. R. (2008). The Nature and Properties of Soils (14th ed.). Pearson Prentice Hall.","Guidelines for Soil Description issued by the FAO: table 29"
"http://w3id.org/glosis/model/common/weatheringFragmentsProperty",,"GL_Plot","weatheringFragmentsProperty","The Weathering Fragments property refers to soil particles or rock fragments that have been broken down through physical, chemical, or biological weathering. These fragments play a role in soil texture, structure, and nutrient availability. The degree of weathering can indicate the age and stability of the soil’s mineral content. Source: Brady, N. C., & Weil, R. R. (2008). The Nature and Properties of Soils (14th ed.). Pearson Prentice Hall.","Guidelines for Soil Description issued by the FAO: table 29"
"http://w3id.org/glosis/model/layerhorizon/biologicalAbundanceProperty",,"GL_Layer","biologicalAbundanceProperty","The Biological Abundance Property evaluates the presence and quantity of soil organisms, such as microbes, insects, and earthworms. This property reflects soil health, nutrient cycling, and organic matter decomposition, which are vital for maintaining soil fertility. Source: Lavelle, P., & Spain, A.V. (2001). Soil Ecology.","Guidelines for Soil Description issued by the FAO: table 81"
"http://w3id.org/glosis/model/layerhorizon/biologicalAbundanceProperty","GL_Surface",,"biologicalAbundanceProperty","The Biological Abundance Property evaluates the presence and quantity of soil organisms, such as microbes, insects, and earthworms. This property reflects soil health, nutrient cycling, and organic matter decomposition, which are vital for maintaining soil fertility. Source: Lavelle, P., & Spain, A.V. (2001). Soil Ecology.","Guidelines for Soil Description issued by the FAO: table 81"
"http://w3id.org/glosis/model/layerhorizon/biologicalAbundanceProperty","GL_Profile",,"biologicalAbundanceProperty","The Biological Abundance Property evaluates the presence and quantity of soil organisms, such as microbes, insects, and earthworms. This property reflects soil health, nutrient cycling, and organic matter decomposition, which are vital for maintaining soil fertility. Source: Lavelle, P., & Spain, A.V. (2001). Soil Ecology.","Guidelines for Soil Description issued by the FAO: table 81"
"http://w3id.org/glosis/model/layerhorizon/biologicalAbundanceProperty","GL_Plot",,"biologicalAbundanceProperty","The Biological Abundance Property evaluates the presence and quantity of soil organisms, such as microbes, insects, and earthworms. This property reflects soil health, nutrient cycling, and organic matter decomposition, which are vital for maintaining soil fertility. Source: Lavelle, P., & Spain, A.V. (2001). Soil Ecology.","Guidelines for Soil Description issued by the FAO: table 81"
"http://w3id.org/glosis/model/layerhorizon/biologicalAbundanceProperty",,"GL_Plot","biologicalAbundanceProperty","The Biological Abundance Property evaluates the presence and quantity of soil organisms, such as microbes, insects, and earthworms. This property reflects soil health, nutrient cycling, and organic matter decomposition, which are vital for maintaining soil fertility. Source: Lavelle, P., & Spain, A.V. (2001). Soil Ecology.","Guidelines for Soil Description issued by the FAO: table 81"
"http://w3id.org/glosis/model/layerhorizon/biologicalFeaturesProperty",,"GL_Layer","biologicalFeaturesProperty","The Biological Features Property examines qualitative aspects of soil biological activity, including the types of organisms present, their diversity, and their roles in soil ecosystems. It encompasses processes like nitrogen fixation, organic matter decomposition, and bioturbation. Source: Soil Science Society of America (SSSA) Glossary.","Guidelines for Soil Description issued by the FAO: table 82"
"http://w3id.org/glosis/model/layerhorizon/biologicalFeaturesProperty","GL_Surface",,"biologicalFeaturesProperty","The Biological Features Property examines qualitative aspects of soil biological activity, including the types of organisms present, their diversity, and their roles in soil ecosystems. It encompasses processes like nitrogen fixation, organic matter decomposition, and bioturbation. Source: Soil Science Society of America (SSSA) Glossary.","Guidelines for Soil Description issued by the FAO: table 82"
"http://w3id.org/glosis/model/layerhorizon/biologicalFeaturesProperty","GL_Profile",,"biologicalFeaturesProperty","The Biological Features Property examines qualitative aspects of soil biological activity, including the types of organisms present, their diversity, and their roles in soil ecosystems. It encompasses processes like nitrogen fixation, organic matter decomposition, and bioturbation. Source: Soil Science Society of America (SSSA) Glossary.","Guidelines for Soil Description issued by the FAO: table 82"
"http://w3id.org/glosis/model/layerhorizon/biologicalFeaturesProperty","GL_Plot",,"biologicalFeaturesProperty","The Biological Features Property examines qualitative aspects of soil biological activity, including the types of organisms present, their diversity, and their roles in soil ecosystems. It encompasses processes like nitrogen fixation, organic matter decomposition, and bioturbation. Source: Soil Science Society of America (SSSA) Glossary.","Guidelines for Soil Description issued by the FAO: table 82"
"http://w3id.org/glosis/model/layerhorizon/biologicalFeaturesProperty",,"GL_Plot","biologicalFeaturesProperty","The Biological Features Property examines qualitative aspects of soil biological activity, including the types of organisms present, their diversity, and their roles in soil ecosystems. It encompasses processes like nitrogen fixation, organic matter decomposition, and bioturbation. Source: Soil Science Society of America (SSSA) Glossary.","Guidelines for Soil Description issued by the FAO: table 82"
"http://w3id.org/glosis/model/layerhorizon/boundaryDistinctnessProperty",,"GL_Layer","boundaryDistinctnessProperty","The Boundary Distinctness Property describes the sharpness of transitions between soil horizons. Boundaries can range from abrupt (clear demarcation) to diffuse (gradual blending), providing insights into soil formation processes and profile development. Source: Soil Survey Manual (USDA, 2017).","Guidelines for Soil Description issued by the FAO: table 24.1"
"http://w3id.org/glosis/model/layerhorizon/boundaryDistinctnessProperty","GL_Surface",,"boundaryDistinctnessProperty","The Boundary Distinctness Property describes the sharpness of transitions between soil horizons. Boundaries can range from abrupt (clear demarcation) to diffuse (gradual blending), providing insights into soil formation processes and profile development. Source: Soil Survey Manual (USDA, 2017).","Guidelines for Soil Description issued by the FAO: table 24.1"
"http://w3id.org/glosis/model/layerhorizon/boundaryDistinctnessProperty","GL_Profile",,"boundaryDistinctnessProperty","The Boundary Distinctness Property describes the sharpness of transitions between soil horizons. Boundaries can range from abrupt (clear demarcation) to diffuse (gradual blending), providing insights into soil formation processes and profile development. Source: Soil Survey Manual (USDA, 2017).","Guidelines for Soil Description issued by the FAO: table 24.1"
"http://w3id.org/glosis/model/layerhorizon/boundaryDistinctnessProperty","GL_Plot",,"boundaryDistinctnessProperty","The Boundary Distinctness Property describes the sharpness of transitions between soil horizons. Boundaries can range from abrupt (clear demarcation) to diffuse (gradual blending), providing insights into soil formation processes and profile development. Source: Soil Survey Manual (USDA, 2017).","Guidelines for Soil Description issued by the FAO: table 24.1"
"http://w3id.org/glosis/model/layerhorizon/boundaryDistinctnessProperty",,"GL_Plot","boundaryDistinctnessProperty","The Boundary Distinctness Property describes the sharpness of transitions between soil horizons. Boundaries can range from abrupt (clear demarcation) to diffuse (gradual blending), providing insights into soil formation processes and profile development. Source: Soil Survey Manual (USDA, 2017).","Guidelines for Soil Description issued by the FAO: table 24.1"
"http://w3id.org/glosis/model/layerhorizon/boundaryTopographyProperty",,"GL_Layer","boundaryTopographyProperty","The Boundary Topography Property characterizes the shape of soil horizon boundaries, which may be smooth, wavy, irregular, or broken. It reflects processes like erosion, deposition, or biological activity that influence horizon development. Source: FAO (2006). Guidelines for Soil Description.","Guidelines for Soil Description issued by the FAO: table 24,2"
"http://w3id.org/glosis/model/layerhorizon/boundaryTopographyProperty","GL_Surface",,"boundaryTopographyProperty","The Boundary Topography Property characterizes the shape of soil horizon boundaries, which may be smooth, wavy, irregular, or broken. It reflects processes like erosion, deposition, or biological activity that influence horizon development. Source: FAO (2006). Guidelines for Soil Description.","Guidelines for Soil Description issued by the FAO: table 24,2"
"http://w3id.org/glosis/model/layerhorizon/boundaryTopographyProperty","GL_Profile",,"boundaryTopographyProperty","The Boundary Topography Property characterizes the shape of soil horizon boundaries, which may be smooth, wavy, irregular, or broken. It reflects processes like erosion, deposition, or biological activity that influence horizon development. Source: FAO (2006). Guidelines for Soil Description.","Guidelines for Soil Description issued by the FAO: table 24,2"
"http://w3id.org/glosis/model/layerhorizon/boundaryTopographyProperty","GL_Plot",,"boundaryTopographyProperty","The Boundary Topography Property characterizes the shape of soil horizon boundaries, which may be smooth, wavy, irregular, or broken. It reflects processes like erosion, deposition, or biological activity that influence horizon development. Source: FAO (2006). Guidelines for Soil Description.","Guidelines for Soil Description issued by the FAO: table 24,2"
"http://w3id.org/glosis/model/layerhorizon/boundaryTopographyProperty",,"GL_Plot","boundaryTopographyProperty","The Boundary Topography Property characterizes the shape of soil horizon boundaries, which may be smooth, wavy, irregular, or broken. It reflects processes like erosion, deposition, or biological activity that influence horizon development. Source: FAO (2006). Guidelines for Soil Description.","Guidelines for Soil Description issued by the FAO: table 24,2"
"http://w3id.org/glosis/model/layerhorizon/bulkDensityMineralProperty",,"GL_Layer","bulkDensityMineralProperty","The Bulk Density of Mineral Soil refers specifically to the density of the mineral portion of the soil, excluding organic matter. It provides insights into the physical state and compaction of mineral-dominated soils, influencing water movement and root growth. Source: Brady, N.C., & Weil, R.R. (2008). The Nature and Properties of Soils.","Guidelines for Soil Description issued by the FAO: table 58"
"http://w3id.org/glosis/model/layerhorizon/bulkDensityMineralProperty","GL_Surface",,"bulkDensityMineralProperty","The Bulk Density of Mineral Soil refers specifically to the density of the mineral portion of the soil, excluding organic matter. It provides insights into the physical state and compaction of mineral-dominated soils, influencing water movement and root growth. Source: Brady, N.C., & Weil, R.R. (2008). The Nature and Properties of Soils.","Guidelines for Soil Description issued by the FAO: table 58"
"http://w3id.org/glosis/model/layerhorizon/bulkDensityMineralProperty","GL_Profile",,"bulkDensityMineralProperty","The Bulk Density of Mineral Soil refers specifically to the density of the mineral portion of the soil, excluding organic matter. It provides insights into the physical state and compaction of mineral-dominated soils, influencing water movement and root growth. Source: Brady, N.C., & Weil, R.R. (2008). The Nature and Properties of Soils.","Guidelines for Soil Description issued by the FAO: table 58"
"http://w3id.org/glosis/model/layerhorizon/bulkDensityMineralProperty","GL_Plot",,"bulkDensityMineralProperty","The Bulk Density of Mineral Soil refers specifically to the density of the mineral portion of the soil, excluding organic matter. It provides insights into the physical state and compaction of mineral-dominated soils, influencing water movement and root growth. Source: Brady, N.C., & Weil, R.R. (2008). The Nature and Properties of Soils.","Guidelines for Soil Description issued by the FAO: table 58"
"http://w3id.org/glosis/model/layerhorizon/bulkDensityMineralProperty",,"GL_Plot","bulkDensityMineralProperty","The Bulk Density of Mineral Soil refers specifically to the density of the mineral portion of the soil, excluding organic matter. It provides insights into the physical state and compaction of mineral-dominated soils, influencing water movement and root growth. Source: Brady, N.C., & Weil, R.R. (2008). The Nature and Properties of Soils.","Guidelines for Soil Description issued by the FAO: table 58"
"http://w3id.org/glosis/model/layerhorizon/bulkDensityPeatProperty",,"GL_Layer","bulkDensityPeatProperty","The Bulk Density of Peat measures the mass of dry organic soil (peat) per unit volume. Peat soils typically have low bulk density due to their high organic matter content and porosity, which significantly affects their water retention and drainage characteristics. Source: Rydin, H., & Jeglum, J. (2006). The Biology of Peatlands.","Guidelines for Soil Description issued by the FAO: table 59,3"
"http://w3id.org/glosis/model/layerhorizon/bulkDensityPeatProperty","GL_Surface",,"bulkDensityPeatProperty","The Bulk Density of Peat measures the mass of dry organic soil (peat) per unit volume. Peat soils typically have low bulk density due to their high organic matter content and porosity, which significantly affects their water retention and drainage characteristics. Source: Rydin, H., & Jeglum, J. (2006). The Biology of Peatlands.","Guidelines for Soil Description issued by the FAO: table 59,3"
"http://w3id.org/glosis/model/layerhorizon/bulkDensityPeatProperty","GL_Profile",,"bulkDensityPeatProperty","The Bulk Density of Peat measures the mass of dry organic soil (peat) per unit volume. Peat soils typically have low bulk density due to their high organic matter content and porosity, which significantly affects their water retention and drainage characteristics. Source: Rydin, H., & Jeglum, J. (2006). The Biology of Peatlands.","Guidelines for Soil Description issued by the FAO: table 59,3"
"http://w3id.org/glosis/model/layerhorizon/bulkDensityPeatProperty","GL_Plot",,"bulkDensityPeatProperty","The Bulk Density of Peat measures the mass of dry organic soil (peat) per unit volume. Peat soils typically have low bulk density due to their high organic matter content and porosity, which significantly affects their water retention and drainage characteristics. Source: Rydin, H., & Jeglum, J. (2006). The Biology of Peatlands.","Guidelines for Soil Description issued by the FAO: table 59,3"
"http://w3id.org/glosis/model/layerhorizon/bulkDensityPeatProperty",,"GL_Plot","bulkDensityPeatProperty","The Bulk Density of Peat measures the mass of dry organic soil (peat) per unit volume. Peat soils typically have low bulk density due to their high organic matter content and porosity, which significantly affects their water retention and drainage characteristics. Source: Rydin, H., & Jeglum, J. (2006). The Biology of Peatlands.","Guidelines for Soil Description issued by the FAO: table 59,3"
"http://w3id.org/glosis/model/layerhorizon/carbonatesContentProperty",,"GL_Layer","carbonatesContentProperty","The Carbonates Content Property quantifies the concentration of carbonate minerals (e.g., CaCO₃, MgCO₃) in soil. These compounds influence soil pH, fertility, and structure, and are prevalent in calcareous soils. Source: Brady, N.C., & Weil, R.R. (2008). The Nature and Properties of Soils.","Guidelines for Soil Description issued by the FAO: table 38"
"http://w3id.org/glosis/model/layerhorizon/carbonatesContentProperty","GL_Surface",,"carbonatesContentProperty","The Carbonates Content Property quantifies the concentration of carbonate minerals (e.g., CaCO₃, MgCO₃) in soil. These compounds influence soil pH, fertility, and structure, and are prevalent in calcareous soils. Source: Brady, N.C., & Weil, R.R. (2008). The Nature and Properties of Soils.","Guidelines for Soil Description issued by the FAO: table 38"
"http://w3id.org/glosis/model/layerhorizon/carbonatesContentProperty","GL_Profile",,"carbonatesContentProperty","The Carbonates Content Property quantifies the concentration of carbonate minerals (e.g., CaCO₃, MgCO₃) in soil. These compounds influence soil pH, fertility, and structure, and are prevalent in calcareous soils. Source: Brady, N.C., & Weil, R.R. (2008). The Nature and Properties of Soils.","Guidelines for Soil Description issued by the FAO: table 38"
"http://w3id.org/glosis/model/layerhorizon/carbonatesContentProperty","GL_Plot",,"carbonatesContentProperty","The Carbonates Content Property quantifies the concentration of carbonate minerals (e.g., CaCO₃, MgCO₃) in soil. These compounds influence soil pH, fertility, and structure, and are prevalent in calcareous soils. Source: Brady, N.C., & Weil, R.R. (2008). The Nature and Properties of Soils.","Guidelines for Soil Description issued by the FAO: table 38"
"http://w3id.org/glosis/model/layerhorizon/carbonatesContentProperty",,"GL_Plot","carbonatesContentProperty","The Carbonates Content Property quantifies the concentration of carbonate minerals (e.g., CaCO₃, MgCO₃) in soil. These compounds influence soil pH, fertility, and structure, and are prevalent in calcareous soils. Source: Brady, N.C., & Weil, R.R. (2008). The Nature and Properties of Soils.","Guidelines for Soil Description issued by the FAO: table 38"
"http://w3id.org/glosis/model/layerhorizon/carbonatesFormsProperty",,"GL_Layer","carbonatesFormsProperty","The Carbonates Forms Property describes the types of carbonate minerals present in soil, such as calcite, dolomite, or aragonite. These forms impact soil chemistry, fertility, and physical characteristics differently depending on their composition and solubility. Source: Sparks, D.L. (2003). Environmental Soil Chemistry.","Guidelines for Soil Description issued by the FAO: table 39"
"http://w3id.org/glosis/model/layerhorizon/carbonatesFormsProperty","GL_Surface",,"carbonatesFormsProperty","The Carbonates Forms Property describes the types of carbonate minerals present in soil, such as calcite, dolomite, or aragonite. These forms impact soil chemistry, fertility, and physical characteristics differently depending on their composition and solubility. Source: Sparks, D.L. (2003). Environmental Soil Chemistry.","Guidelines for Soil Description issued by the FAO: table 39"
"http://w3id.org/glosis/model/layerhorizon/carbonatesFormsProperty","GL_Profile",,"carbonatesFormsProperty","The Carbonates Forms Property describes the types of carbonate minerals present in soil, such as calcite, dolomite, or aragonite. These forms impact soil chemistry, fertility, and physical characteristics differently depending on their composition and solubility. Source: Sparks, D.L. (2003). Environmental Soil Chemistry.","Guidelines for Soil Description issued by the FAO: table 39"
"http://w3id.org/glosis/model/layerhorizon/carbonatesFormsProperty","GL_Plot",,"carbonatesFormsProperty","The Carbonates Forms Property describes the types of carbonate minerals present in soil, such as calcite, dolomite, or aragonite. These forms impact soil chemistry, fertility, and physical characteristics differently depending on their composition and solubility. Source: Sparks, D.L. (2003). Environmental Soil Chemistry.","Guidelines for Soil Description issued by the FAO: table 39"
"http://w3id.org/glosis/model/layerhorizon/carbonatesFormsProperty",,"GL_Plot","carbonatesFormsProperty","The Carbonates Forms Property describes the types of carbonate minerals present in soil, such as calcite, dolomite, or aragonite. These forms impact soil chemistry, fertility, and physical characteristics differently depending on their composition and solubility. Source: Sparks, D.L. (2003). Environmental Soil Chemistry.","Guidelines for Soil Description issued by the FAO: table 39"
"http://w3id.org/glosis/model/layerhorizon/cationExchangeCapacityEffectiveProperty",,"GL_Layer","cationExchangeCapacityEffectiveProperty","The Effective Cation Exchange Capacity (ECEC) measures the ability of soil to hold and exchange cations at a given pH, often near field conditions. It provides insight into soil fertility, nutrient availability, and buffering capacity in acidic soils. Source: Soil Survey Staff (2014). Keys to Soil Taxonomy.","ISRIC Report 2019/01: Tier 1 and Tier 2 data in the context of the federated Global Soil Information System. Appendix 3"
"http://w3id.org/glosis/model/layerhorizon/cationExchangeCapacityEffectiveProperty","GL_Surface",,"cationExchangeCapacityEffectiveProperty","The Effective Cation Exchange Capacity (ECEC) measures the ability of soil to hold and exchange cations at a given pH, often near field conditions. It provides insight into soil fertility, nutrient availability, and buffering capacity in acidic soils. Source: Soil Survey Staff (2014). Keys to Soil Taxonomy.","ISRIC Report 2019/01: Tier 1 and Tier 2 data in the context of the federated Global Soil Information System. Appendix 3"
"http://w3id.org/glosis/model/layerhorizon/cationExchangeCapacityEffectiveProperty","GL_Profile",,"cationExchangeCapacityEffectiveProperty","The Effective Cation Exchange Capacity (ECEC) measures the ability of soil to hold and exchange cations at a given pH, often near field conditions. It provides insight into soil fertility, nutrient availability, and buffering capacity in acidic soils. Source: Soil Survey Staff (2014). Keys to Soil Taxonomy.","ISRIC Report 2019/01: Tier 1 and Tier 2 data in the context of the federated Global Soil Information System. Appendix 3"
"http://w3id.org/glosis/model/layerhorizon/cationExchangeCapacityEffectiveProperty","GL_Plot",,"cationExchangeCapacityEffectiveProperty","The Effective Cation Exchange Capacity (ECEC) measures the ability of soil to hold and exchange cations at a given pH, often near field conditions. It provides insight into soil fertility, nutrient availability, and buffering capacity in acidic soils. Source: Soil Survey Staff (2014). Keys to Soil Taxonomy.","ISRIC Report 2019/01: Tier 1 and Tier 2 data in the context of the federated Global Soil Information System. Appendix 3"
"http://w3id.org/glosis/model/layerhorizon/cationExchangeCapacityEffectiveProperty",,"GL_Plot","cationExchangeCapacityEffectiveProperty","The Effective Cation Exchange Capacity (ECEC) measures the ability of soil to hold and exchange cations at a given pH, often near field conditions. It provides insight into soil fertility, nutrient availability, and buffering capacity in acidic soils. Source: Soil Survey Staff (2014). Keys to Soil Taxonomy.","ISRIC Report 2019/01: Tier 1 and Tier 2 data in the context of the federated Global Soil Information System. Appendix 3"
"http://w3id.org/glosis/model/layerhorizon/cationExchangeCapacityProperty",,"GL_Layer","cationExchangeCapacityProperty","The Cation Exchange Capacity (CEC) measures the soil's total capacity to hold and exchange positively charged ions (cations). It is influenced by clay and organic matter content and is a critical indicator of soil fertility and nutrient retention. Source: Brady, N.C., & Weil, R.R. (2008). The Nature and Properties of Soils.","ISRIC Report 2019/01: Tier 1 and Tier 2 data in the context of the federated Global Soil Information System. Appendix 3"
"http://w3id.org/glosis/model/layerhorizon/cationExchangeCapacityProperty","GL_Surface",,"cationExchangeCapacityProperty","The Cation Exchange Capacity (CEC) measures the soil's total capacity to hold and exchange positively charged ions (cations). It is influenced by clay and organic matter content and is a critical indicator of soil fertility and nutrient retention. Source: Brady, N.C., & Weil, R.R. (2008). The Nature and Properties of Soils.","ISRIC Report 2019/01: Tier 1 and Tier 2 data in the context of the federated Global Soil Information System. Appendix 3"
"http://w3id.org/glosis/model/layerhorizon/cationExchangeCapacityProperty","GL_Profile",,"cationExchangeCapacityProperty","The Cation Exchange Capacity (CEC) measures the soil's total capacity to hold and exchange positively charged ions (cations). It is influenced by clay and organic matter content and is a critical indicator of soil fertility and nutrient retention. Source: Brady, N.C., & Weil, R.R. (2008). The Nature and Properties of Soils.","ISRIC Report 2019/01: Tier 1 and Tier 2 data in the context of the federated Global Soil Information System. Appendix 3"
"http://w3id.org/glosis/model/layerhorizon/cationExchangeCapacityProperty","GL_Plot",,"cationExchangeCapacityProperty","The Cation Exchange Capacity (CEC) measures the soil's total capacity to hold and exchange positively charged ions (cations). It is influenced by clay and organic matter content and is a critical indicator of soil fertility and nutrient retention. Source: Brady, N.C., & Weil, R.R. (2008). The Nature and Properties of Soils.","ISRIC Report 2019/01: Tier 1 and Tier 2 data in the context of the federated Global Soil Information System. Appendix 3"
"http://w3id.org/glosis/model/layerhorizon/cationExchangeCapacityProperty",,"GL_Plot","cationExchangeCapacityProperty","The Cation Exchange Capacity (CEC) measures the soil's total capacity to hold and exchange positively charged ions (cations). It is influenced by clay and organic matter content and is a critical indicator of soil fertility and nutrient retention. Source: Brady, N.C., & Weil, R.R. (2008). The Nature and Properties of Soils.","ISRIC Report 2019/01: Tier 1 and Tier 2 data in the context of the federated Global Soil Information System. Appendix 3"
"http://w3id.org/glosis/model/layerhorizon/cationsSumProperty",,"GL_Layer","cationsSumProperty","The Cations Sum Property calculates the total concentration of exchangeable cations (e.g., Ca²⁺, Mg²⁺, K⁺, Na⁺) in the soil. It helps determine soil fertility and salinity and is commonly expressed in milliequivalents per 100 grams of soil. Source: Soil Science Society of America (SSSA) Glossary.","ISRIC Report 2019/01: Tier 1 and Tier 2 data in the context of the federated Global Soil Information System. Appendix 3"
"http://w3id.org/glosis/model/layerhorizon/cationsSumProperty","GL_Surface",,"cationsSumProperty","The Cations Sum Property calculates the total concentration of exchangeable cations (e.g., Ca²⁺, Mg²⁺, K⁺, Na⁺) in the soil. It helps determine soil fertility and salinity and is commonly expressed in milliequivalents per 100 grams of soil. Source: Soil Science Society of America (SSSA) Glossary.","ISRIC Report 2019/01: Tier 1 and Tier 2 data in the context of the federated Global Soil Information System. Appendix 3"
"http://w3id.org/glosis/model/layerhorizon/cationsSumProperty","GL_Profile",,"cationsSumProperty","The Cations Sum Property calculates the total concentration of exchangeable cations (e.g., Ca²⁺, Mg²⁺, K⁺, Na⁺) in the soil. It helps determine soil fertility and salinity and is commonly expressed in milliequivalents per 100 grams of soil. Source: Soil Science Society of America (SSSA) Glossary.","ISRIC Report 2019/01: Tier 1 and Tier 2 data in the context of the federated Global Soil Information System. Appendix 3"
"http://w3id.org/glosis/model/layerhorizon/cationsSumProperty","GL_Plot",,"cationsSumProperty","The Cations Sum Property calculates the total concentration of exchangeable cations (e.g., Ca²⁺, Mg²⁺, K⁺, Na⁺) in the soil. It helps determine soil fertility and salinity and is commonly expressed in milliequivalents per 100 grams of soil. Source: Soil Science Society of America (SSSA) Glossary.","ISRIC Report 2019/01: Tier 1 and Tier 2 data in the context of the federated Global Soil Information System. Appendix 3"
"http://w3id.org/glosis/model/layerhorizon/cationsSumProperty",,"GL_Plot","cationsSumProperty","The Cations Sum Property calculates the total concentration of exchangeable cations (e.g., Ca²⁺, Mg²⁺, K⁺, Na⁺) in the soil. It helps determine soil fertility and salinity and is commonly expressed in milliequivalents per 100 grams of soil. Source: Soil Science Society of America (SSSA) Glossary.","ISRIC Report 2019/01: Tier 1 and Tier 2 data in the context of the federated Global Soil Information System. Appendix 3"
"http://w3id.org/glosis/model/layerhorizon/cementationContinuityProperty",,"GL_Layer","cementationContinuityProperty","The Cementation Continuity Property describes the extent to which soil particles are bound together by cementing agents, such as calcium carbonate, iron oxides, or silica. Cementation affects soil permeability, root penetration, and the development of soil horizons. Continuity can be classified as continuous, discontinuous, or patchy. Source: FAO (2006). Guidelines for Soil Description.","Guidelines for Soil Description issued by the FAO: table 69"
"http://w3id.org/glosis/model/layerhorizon/cementationContinuityProperty","GL_Surface",,"cementationContinuityProperty","The Cementation Continuity Property describes the extent to which soil particles are bound together by cementing agents, such as calcium carbonate, iron oxides, or silica. Cementation affects soil permeability, root penetration, and the development of soil horizons. Continuity can be classified as continuous, discontinuous, or patchy. Source: FAO (2006). Guidelines for Soil Description.","Guidelines for Soil Description issued by the FAO: table 69"
"http://w3id.org/glosis/model/layerhorizon/cementationContinuityProperty","GL_Profile",,"cementationContinuityProperty","The Cementation Continuity Property describes the extent to which soil particles are bound together by cementing agents, such as calcium carbonate, iron oxides, or silica. Cementation affects soil permeability, root penetration, and the development of soil horizons. Continuity can be classified as continuous, discontinuous, or patchy. Source: FAO (2006). Guidelines for Soil Description.","Guidelines for Soil Description issued by the FAO: table 69"
"http://w3id.org/glosis/model/layerhorizon/cementationContinuityProperty","GL_Plot",,"cementationContinuityProperty","The Cementation Continuity Property describes the extent to which soil particles are bound together by cementing agents, such as calcium carbonate, iron oxides, or silica. Cementation affects soil permeability, root penetration, and the development of soil horizons. Continuity can be classified as continuous, discontinuous, or patchy. Source: FAO (2006). Guidelines for Soil Description.","Guidelines for Soil Description issued by the FAO: table 69"
"http://w3id.org/glosis/model/layerhorizon/cementationContinuityProperty",,"GL_Plot","cementationContinuityProperty","The Cementation Continuity Property describes the extent to which soil particles are bound together by cementing agents, such as calcium carbonate, iron oxides, or silica. Cementation affects soil permeability, root penetration, and the development of soil horizons. Continuity can be classified as continuous, discontinuous, or patchy. Source: FAO (2006). Guidelines for Soil Description.","Guidelines for Soil Description issued by the FAO: table 69"
"http://w3id.org/glosis/model/layerhorizon/cementationDegreeProperty",,"GL_Layer","cementationDegreeProperty","The Cementation Degree Property measures how strongly soil particles are bonded by cementing agents. It ranges from weakly cemented (friable) to strongly cemented (hard). This property influences soil strength and its suitability for agricultural and engineering purposes. Source: Soil Survey Manual (USDA, 2017).","Guidelines for Soil Description issued by the FAO: table 72"
"http://w3id.org/glosis/model/layerhorizon/cementationDegreeProperty","GL_Surface",,"cementationDegreeProperty","The Cementation Degree Property measures how strongly soil particles are bonded by cementing agents. It ranges from weakly cemented (friable) to strongly cemented (hard). This property influences soil strength and its suitability for agricultural and engineering purposes. Source: Soil Survey Manual (USDA, 2017).","Guidelines for Soil Description issued by the FAO: table 72"
"http://w3id.org/glosis/model/layerhorizon/cementationDegreeProperty","GL_Profile",,"cementationDegreeProperty","The Cementation Degree Property measures how strongly soil particles are bonded by cementing agents. It ranges from weakly cemented (friable) to strongly cemented (hard). This property influences soil strength and its suitability for agricultural and engineering purposes. Source: Soil Survey Manual (USDA, 2017).","Guidelines for Soil Description issued by the FAO: table 72"
"http://w3id.org/glosis/model/layerhorizon/cementationDegreeProperty","GL_Plot",,"cementationDegreeProperty","The Cementation Degree Property measures how strongly soil particles are bonded by cementing agents. It ranges from weakly cemented (friable) to strongly cemented (hard). This property influences soil strength and its suitability for agricultural and engineering purposes. Source: Soil Survey Manual (USDA, 2017).","Guidelines for Soil Description issued by the FAO: table 72"
"http://w3id.org/glosis/model/layerhorizon/cementationDegreeProperty",,"GL_Plot","cementationDegreeProperty","The Cementation Degree Property measures how strongly soil particles are bonded by cementing agents. It ranges from weakly cemented (friable) to strongly cemented (hard). This property influences soil strength and its suitability for agricultural and engineering purposes. Source: Soil Survey Manual (USDA, 2017).","Guidelines for Soil Description issued by the FAO: table 72"
"http://w3id.org/glosis/model/layerhorizon/cementationFabricProperty",,"GL_Layer","cementationFabricProperty","The Cementation Fabric Property examines the texture, structure, and arrangement of cementing materials within the soil. It provides insights into soil formation processes and the mechanical stability of the soil matrix. Source: FAO (2006). Guidelines for Soil Description.","Guidelines for Soil Description issued by the FAO: table 70"
"http://w3id.org/glosis/model/layerhorizon/cementationFabricProperty","GL_Surface",,"cementationFabricProperty","The Cementation Fabric Property examines the texture, structure, and arrangement of cementing materials within the soil. It provides insights into soil formation processes and the mechanical stability of the soil matrix. Source: FAO (2006). Guidelines for Soil Description.","Guidelines for Soil Description issued by the FAO: table 70"
"http://w3id.org/glosis/model/layerhorizon/cementationFabricProperty","GL_Profile",,"cementationFabricProperty","The Cementation Fabric Property examines the texture, structure, and arrangement of cementing materials within the soil. It provides insights into soil formation processes and the mechanical stability of the soil matrix. Source: FAO (2006). Guidelines for Soil Description.","Guidelines for Soil Description issued by the FAO: table 70"
"http://w3id.org/glosis/model/layerhorizon/cementationFabricProperty","GL_Plot",,"cementationFabricProperty","The Cementation Fabric Property examines the texture, structure, and arrangement of cementing materials within the soil. It provides insights into soil formation processes and the mechanical stability of the soil matrix. Source: FAO (2006). Guidelines for Soil Description.","Guidelines for Soil Description issued by the FAO: table 70"
"http://w3id.org/glosis/model/layerhorizon/cementationFabricProperty",,"GL_Plot","cementationFabricProperty","The Cementation Fabric Property examines the texture, structure, and arrangement of cementing materials within the soil. It provides insights into soil formation processes and the mechanical stability of the soil matrix. Source: FAO (2006). Guidelines for Soil Description.","Guidelines for Soil Description issued by the FAO: table 70"
"http://w3id.org/glosis/model/layerhorizon/cementationNatureProperty",,"GL_Layer","cementationNatureProperty","The Cementation Nature Property identifies the specific type of material responsible for binding soil particles, such as carbonates, silica, or iron oxides. Understanding this helps in soil classification and predicting behavior under varying environmental conditions. Source: Soil Survey Manual (USDA, 2017).","Guidelines for Soil Description issued by the FAO: table 71"
"http://w3id.org/glosis/model/layerhorizon/cementationNatureProperty","GL_Surface",,"cementationNatureProperty","The Cementation Nature Property identifies the specific type of material responsible for binding soil particles, such as carbonates, silica, or iron oxides. Understanding this helps in soil classification and predicting behavior under varying environmental conditions. Source: Soil Survey Manual (USDA, 2017).","Guidelines for Soil Description issued by the FAO: table 71"
"http://w3id.org/glosis/model/layerhorizon/cementationNatureProperty","GL_Profile",,"cementationNatureProperty","The Cementation Nature Property identifies the specific type of material responsible for binding soil particles, such as carbonates, silica, or iron oxides. Understanding this helps in soil classification and predicting behavior under varying environmental conditions. Source: Soil Survey Manual (USDA, 2017).","Guidelines for Soil Description issued by the FAO: table 71"
"http://w3id.org/glosis/model/layerhorizon/cementationNatureProperty","GL_Plot",,"cementationNatureProperty","The Cementation Nature Property identifies the specific type of material responsible for binding soil particles, such as carbonates, silica, or iron oxides. Understanding this helps in soil classification and predicting behavior under varying environmental conditions. Source: Soil Survey Manual (USDA, 2017).","Guidelines for Soil Description issued by the FAO: table 71"
"http://w3id.org/glosis/model/layerhorizon/cementationNatureProperty",,"GL_Plot","cementationNatureProperty","The Cementation Nature Property identifies the specific type of material responsible for binding soil particles, such as carbonates, silica, or iron oxides. Understanding this helps in soil classification and predicting behavior under varying environmental conditions. Source: Soil Survey Manual (USDA, 2017).","Guidelines for Soil Description issued by the FAO: table 71"
"http://w3id.org/glosis/model/layerhorizon/coatingAbundanceProperty",,"GL_Layer","coatingAbundanceProperty","The Coating Abundance Property evaluates the quantity of coatings on soil particles, such as organic matter, clay, or iron oxides. Coatings influence soil color, nutrient availability, and water movement. The abundance is typically classified as few, common, or many. Source: Soil Survey Staff (2014). Keys to Soil Taxonomy.","Guidelines for Soil Description issued by the FAO: table 64"
"http://w3id.org/glosis/model/layerhorizon/coatingAbundanceProperty","GL_Surface",,"coatingAbundanceProperty","The Coating Abundance Property evaluates the quantity of coatings on soil particles, such as organic matter, clay, or iron oxides. Coatings influence soil color, nutrient availability, and water movement. The abundance is typically classified as few, common, or many. Source: Soil Survey Staff (2014). Keys to Soil Taxonomy.","Guidelines for Soil Description issued by the FAO: table 64"
"http://w3id.org/glosis/model/layerhorizon/coatingAbundanceProperty","GL_Profile",,"coatingAbundanceProperty","The Coating Abundance Property evaluates the quantity of coatings on soil particles, such as organic matter, clay, or iron oxides. Coatings influence soil color, nutrient availability, and water movement. The abundance is typically classified as few, common, or many. Source: Soil Survey Staff (2014). Keys to Soil Taxonomy.","Guidelines for Soil Description issued by the FAO: table 64"
"http://w3id.org/glosis/model/layerhorizon/coatingAbundanceProperty","GL_Plot",,"coatingAbundanceProperty","The Coating Abundance Property evaluates the quantity of coatings on soil particles, such as organic matter, clay, or iron oxides. Coatings influence soil color, nutrient availability, and water movement. The abundance is typically classified as few, common, or many. Source: Soil Survey Staff (2014). Keys to Soil Taxonomy.","Guidelines for Soil Description issued by the FAO: table 64"
"http://w3id.org/glosis/model/layerhorizon/coatingAbundanceProperty",,"GL_Plot","coatingAbundanceProperty","The Coating Abundance Property evaluates the quantity of coatings on soil particles, such as organic matter, clay, or iron oxides. Coatings influence soil color, nutrient availability, and water movement. The abundance is typically classified as few, common, or many. Source: Soil Survey Staff (2014). Keys to Soil Taxonomy.","Guidelines for Soil Description issued by the FAO: table 64"
"http://w3id.org/glosis/model/layerhorizon/coatingContrastProperty",,"GL_Layer","coatingContrastProperty","The Coating Contrast Property assesses the visual distinction between coatings on soil particles and the underlying material. High contrast indicates significant differences in composition or color, providing clues about soil processes like illuviation or biological activity. Source: FAO (2006). Guidelines for Soil Description.","Guidelines for Soil Description issued by the FAO: table 65"
"http://w3id.org/glosis/model/layerhorizon/coatingContrastProperty","GL_Surface",,"coatingContrastProperty","The Coating Contrast Property assesses the visual distinction between coatings on soil particles and the underlying material. High contrast indicates significant differences in composition or color, providing clues about soil processes like illuviation or biological activity. Source: FAO (2006). Guidelines for Soil Description.","Guidelines for Soil Description issued by the FAO: table 65"
"http://w3id.org/glosis/model/layerhorizon/coatingContrastProperty","GL_Profile",,"coatingContrastProperty","The Coating Contrast Property assesses the visual distinction between coatings on soil particles and the underlying material. High contrast indicates significant differences in composition or color, providing clues about soil processes like illuviation or biological activity. Source: FAO (2006). Guidelines for Soil Description.","Guidelines for Soil Description issued by the FAO: table 65"
"http://w3id.org/glosis/model/layerhorizon/coatingContrastProperty","GL_Plot",,"coatingContrastProperty","The Coating Contrast Property assesses the visual distinction between coatings on soil particles and the underlying material. High contrast indicates significant differences in composition or color, providing clues about soil processes like illuviation or biological activity. Source: FAO (2006). Guidelines for Soil Description.","Guidelines for Soil Description issued by the FAO: table 65"
"http://w3id.org/glosis/model/layerhorizon/coatingContrastProperty",,"GL_Plot","coatingContrastProperty","The Coating Contrast Property assesses the visual distinction between coatings on soil particles and the underlying material. High contrast indicates significant differences in composition or color, providing clues about soil processes like illuviation or biological activity. Source: FAO (2006). Guidelines for Soil Description.","Guidelines for Soil Description issued by the FAO: table 65"
"http://w3id.org/glosis/model/layerhorizon/coatingFormProperty",,"GL_Layer","coatingFormProperty","The Coating Form Property describes the shape and distribution of coatings on soil particles, such as patchy, continuous, or layered. These forms are indicative of soil genesis and chemical weathering processes. Source: Soil Science Society of America (SSSA) Glossary.","Guidelines for Soil Description issued by the FAO: table 67"
"http://w3id.org/glosis/model/layerhorizon/coatingFormProperty","GL_Surface",,"coatingFormProperty","The Coating Form Property describes the shape and distribution of coatings on soil particles, such as patchy, continuous, or layered. These forms are indicative of soil genesis and chemical weathering processes. Source: Soil Science Society of America (SSSA) Glossary.","Guidelines for Soil Description issued by the FAO: table 67"
"http://w3id.org/glosis/model/layerhorizon/coatingFormProperty","GL_Profile",,"coatingFormProperty","The Coating Form Property describes the shape and distribution of coatings on soil particles, such as patchy, continuous, or layered. These forms are indicative of soil genesis and chemical weathering processes. Source: Soil Science Society of America (SSSA) Glossary.","Guidelines for Soil Description issued by the FAO: table 67"
"http://w3id.org/glosis/model/layerhorizon/coatingFormProperty","GL_Plot",,"coatingFormProperty","The Coating Form Property describes the shape and distribution of coatings on soil particles, such as patchy, continuous, or layered. These forms are indicative of soil genesis and chemical weathering processes. Source: Soil Science Society of America (SSSA) Glossary.","Guidelines for Soil Description issued by the FAO: table 67"
"http://w3id.org/glosis/model/layerhorizon/coatingFormProperty",,"GL_Plot","coatingFormProperty","The Coating Form Property describes the shape and distribution of coatings on soil particles, such as patchy, continuous, or layered. These forms are indicative of soil genesis and chemical weathering processes. Source: Soil Science Society of America (SSSA) Glossary.","Guidelines for Soil Description issued by the FAO: table 67"
"http://w3id.org/glosis/model/layerhorizon/coatingLocationProperty",,"GL_Layer","coatingLocationProperty","The Coating Location Property identifies where coatings are found within the soil profile, such as along root channels, pore spaces, or on particle surfaces. This property helps determine the movement of water and nutrients in the soil. Source: Soil Survey Staff (2014). Keys to Soil Taxonomy.","Guidelines for Soil Description issued by the FAO: table 68"
"http://w3id.org/glosis/model/layerhorizon/coatingLocationProperty","GL_Surface",,"coatingLocationProperty","The Coating Location Property identifies where coatings are found within the soil profile, such as along root channels, pore spaces, or on particle surfaces. This property helps determine the movement of water and nutrients in the soil. Source: Soil Survey Staff (2014). Keys to Soil Taxonomy.","Guidelines for Soil Description issued by the FAO: table 68"
"http://w3id.org/glosis/model/layerhorizon/coatingLocationProperty","GL_Profile",,"coatingLocationProperty","The Coating Location Property identifies where coatings are found within the soil profile, such as along root channels, pore spaces, or on particle surfaces. This property helps determine the movement of water and nutrients in the soil. Source: Soil Survey Staff (2014). Keys to Soil Taxonomy.","Guidelines for Soil Description issued by the FAO: table 68"
"http://w3id.org/glosis/model/layerhorizon/coatingLocationProperty","GL_Plot",,"coatingLocationProperty","The Coating Location Property identifies where coatings are found within the soil profile, such as along root channels, pore spaces, or on particle surfaces. This property helps determine the movement of water and nutrients in the soil. Source: Soil Survey Staff (2014). Keys to Soil Taxonomy.","Guidelines for Soil Description issued by the FAO: table 68"
"http://w3id.org/glosis/model/layerhorizon/coatingLocationProperty",,"GL_Plot","coatingLocationProperty","The Coating Location Property identifies where coatings are found within the soil profile, such as along root channels, pore spaces, or on particle surfaces. This property helps determine the movement of water and nutrients in the soil. Source: Soil Survey Staff (2014). Keys to Soil Taxonomy.","Guidelines for Soil Description issued by the FAO: table 68"
"http://w3id.org/glosis/model/layerhorizon/coatingNatureProperty",,"GL_Layer","coatingNatureProperty","The Coating Nature Property examines the composition of soil coatings, such as organic, clay, or iron-rich coatings. The nature of these coatings can influence nutrient retention, soil color, and water dynamics. Source: Brady, N.C., & Weil, R.R. (2008). The Nature and Properties of Soils.","Guidelines for Soil Description issued by the FAO: table 66"
"http://w3id.org/glosis/model/layerhorizon/coatingNatureProperty","GL_Surface",,"coatingNatureProperty","The Coating Nature Property examines the composition of soil coatings, such as organic, clay, or iron-rich coatings. The nature of these coatings can influence nutrient retention, soil color, and water dynamics. Source: Brady, N.C., & Weil, R.R. (2008). The Nature and Properties of Soils.","Guidelines for Soil Description issued by the FAO: table 66"
"http://w3id.org/glosis/model/layerhorizon/coatingNatureProperty","GL_Profile",,"coatingNatureProperty","The Coating Nature Property examines the composition of soil coatings, such as organic, clay, or iron-rich coatings. The nature of these coatings can influence nutrient retention, soil color, and water dynamics. Source: Brady, N.C., & Weil, R.R. (2008). The Nature and Properties of Soils.","Guidelines for Soil Description issued by the FAO: table 66"
"http://w3id.org/glosis/model/layerhorizon/coatingNatureProperty","GL_Plot",,"coatingNatureProperty","The Coating Nature Property examines the composition of soil coatings, such as organic, clay, or iron-rich coatings. The nature of these coatings can influence nutrient retention, soil color, and water dynamics. Source: Brady, N.C., & Weil, R.R. (2008). The Nature and Properties of Soils.","Guidelines for Soil Description issued by the FAO: table 66"
"http://w3id.org/glosis/model/layerhorizon/coatingNatureProperty",,"GL_Plot","coatingNatureProperty","The Coating Nature Property examines the composition of soil coatings, such as organic, clay, or iron-rich coatings. The nature of these coatings can influence nutrient retention, soil color, and water dynamics. Source: Brady, N.C., & Weil, R.R. (2008). The Nature and Properties of Soils.","Guidelines for Soil Description issued by the FAO: table 66"
"http://w3id.org/glosis/model/layerhorizon/consistenceDryProperty",,"GL_Layer","consistenceDryProperty","The Consistence Dry Property evaluates the soil's behavior when dry, including its resistance to deformation or crumbling. It ranges from loose to hard and provides information about soil compaction and management practices. Source: Soil Survey Manual (USDA, 2017).","Guidelines for Soil Description issued by the FAO: table 53"
"http://w3id.org/glosis/model/layerhorizon/consistenceDryProperty","GL_Surface",,"consistenceDryProperty","The Consistence Dry Property evaluates the soil's behavior when dry, including its resistance to deformation or crumbling. It ranges from loose to hard and provides information about soil compaction and management practices. Source: Soil Survey Manual (USDA, 2017).","Guidelines for Soil Description issued by the FAO: table 53"
"http://w3id.org/glosis/model/layerhorizon/consistenceDryProperty","GL_Profile",,"consistenceDryProperty","The Consistence Dry Property evaluates the soil's behavior when dry, including its resistance to deformation or crumbling. It ranges from loose to hard and provides information about soil compaction and management practices. Source: Soil Survey Manual (USDA, 2017).","Guidelines for Soil Description issued by the FAO: table 53"
"http://w3id.org/glosis/model/layerhorizon/consistenceDryProperty","GL_Plot",,"consistenceDryProperty","The Consistence Dry Property evaluates the soil's behavior when dry, including its resistance to deformation or crumbling. It ranges from loose to hard and provides information about soil compaction and management practices. Source: Soil Survey Manual (USDA, 2017).","Guidelines for Soil Description issued by the FAO: table 53"
"http://w3id.org/glosis/model/layerhorizon/consistenceDryProperty",,"GL_Plot","consistenceDryProperty","The Consistence Dry Property evaluates the soil's behavior when dry, including its resistance to deformation or crumbling. It ranges from loose to hard and provides information about soil compaction and management practices. Source: Soil Survey Manual (USDA, 2017).","Guidelines for Soil Description issued by the FAO: table 53"
"http://w3id.org/glosis/model/layerhorizon/consistenceMoistProperty",,"GL_Layer","consistenceMoistProperty","The Consistence Moist Property assesses how soil responds to pressure when moist. Categories include friable, firm, or plastic. This property is essential for understanding soil workability and water retention. Source: Soil Survey Manual (USDA, 2017).","Guidelines for Soil Description issued by the FAO: table 54"
"http://w3id.org/glosis/model/layerhorizon/consistenceMoistProperty","GL_Surface",,"consistenceMoistProperty","The Consistence Moist Property assesses how soil responds to pressure when moist. Categories include friable, firm, or plastic. This property is essential for understanding soil workability and water retention. Source: Soil Survey Manual (USDA, 2017).","Guidelines for Soil Description issued by the FAO: table 54"
"http://w3id.org/glosis/model/layerhorizon/consistenceMoistProperty","GL_Profile",,"consistenceMoistProperty","The Consistence Moist Property assesses how soil responds to pressure when moist. Categories include friable, firm, or plastic. This property is essential for understanding soil workability and water retention. Source: Soil Survey Manual (USDA, 2017).","Guidelines for Soil Description issued by the FAO: table 54"
"http://w3id.org/glosis/model/layerhorizon/consistenceMoistProperty","GL_Plot",,"consistenceMoistProperty","The Consistence Moist Property assesses how soil responds to pressure when moist. Categories include friable, firm, or plastic. This property is essential for understanding soil workability and water retention. Source: Soil Survey Manual (USDA, 2017).","Guidelines for Soil Description issued by the FAO: table 54"
"http://w3id.org/glosis/model/layerhorizon/consistenceMoistProperty",,"GL_Plot","consistenceMoistProperty","The Consistence Moist Property assesses how soil responds to pressure when moist. Categories include friable, firm, or plastic. This property is essential for understanding soil workability and water retention. Source: Soil Survey Manual (USDA, 2017).","Guidelines for Soil Description issued by the FAO: table 54"
"http://w3id.org/glosis/model/layerhorizon/dryConsistencyProperty",,"GL_Layer","dryConsistencyProperty","The Dry Consistency Property is synonymous with the Consistence Dry Property, focusing on the soil's resistance to breaking apart or deforming when dry. It indicates the soil's mechanical strength and susceptibility to erosion. Source: Soil Survey Staff (2014). Keys to Soil Taxonomy.","ISRIC Report 2019/01: Tier 1 and Tier 2 data in the context of the federated Global Soil Information System. Appendix 3"
"http://w3id.org/glosis/model/layerhorizon/dryConsistencyProperty","GL_Surface",,"dryConsistencyProperty","The Dry Consistency Property is synonymous with the Consistence Dry Property, focusing on the soil's resistance to breaking apart or deforming when dry. It indicates the soil's mechanical strength and susceptibility to erosion. Source: Soil Survey Staff (2014). Keys to Soil Taxonomy.","ISRIC Report 2019/01: Tier 1 and Tier 2 data in the context of the federated Global Soil Information System. Appendix 3"
"http://w3id.org/glosis/model/layerhorizon/dryConsistencyProperty","GL_Profile",,"dryConsistencyProperty","The Dry Consistency Property is synonymous with the Consistence Dry Property, focusing on the soil's resistance to breaking apart or deforming when dry. It indicates the soil's mechanical strength and susceptibility to erosion. Source: Soil Survey Staff (2014). Keys to Soil Taxonomy.","ISRIC Report 2019/01: Tier 1 and Tier 2 data in the context of the federated Global Soil Information System. Appendix 3"
"http://w3id.org/glosis/model/layerhorizon/dryConsistencyProperty","GL_Plot",,"dryConsistencyProperty","The Dry Consistency Property is synonymous with the Consistence Dry Property, focusing on the soil's resistance to breaking apart or deforming when dry. It indicates the soil's mechanical strength and susceptibility to erosion. Source: Soil Survey Staff (2014). Keys to Soil Taxonomy.","ISRIC Report 2019/01: Tier 1 and Tier 2 data in the context of the federated Global Soil Information System. Appendix 3"
"http://w3id.org/glosis/model/layerhorizon/dryConsistencyProperty",,"GL_Plot","dryConsistencyProperty","The Dry Consistency Property is synonymous with the Consistence Dry Property, focusing on the soil's resistance to breaking apart or deforming when dry. It indicates the soil's mechanical strength and susceptibility to erosion. Source: Soil Survey Staff (2014). Keys to Soil Taxonomy.","ISRIC Report 2019/01: Tier 1 and Tier 2 data in the context of the federated Global Soil Information System. Appendix 3"
"http://w3id.org/glosis/model/layerhorizon/fragmentsClassProperty",,"GL_Layer","fragmentsClassProperty","The Fragments Class Property categorizes the size, shape, and quantity of coarse fragments (e.g., gravel, stones) present in the soil. These fragments affect soil porosity, water retention, and root penetration. The classification includes gravelly, stony, or bouldery soils. Source: Soil Survey Manual (USDA, 2017).","ISRIC Report 2019/01: Tier 1 and Tier 2 data in the context of the federated Global Soil Information System. Appendix 3"
"http://w3id.org/glosis/model/layerhorizon/fragmentsClassProperty","GL_Surface",,"fragmentsClassProperty","The Fragments Class Property categorizes the size, shape, and quantity of coarse fragments (e.g., gravel, stones) present in the soil. These fragments affect soil porosity, water retention, and root penetration. The classification includes gravelly, stony, or bouldery soils. Source: Soil Survey Manual (USDA, 2017).","ISRIC Report 2019/01: Tier 1 and Tier 2 data in the context of the federated Global Soil Information System. Appendix 3"
"http://w3id.org/glosis/model/layerhorizon/fragmentsClassProperty","GL_Profile",,"fragmentsClassProperty","The Fragments Class Property categorizes the size, shape, and quantity of coarse fragments (e.g., gravel, stones) present in the soil. These fragments affect soil porosity, water retention, and root penetration. The classification includes gravelly, stony, or bouldery soils. Source: Soil Survey Manual (USDA, 2017).","ISRIC Report 2019/01: Tier 1 and Tier 2 data in the context of the federated Global Soil Information System. Appendix 3"
"http://w3id.org/glosis/model/layerhorizon/fragmentsClassProperty","GL_Plot",,"fragmentsClassProperty","The Fragments Class Property categorizes the size, shape, and quantity of coarse fragments (e.g., gravel, stones) present in the soil. These fragments affect soil porosity, water retention, and root penetration. The classification includes gravelly, stony, or bouldery soils. Source: Soil Survey Manual (USDA, 2017).","ISRIC Report 2019/01: Tier 1 and Tier 2 data in the context of the federated Global Soil Information System. Appendix 3"
"http://w3id.org/glosis/model/layerhorizon/fragmentsClassProperty",,"GL_Plot","fragmentsClassProperty","The Fragments Class Property categorizes the size, shape, and quantity of coarse fragments (e.g., gravel, stones) present in the soil. These fragments affect soil porosity, water retention, and root penetration. The classification includes gravelly, stony, or bouldery soils. Source: Soil Survey Manual (USDA, 2017).","ISRIC Report 2019/01: Tier 1 and Tier 2 data in the context of the federated Global Soil Information System. Appendix 3"
"http://w3id.org/glosis/model/layerhorizon/gypsumContentProperty",,"GL_Layer","gypsumContentProperty","The Gypsum Content Property quantifies the amount of gypsum (calcium sulfate dihydrate) present in the soil. Gypsum affects soil structure, water infiltration, and nutrient availability, especially in arid and semi-arid regions. Source: FAO (2006). Guidelines for Soil Description.","Guidelines for Soil Description issued by the FAO: table 40"
"http://w3id.org/glosis/model/layerhorizon/gypsumContentProperty","GL_Surface",,"gypsumContentProperty","The Gypsum Content Property quantifies the amount of gypsum (calcium sulfate dihydrate) present in the soil. Gypsum affects soil structure, water infiltration, and nutrient availability, especially in arid and semi-arid regions. Source: FAO (2006). Guidelines for Soil Description.","Guidelines for Soil Description issued by the FAO: table 40"
"http://w3id.org/glosis/model/layerhorizon/gypsumContentProperty","GL_Profile",,"gypsumContentProperty","The Gypsum Content Property quantifies the amount of gypsum (calcium sulfate dihydrate) present in the soil. Gypsum affects soil structure, water infiltration, and nutrient availability, especially in arid and semi-arid regions. Source: FAO (2006). Guidelines for Soil Description.","Guidelines for Soil Description issued by the FAO: table 40"
"http://w3id.org/glosis/model/layerhorizon/gypsumContentProperty","GL_Plot",,"gypsumContentProperty","The Gypsum Content Property quantifies the amount of gypsum (calcium sulfate dihydrate) present in the soil. Gypsum affects soil structure, water infiltration, and nutrient availability, especially in arid and semi-arid regions. Source: FAO (2006). Guidelines for Soil Description.","Guidelines for Soil Description issued by the FAO: table 40"
"http://w3id.org/glosis/model/layerhorizon/gypsumContentProperty",,"GL_Plot","gypsumContentProperty","The Gypsum Content Property quantifies the amount of gypsum (calcium sulfate dihydrate) present in the soil. Gypsum affects soil structure, water infiltration, and nutrient availability, especially in arid and semi-arid regions. Source: FAO (2006). Guidelines for Soil Description.","Guidelines for Soil Description issued by the FAO: table 40"
"http://w3id.org/glosis/model/layerhorizon/gypsumFormsProperty",,"GL_Layer","gypsumFormsProperty","The Gypsum Forms Property describes the morphology of gypsum within the soil, such as crystals, veins, or nodules. The form indicates the processes of soil formation and water movement in gypsum-rich soils. Source: FAO (2006). Guidelines for Soil Description.","Guidelines for Soil Description issued by the FAO: table 41"
"http://w3id.org/glosis/model/layerhorizon/gypsumFormsProperty","GL_Surface",,"gypsumFormsProperty","The Gypsum Forms Property describes the morphology of gypsum within the soil, such as crystals, veins, or nodules. The form indicates the processes of soil formation and water movement in gypsum-rich soils. Source: FAO (2006). Guidelines for Soil Description.","Guidelines for Soil Description issued by the FAO: table 41"
"http://w3id.org/glosis/model/layerhorizon/gypsumFormsProperty","GL_Profile",,"gypsumFormsProperty","The Gypsum Forms Property describes the morphology of gypsum within the soil, such as crystals, veins, or nodules. The form indicates the processes of soil formation and water movement in gypsum-rich soils. Source: FAO (2006). Guidelines for Soil Description.","Guidelines for Soil Description issued by the FAO: table 41"
"http://w3id.org/glosis/model/layerhorizon/gypsumFormsProperty","GL_Plot",,"gypsumFormsProperty","The Gypsum Forms Property describes the morphology of gypsum within the soil, such as crystals, veins, or nodules. The form indicates the processes of soil formation and water movement in gypsum-rich soils. Source: FAO (2006). Guidelines for Soil Description.","Guidelines for Soil Description issued by the FAO: table 41"
"http://w3id.org/glosis/model/layerhorizon/gypsumFormsProperty",,"GL_Plot","gypsumFormsProperty","The Gypsum Forms Property describes the morphology of gypsum within the soil, such as crystals, veins, or nodules. The form indicates the processes of soil formation and water movement in gypsum-rich soils. Source: FAO (2006). Guidelines for Soil Description.","Guidelines for Soil Description issued by the FAO: table 41"
"http://w3id.org/glosis/model/layerhorizon/gypsumWeightProperty",,"GL_Layer","gypsumWeightProperty","The Gypsum Weight Property measures the mass of gypsum in the soil profile. This value helps evaluate the potential for soil salinity issues and influences decisions for agricultural or land reclamation practices. Source: Brady, N.C., & Weil, R.R. (2008). The Nature and Properties of Soils.","ISRIC Report 2019/01: Tier 1 and Tier 2 data in the context of the federated Global Soil Information System. Appendix 3"
"http://w3id.org/glosis/model/layerhorizon/gypsumWeightProperty","GL_Surface",,"gypsumWeightProperty","The Gypsum Weight Property measures the mass of gypsum in the soil profile. This value helps evaluate the potential for soil salinity issues and influences decisions for agricultural or land reclamation practices. Source: Brady, N.C., & Weil, R.R. (2008). The Nature and Properties of Soils.","ISRIC Report 2019/01: Tier 1 and Tier 2 data in the context of the federated Global Soil Information System. Appendix 3"
"http://w3id.org/glosis/model/layerhorizon/gypsumWeightProperty","GL_Profile",,"gypsumWeightProperty","The Gypsum Weight Property measures the mass of gypsum in the soil profile. This value helps evaluate the potential for soil salinity issues and influences decisions for agricultural or land reclamation practices. Source: Brady, N.C., & Weil, R.R. (2008). The Nature and Properties of Soils.","ISRIC Report 2019/01: Tier 1 and Tier 2 data in the context of the federated Global Soil Information System. Appendix 3"
"http://w3id.org/glosis/model/layerhorizon/gypsumWeightProperty","GL_Plot",,"gypsumWeightProperty","The Gypsum Weight Property measures the mass of gypsum in the soil profile. This value helps evaluate the potential for soil salinity issues and influences decisions for agricultural or land reclamation practices. Source: Brady, N.C., & Weil, R.R. (2008). The Nature and Properties of Soils.","ISRIC Report 2019/01: Tier 1 and Tier 2 data in the context of the federated Global Soil Information System. Appendix 3"
"http://w3id.org/glosis/model/layerhorizon/gypsumWeightProperty",,"GL_Plot","gypsumWeightProperty","The Gypsum Weight Property measures the mass of gypsum in the soil profile. This value helps evaluate the potential for soil salinity issues and influences decisions for agricultural or land reclamation practices. Source: Brady, N.C., & Weil, R.R. (2008). The Nature and Properties of Soils.","ISRIC Report 2019/01: Tier 1 and Tier 2 data in the context of the federated Global Soil Information System. Appendix 3"
"http://w3id.org/glosis/model/layerhorizon/mineralConcAbundanceProperty",,"GL_Layer","mineralConcAbundanceProperty","The Mineral Concentration Abundance Property evaluates the amount of specific minerals, such as quartz, feldspar, or mica, in the soil. This property provides insights into soil parent material and fertility. Source: FAO (2006). Guidelines for Soil Description.","ISRIC Report 2019/01: Tier 1 and Tier 2 data in the context of the federated Global Soil Information System. Appendix 3"
"http://w3id.org/glosis/model/layerhorizon/mineralConcAbundanceProperty","GL_Surface",,"mineralConcAbundanceProperty","The Mineral Concentration Abundance Property evaluates the amount of specific minerals, such as quartz, feldspar, or mica, in the soil. This property provides insights into soil parent material and fertility. Source: FAO (2006). Guidelines for Soil Description.","ISRIC Report 2019/01: Tier 1 and Tier 2 data in the context of the federated Global Soil Information System. Appendix 3"
"http://w3id.org/glosis/model/layerhorizon/mineralConcAbundanceProperty","GL_Profile",,"mineralConcAbundanceProperty","The Mineral Concentration Abundance Property evaluates the amount of specific minerals, such as quartz, feldspar, or mica, in the soil. This property provides insights into soil parent material and fertility. Source: FAO (2006). Guidelines for Soil Description.","ISRIC Report 2019/01: Tier 1 and Tier 2 data in the context of the federated Global Soil Information System. Appendix 3"
"http://w3id.org/glosis/model/layerhorizon/mineralConcAbundanceProperty","GL_Plot",,"mineralConcAbundanceProperty","The Mineral Concentration Abundance Property evaluates the amount of specific minerals, such as quartz, feldspar, or mica, in the soil. This property provides insights into soil parent material and fertility. Source: FAO (2006). Guidelines for Soil Description.","ISRIC Report 2019/01: Tier 1 and Tier 2 data in the context of the federated Global Soil Information System. Appendix 3"
"http://w3id.org/glosis/model/layerhorizon/mineralConcAbundanceProperty",,"GL_Plot","mineralConcAbundanceProperty","The Mineral Concentration Abundance Property evaluates the amount of specific minerals, such as quartz, feldspar, or mica, in the soil. This property provides insights into soil parent material and fertility. Source: FAO (2006). Guidelines for Soil Description.","ISRIC Report 2019/01: Tier 1 and Tier 2 data in the context of the federated Global Soil Information System. Appendix 3"
"http://w3id.org/glosis/model/layerhorizon/mineralConcColourProperty",,"GL_Layer","mineralConcColourProperty","The Mineral Concentration Colour Property describes the color of concentrated mineral deposits in the soil, such as iron oxides (red) or manganese nodules (black). It helps identify soil processes like oxidation or leaching. Source: Soil Survey Manual (USDA, 2017).","Guidelines for Soil Description issued by the FAO: table 78"
"http://w3id.org/glosis/model/layerhorizon/mineralConcColourProperty","GL_Surface",,"mineralConcColourProperty","The Mineral Concentration Colour Property describes the color of concentrated mineral deposits in the soil, such as iron oxides (red) or manganese nodules (black). It helps identify soil processes like oxidation or leaching. Source: Soil Survey Manual (USDA, 2017).","Guidelines for Soil Description issued by the FAO: table 78"
"http://w3id.org/glosis/model/layerhorizon/mineralConcColourProperty","GL_Profile",,"mineralConcColourProperty","The Mineral Concentration Colour Property describes the color of concentrated mineral deposits in the soil, such as iron oxides (red) or manganese nodules (black). It helps identify soil processes like oxidation or leaching. Source: Soil Survey Manual (USDA, 2017).","Guidelines for Soil Description issued by the FAO: table 78"
"http://w3id.org/glosis/model/layerhorizon/mineralConcColourProperty","GL_Plot",,"mineralConcColourProperty","The Mineral Concentration Colour Property describes the color of concentrated mineral deposits in the soil, such as iron oxides (red) or manganese nodules (black). It helps identify soil processes like oxidation or leaching. Source: Soil Survey Manual (USDA, 2017).","Guidelines for Soil Description issued by the FAO: table 78"
"http://w3id.org/glosis/model/layerhorizon/mineralConcColourProperty",,"GL_Plot","mineralConcColourProperty","The Mineral Concentration Colour Property describes the color of concentrated mineral deposits in the soil, such as iron oxides (red) or manganese nodules (black). It helps identify soil processes like oxidation or leaching. Source: Soil Survey Manual (USDA, 2017).","Guidelines for Soil Description issued by the FAO: table 78"
"http://w3id.org/glosis/model/layerhorizon/mineralConcHardnessProperty",,"GL_Layer","mineralConcHardnessProperty","The Mineral Concentration Hardness Property assesses the physical hardness of mineral deposits in soil. Hardness influences soil strength and resistance to erosion or mechanical disruption. Source: Sparks, D.L. (2003). Environmental Soil Chemistry.","Guidelines for Soil Description issued by the FAO: table 76"
"http://w3id.org/glosis/model/layerhorizon/mineralConcHardnessProperty","GL_Surface",,"mineralConcHardnessProperty","The Mineral Concentration Hardness Property assesses the physical hardness of mineral deposits in soil. Hardness influences soil strength and resistance to erosion or mechanical disruption. Source: Sparks, D.L. (2003). Environmental Soil Chemistry.","Guidelines for Soil Description issued by the FAO: table 76"
"http://w3id.org/glosis/model/layerhorizon/mineralConcHardnessProperty","GL_Profile",,"mineralConcHardnessProperty","The Mineral Concentration Hardness Property assesses the physical hardness of mineral deposits in soil. Hardness influences soil strength and resistance to erosion or mechanical disruption. Source: Sparks, D.L. (2003). Environmental Soil Chemistry.","Guidelines for Soil Description issued by the FAO: table 76"
"http://w3id.org/glosis/model/layerhorizon/mineralConcHardnessProperty","GL_Plot",,"mineralConcHardnessProperty","The Mineral Concentration Hardness Property assesses the physical hardness of mineral deposits in soil. Hardness influences soil strength and resistance to erosion or mechanical disruption. Source: Sparks, D.L. (2003). Environmental Soil Chemistry.","Guidelines for Soil Description issued by the FAO: table 76"
"http://w3id.org/glosis/model/layerhorizon/mineralConcHardnessProperty",,"GL_Plot","mineralConcHardnessProperty","The Mineral Concentration Hardness Property assesses the physical hardness of mineral deposits in soil. Hardness influences soil strength and resistance to erosion or mechanical disruption. Source: Sparks, D.L. (2003). Environmental Soil Chemistry.","Guidelines for Soil Description issued by the FAO: table 76"
"http://w3id.org/glosis/model/layerhorizon/mineralConcKindProperty",,"GL_Layer","mineralConcKindProperty","The Mineral Concentration Kind Property identifies the specific type of mineral concentrations found in soil, such as gypsum, calcite, or hematite. This classification aids in understanding soil genesis and chemistry. Source: FAO (2006). Guidelines for Soil Description.","Guidelines for Soil Description issued by the FAO: table 74"
"http://w3id.org/glosis/model/layerhorizon/mineralConcKindProperty","GL_Surface",,"mineralConcKindProperty","The Mineral Concentration Kind Property identifies the specific type of mineral concentrations found in soil, such as gypsum, calcite, or hematite. This classification aids in understanding soil genesis and chemistry. Source: FAO (2006). Guidelines for Soil Description.","Guidelines for Soil Description issued by the FAO: table 74"
"http://w3id.org/glosis/model/layerhorizon/mineralConcKindProperty","GL_Profile",,"mineralConcKindProperty","The Mineral Concentration Kind Property identifies the specific type of mineral concentrations found in soil, such as gypsum, calcite, or hematite. This classification aids in understanding soil genesis and chemistry. Source: FAO (2006). Guidelines for Soil Description.","Guidelines for Soil Description issued by the FAO: table 74"
"http://w3id.org/glosis/model/layerhorizon/mineralConcKindProperty","GL_Plot",,"mineralConcKindProperty","The Mineral Concentration Kind Property identifies the specific type of mineral concentrations found in soil, such as gypsum, calcite, or hematite. This classification aids in understanding soil genesis and chemistry. Source: FAO (2006). Guidelines for Soil Description.","Guidelines for Soil Description issued by the FAO: table 74"
"http://w3id.org/glosis/model/layerhorizon/mineralConcKindProperty",,"GL_Plot","mineralConcKindProperty","The Mineral Concentration Kind Property identifies the specific type of mineral concentrations found in soil, such as gypsum, calcite, or hematite. This classification aids in understanding soil genesis and chemistry. Source: FAO (2006). Guidelines for Soil Description.","Guidelines for Soil Description issued by the FAO: table 74"
"http://w3id.org/glosis/model/layerhorizon/mineralConcNatureProperty",,"GL_Layer","mineralConcNatureProperty","The Mineral Concentration Nature Property examines the origin and composition of concentrated minerals in soil. It provides clues about weathering, leaching, and other pedogenic processes. Source: Soil Survey Staff (2014). Keys to Soil Taxonomy.","Guidelines for Soil Description issued by the FAO: table 77"
"http://w3id.org/glosis/model/layerhorizon/mineralConcNatureProperty","GL_Surface",,"mineralConcNatureProperty","The Mineral Concentration Nature Property examines the origin and composition of concentrated minerals in soil. It provides clues about weathering, leaching, and other pedogenic processes. Source: Soil Survey Staff (2014). Keys to Soil Taxonomy.","Guidelines for Soil Description issued by the FAO: table 77"
"http://w3id.org/glosis/model/layerhorizon/mineralConcNatureProperty","GL_Profile",,"mineralConcNatureProperty","The Mineral Concentration Nature Property examines the origin and composition of concentrated minerals in soil. It provides clues about weathering, leaching, and other pedogenic processes. Source: Soil Survey Staff (2014). Keys to Soil Taxonomy.","Guidelines for Soil Description issued by the FAO: table 77"
"http://w3id.org/glosis/model/layerhorizon/mineralConcNatureProperty","GL_Plot",,"mineralConcNatureProperty","The Mineral Concentration Nature Property examines the origin and composition of concentrated minerals in soil. It provides clues about weathering, leaching, and other pedogenic processes. Source: Soil Survey Staff (2014). Keys to Soil Taxonomy.","Guidelines for Soil Description issued by the FAO: table 77"
"http://w3id.org/glosis/model/layerhorizon/mineralConcNatureProperty",,"GL_Plot","mineralConcNatureProperty","The Mineral Concentration Nature Property examines the origin and composition of concentrated minerals in soil. It provides clues about weathering, leaching, and other pedogenic processes. Source: Soil Survey Staff (2014). Keys to Soil Taxonomy.","Guidelines for Soil Description issued by the FAO: table 77"
"http://w3id.org/glosis/model/layerhorizon/mineralConcShapeProperty",,"GL_Layer","mineralConcShapeProperty","The Mineral Concentration Shape Property describes the physical shape of mineral accumulations, such as rounded, angular, or irregular. These shapes help infer soil formation processes and transport history. Source: Brady, N.C., & Weil, R.R. (2008). The Nature and Properties of Soils.","Guidelines for Soil Description issued by the FAO: table 75,2"
"http://w3id.org/glosis/model/layerhorizon/mineralConcShapeProperty","GL_Surface",,"mineralConcShapeProperty","The Mineral Concentration Shape Property describes the physical shape of mineral accumulations, such as rounded, angular, or irregular. These shapes help infer soil formation processes and transport history. Source: Brady, N.C., & Weil, R.R. (2008). The Nature and Properties of Soils.","Guidelines for Soil Description issued by the FAO: table 75,2"
"http://w3id.org/glosis/model/layerhorizon/mineralConcShapeProperty","GL_Profile",,"mineralConcShapeProperty","The Mineral Concentration Shape Property describes the physical shape of mineral accumulations, such as rounded, angular, or irregular. These shapes help infer soil formation processes and transport history. Source: Brady, N.C., & Weil, R.R. (2008). The Nature and Properties of Soils.","Guidelines for Soil Description issued by the FAO: table 75,2"
"http://w3id.org/glosis/model/layerhorizon/mineralConcShapeProperty","GL_Plot",,"mineralConcShapeProperty","The Mineral Concentration Shape Property describes the physical shape of mineral accumulations, such as rounded, angular, or irregular. These shapes help infer soil formation processes and transport history. Source: Brady, N.C., & Weil, R.R. (2008). The Nature and Properties of Soils.","Guidelines for Soil Description issued by the FAO: table 75,2"
"http://w3id.org/glosis/model/layerhorizon/mineralConcShapeProperty",,"GL_Plot","mineralConcShapeProperty","The Mineral Concentration Shape Property describes the physical shape of mineral accumulations, such as rounded, angular, or irregular. These shapes help infer soil formation processes and transport history. Source: Brady, N.C., & Weil, R.R. (2008). The Nature and Properties of Soils.","Guidelines for Soil Description issued by the FAO: table 75,2"
"http://w3id.org/glosis/model/layerhorizon/mineralConcSizeProperty",,"GL_Layer","mineralConcSizeeProperty","The Mineral Concentration Size Property measures the dimensions of concentrated mineral deposits in soil, typically expressed in millimeters. Size categories range from small grains to large nodules or concretions. Source: FAO (2006). Guidelines for Soil Description.","Guidelines for Soil Description issued by the FAO: table 75,1"
"http://w3id.org/glosis/model/layerhorizon/mineralConcSizeProperty","GL_Surface",,"mineralConcSizeeProperty","The Mineral Concentration Size Property measures the dimensions of concentrated mineral deposits in soil, typically expressed in millimeters. Size categories range from small grains to large nodules or concretions. Source: FAO (2006). Guidelines for Soil Description.","Guidelines for Soil Description issued by the FAO: table 75,1"
"http://w3id.org/glosis/model/layerhorizon/mineralConcSizeProperty","GL_Profile",,"mineralConcSizeeProperty","The Mineral Concentration Size Property measures the dimensions of concentrated mineral deposits in soil, typically expressed in millimeters. Size categories range from small grains to large nodules or concretions. Source: FAO (2006). Guidelines for Soil Description.","Guidelines for Soil Description issued by the FAO: table 75,1"
"http://w3id.org/glosis/model/layerhorizon/mineralConcSizeProperty","GL_Plot",,"mineralConcSizeeProperty","The Mineral Concentration Size Property measures the dimensions of concentrated mineral deposits in soil, typically expressed in millimeters. Size categories range from small grains to large nodules or concretions. Source: FAO (2006). Guidelines for Soil Description.","Guidelines for Soil Description issued by the FAO: table 75,1"
"http://w3id.org/glosis/model/layerhorizon/mineralConcSizeProperty",,"GL_Plot","mineralConcSizeeProperty","The Mineral Concentration Size Property measures the dimensions of concentrated mineral deposits in soil, typically expressed in millimeters. Size categories range from small grains to large nodules or concretions. Source: FAO (2006). Guidelines for Soil Description.","Guidelines for Soil Description issued by the FAO: table 75,1"
"http://w3id.org/glosis/model/layerhorizon/mineralConcVolumeProperty",,"GL_Layer","mineralConcVolumeProperty","The Mineral Concentration Volume Property quantifies the proportion of soil volume occupied by mineral concentrations. It is used to assess the impact of these materials on soil structure and permeability. Source: Soil Survey Manual (USDA, 2017).","Guidelines for Soil Description issued by the FAO: table 73"
"http://w3id.org/glosis/model/layerhorizon/mineralConcVolumeProperty","GL_Surface",,"mineralConcVolumeProperty","The Mineral Concentration Volume Property quantifies the proportion of soil volume occupied by mineral concentrations. It is used to assess the impact of these materials on soil structure and permeability. Source: Soil Survey Manual (USDA, 2017).","Guidelines for Soil Description issued by the FAO: table 73"
"http://w3id.org/glosis/model/layerhorizon/mineralConcVolumeProperty","GL_Profile",,"mineralConcVolumeProperty","The Mineral Concentration Volume Property quantifies the proportion of soil volume occupied by mineral concentrations. It is used to assess the impact of these materials on soil structure and permeability. Source: Soil Survey Manual (USDA, 2017).","Guidelines for Soil Description issued by the FAO: table 73"
"http://w3id.org/glosis/model/layerhorizon/mineralConcVolumeProperty","GL_Plot",,"mineralConcVolumeProperty","The Mineral Concentration Volume Property quantifies the proportion of soil volume occupied by mineral concentrations. It is used to assess the impact of these materials on soil structure and permeability. Source: Soil Survey Manual (USDA, 2017).","Guidelines for Soil Description issued by the FAO: table 73"
"http://w3id.org/glosis/model/layerhorizon/mineralConcVolumeProperty",,"GL_Plot","mineralConcVolumeProperty","The Mineral Concentration Volume Property quantifies the proportion of soil volume occupied by mineral concentrations. It is used to assess the impact of these materials on soil structure and permeability. Source: Soil Survey Manual (USDA, 2017).","Guidelines for Soil Description issued by the FAO: table 73"
"http://w3id.org/glosis/model/layerhorizon/mineralContentProperty",,"GL_Layer","mineralContentProperty","The Mineral Content Property evaluates the overall abundance of mineral particles in soil, including sand, silt, and clay fractions. It provides essential information about soil texture, fertility, and parent material. Source: Hillel, D. (2004). Introduction to Environmental Soil Physics.","ISRIC Report 2019/01: Tier 1 and Tier 2 data in the context of the federated Global Soil Information System. Appendix 3"
"http://w3id.org/glosis/model/layerhorizon/mineralContentProperty","GL_Surface",,"mineralContentProperty","The Mineral Content Property evaluates the overall abundance of mineral particles in soil, including sand, silt, and clay fractions. It provides essential information about soil texture, fertility, and parent material. Source: Hillel, D. (2004). Introduction to Environmental Soil Physics.","ISRIC Report 2019/01: Tier 1 and Tier 2 data in the context of the federated Global Soil Information System. Appendix 3"
"http://w3id.org/glosis/model/layerhorizon/mineralContentProperty","GL_Profile",,"mineralContentProperty","The Mineral Content Property evaluates the overall abundance of mineral particles in soil, including sand, silt, and clay fractions. It provides essential information about soil texture, fertility, and parent material. Source: Hillel, D. (2004). Introduction to Environmental Soil Physics.","ISRIC Report 2019/01: Tier 1 and Tier 2 data in the context of the federated Global Soil Information System. Appendix 3"
"http://w3id.org/glosis/model/layerhorizon/mineralContentProperty","GL_Plot",,"mineralContentProperty","The Mineral Content Property evaluates the overall abundance of mineral particles in soil, including sand, silt, and clay fractions. It provides essential information about soil texture, fertility, and parent material. Source: Hillel, D. (2004). Introduction to Environmental Soil Physics.","ISRIC Report 2019/01: Tier 1 and Tier 2 data in the context of the federated Global Soil Information System. Appendix 3"
"http://w3id.org/glosis/model/layerhorizon/mineralContentProperty",,"GL_Plot","mineralContentProperty","The Mineral Content Property evaluates the overall abundance of mineral particles in soil, including sand, silt, and clay fractions. It provides essential information about soil texture, fertility, and parent material. Source: Hillel, D. (2004). Introduction to Environmental Soil Physics.","ISRIC Report 2019/01: Tier 1 and Tier 2 data in the context of the federated Global Soil Information System. Appendix 3"
"http://w3id.org/glosis/model/layerhorizon/mineralFragmentsProperty",,"GL_Layer","mineralFragmentsProperty","The Mineral Fragments Property refers to the presence and characteristics of coarse mineral particles (e.g., gravel, pebbles, stones) in the soil. These fragments influence soil drainage, root penetration, and overall physical structure. Source: Soil Survey Manual (USDA, 2017).","Guidelines for Soil Description issued by the FAO: table 30"
"http://w3id.org/glosis/model/layerhorizon/mineralFragmentsProperty","GL_Surface",,"mineralFragmentsProperty","The Mineral Fragments Property refers to the presence and characteristics of coarse mineral particles (e.g., gravel, pebbles, stones) in the soil. These fragments influence soil drainage, root penetration, and overall physical structure. Source: Soil Survey Manual (USDA, 2017).","Guidelines for Soil Description issued by the FAO: table 30"
"http://w3id.org/glosis/model/layerhorizon/mineralFragmentsProperty","GL_Profile",,"mineralFragmentsProperty","The Mineral Fragments Property refers to the presence and characteristics of coarse mineral particles (e.g., gravel, pebbles, stones) in the soil. These fragments influence soil drainage, root penetration, and overall physical structure. Source: Soil Survey Manual (USDA, 2017).","Guidelines for Soil Description issued by the FAO: table 30"
"http://w3id.org/glosis/model/layerhorizon/mineralFragmentsProperty","GL_Plot",,"mineralFragmentsProperty","The Mineral Fragments Property refers to the presence and characteristics of coarse mineral particles (e.g., gravel, pebbles, stones) in the soil. These fragments influence soil drainage, root penetration, and overall physical structure. Source: Soil Survey Manual (USDA, 2017).","Guidelines for Soil Description issued by the FAO: table 30"
"http://w3id.org/glosis/model/layerhorizon/mineralFragmentsProperty",,"GL_Plot","mineralFragmentsProperty","The Mineral Fragments Property refers to the presence and characteristics of coarse mineral particles (e.g., gravel, pebbles, stones) in the soil. These fragments influence soil drainage, root penetration, and overall physical structure. Source: Soil Survey Manual (USDA, 2017).","Guidelines for Soil Description issued by the FAO: table 30"
"http://w3id.org/glosis/model/layerhorizon/moistConsistencyProperty",,"GL_Layer","moistConsistencyProperty","The Moist Consistency Property evaluates the soil's behavior under pressure when moist. Categories include friable, firm, or plastic. It provides insights into soil workability and its ability to support plant growth. Source: FAO (2006). Guidelines for Soil Description.","ISRIC Report 2019/01: Tier 1 and Tier 2 data in the context of the federated Global Soil Information System. Appendix 3"
"http://w3id.org/glosis/model/layerhorizon/moistConsistencyProperty","GL_Surface",,"moistConsistencyProperty","The Moist Consistency Property evaluates the soil's behavior under pressure when moist. Categories include friable, firm, or plastic. It provides insights into soil workability and its ability to support plant growth. Source: FAO (2006). Guidelines for Soil Description.","ISRIC Report 2019/01: Tier 1 and Tier 2 data in the context of the federated Global Soil Information System. Appendix 3"
"http://w3id.org/glosis/model/layerhorizon/moistConsistencyProperty","GL_Profile",,"moistConsistencyProperty","The Moist Consistency Property evaluates the soil's behavior under pressure when moist. Categories include friable, firm, or plastic. It provides insights into soil workability and its ability to support plant growth. Source: FAO (2006). Guidelines for Soil Description.","ISRIC Report 2019/01: Tier 1 and Tier 2 data in the context of the federated Global Soil Information System. Appendix 3"
"http://w3id.org/glosis/model/layerhorizon/moistConsistencyProperty","GL_Plot",,"moistConsistencyProperty","The Moist Consistency Property evaluates the soil's behavior under pressure when moist. Categories include friable, firm, or plastic. It provides insights into soil workability and its ability to support plant growth. Source: FAO (2006). Guidelines for Soil Description.","ISRIC Report 2019/01: Tier 1 and Tier 2 data in the context of the federated Global Soil Information System. Appendix 3"
"http://w3id.org/glosis/model/layerhorizon/moistConsistencyProperty",,"GL_Plot","moistConsistencyProperty","The Moist Consistency Property evaluates the soil's behavior under pressure when moist. Categories include friable, firm, or plastic. It provides insights into soil workability and its ability to support plant growth. Source: FAO (2006). Guidelines for Soil Description.","ISRIC Report 2019/01: Tier 1 and Tier 2 data in the context of the federated Global Soil Information System. Appendix 3"
"http://w3id.org/glosis/model/layerhorizon/moistureContentProperty",,"GL_Layer","moistureContentProperty","The Moisture Content Property measures the amount of water present in soil, expressed as a percentage of its dry weight. This property is critical for assessing soil water retention, irrigation needs, and plant-available water. Source: Hillel, D. (2004). Introduction to Environmental Soil Physics.","Africa Soil Profiles Database Version 1.2. ISRIC Report 2014/01"
"http://w3id.org/glosis/model/layerhorizon/moistureContentProperty","GL_Surface",,"moistureContentProperty","The Moisture Content Property measures the amount of water present in soil, expressed as a percentage of its dry weight. This property is critical for assessing soil water retention, irrigation needs, and plant-available water. Source: Hillel, D. (2004). Introduction to Environmental Soil Physics.","Africa Soil Profiles Database Version 1.2. ISRIC Report 2014/01"
"http://w3id.org/glosis/model/layerhorizon/moistureContentProperty","GL_Profile",,"moistureContentProperty","The Moisture Content Property measures the amount of water present in soil, expressed as a percentage of its dry weight. This property is critical for assessing soil water retention, irrigation needs, and plant-available water. Source: Hillel, D. (2004). Introduction to Environmental Soil Physics.","Africa Soil Profiles Database Version 1.2. ISRIC Report 2014/01"
"http://w3id.org/glosis/model/layerhorizon/moistureContentProperty","GL_Plot",,"moistureContentProperty","The Moisture Content Property measures the amount of water present in soil, expressed as a percentage of its dry weight. This property is critical for assessing soil water retention, irrigation needs, and plant-available water. Source: Hillel, D. (2004). Introduction to Environmental Soil Physics.","Africa Soil Profiles Database Version 1.2. ISRIC Report 2014/01"
"http://w3id.org/glosis/model/layerhorizon/moistureContentProperty",,"GL_Plot","moistureContentProperty","The Moisture Content Property measures the amount of water present in soil, expressed as a percentage of its dry weight. This property is critical for assessing soil water retention, irrigation needs, and plant-available water. Source: Hillel, D. (2004). Introduction to Environmental Soil Physics.","Africa Soil Profiles Database Version 1.2. ISRIC Report 2014/01"
"http://w3id.org/glosis/model/layerhorizon/mottlesAbundanceProperty",,"GL_Layer","mottlesAbundanceProperty","The Mottles Abundance Property describes the frequency of mottling (spots of contrasting color) in soil horizons. Mottling indicates variations in soil aeration, drainage, or water saturation. Abundance is typically classified as few, common, or many. Source: Soil Survey Staff (2014). Keys to Soil Taxonomy.","Guidelines for Soil Description issued by the FAO: table 32"
"http://w3id.org/glosis/model/layerhorizon/mottlesAbundanceProperty","GL_Surface",,"mottlesAbundanceProperty","The Mottles Abundance Property describes the frequency of mottling (spots of contrasting color) in soil horizons. Mottling indicates variations in soil aeration, drainage, or water saturation. Abundance is typically classified as few, common, or many. Source: Soil Survey Staff (2014). Keys to Soil Taxonomy.","Guidelines for Soil Description issued by the FAO: table 32"
"http://w3id.org/glosis/model/layerhorizon/mottlesAbundanceProperty","GL_Profile",,"mottlesAbundanceProperty","The Mottles Abundance Property describes the frequency of mottling (spots of contrasting color) in soil horizons. Mottling indicates variations in soil aeration, drainage, or water saturation. Abundance is typically classified as few, common, or many. Source: Soil Survey Staff (2014). Keys to Soil Taxonomy.","Guidelines for Soil Description issued by the FAO: table 32"
"http://w3id.org/glosis/model/layerhorizon/mottlesAbundanceProperty","GL_Plot",,"mottlesAbundanceProperty","The Mottles Abundance Property describes the frequency of mottling (spots of contrasting color) in soil horizons. Mottling indicates variations in soil aeration, drainage, or water saturation. Abundance is typically classified as few, common, or many. Source: Soil Survey Staff (2014). Keys to Soil Taxonomy.","Guidelines for Soil Description issued by the FAO: table 32"
"http://w3id.org/glosis/model/layerhorizon/mottlesAbundanceProperty",,"GL_Plot","mottlesAbundanceProperty","The Mottles Abundance Property describes the frequency of mottling (spots of contrasting color) in soil horizons. Mottling indicates variations in soil aeration, drainage, or water saturation. Abundance is typically classified as few, common, or many. Source: Soil Survey Staff (2014). Keys to Soil Taxonomy.","Guidelines for Soil Description issued by the FAO: table 32"
"http://w3id.org/glosis/model/layerhorizon/mottlesBoundaryClassificationProperty",,"GL_Layer","mottlesBoundaryClassificationProperty","The Mottles Boundary Classification Property assesses the sharpness and distinctness of boundaries between mottled and non-mottled areas within the soil. It provides clues about soil processes such as oxidation-reduction reactions. Source: FAO (2006). Guidelines for Soil Description.","Guidelines for Soil Description issued by the FAO: table 35"
"http://w3id.org/glosis/model/layerhorizon/mottlesBoundaryClassificationProperty","GL_Surface",,"mottlesBoundaryClassificationProperty","The Mottles Boundary Classification Property assesses the sharpness and distinctness of boundaries between mottled and non-mottled areas within the soil. It provides clues about soil processes such as oxidation-reduction reactions. Source: FAO (2006). Guidelines for Soil Description.","Guidelines for Soil Description issued by the FAO: table 35"
"http://w3id.org/glosis/model/layerhorizon/mottlesBoundaryClassificationProperty","GL_Profile",,"mottlesBoundaryClassificationProperty","The Mottles Boundary Classification Property assesses the sharpness and distinctness of boundaries between mottled and non-mottled areas within the soil. It provides clues about soil processes such as oxidation-reduction reactions. Source: FAO (2006). Guidelines for Soil Description.","Guidelines for Soil Description issued by the FAO: table 35"
"http://w3id.org/glosis/model/layerhorizon/mottlesBoundaryClassificationProperty","GL_Plot",,"mottlesBoundaryClassificationProperty","The Mottles Boundary Classification Property assesses the sharpness and distinctness of boundaries between mottled and non-mottled areas within the soil. It provides clues about soil processes such as oxidation-reduction reactions. Source: FAO (2006). Guidelines for Soil Description.","Guidelines for Soil Description issued by the FAO: table 35"
"http://w3id.org/glosis/model/layerhorizon/mottlesBoundaryClassificationProperty",,"GL_Plot","mottlesBoundaryClassificationProperty","The Mottles Boundary Classification Property assesses the sharpness and distinctness of boundaries between mottled and non-mottled areas within the soil. It provides clues about soil processes such as oxidation-reduction reactions. Source: FAO (2006). Guidelines for Soil Description.","Guidelines for Soil Description issued by the FAO: table 35"
"http://w3id.org/glosis/model/layerhorizon/mottlesColourProperty",,"GL_Layer","mottlesColourProperty","The Mottles Colour Property evaluates the color of soil mottles, often indicative of oxidation states of iron or manganese. For example, reddish colors suggest oxidation, while gray colors indicate reduction and poor drainage. Source: Soil Survey Manual (USDA, 2017).","ISRIC Report 2019/01: Tier 1 and Tier 2 data in the context of the federated Global Soil Information System. Appendix 3"
"http://w3id.org/glosis/model/layerhorizon/mottlesColourProperty","GL_Surface",,"mottlesColourProperty","The Mottles Colour Property evaluates the color of soil mottles, often indicative of oxidation states of iron or manganese. For example, reddish colors suggest oxidation, while gray colors indicate reduction and poor drainage. Source: Soil Survey Manual (USDA, 2017).","ISRIC Report 2019/01: Tier 1 and Tier 2 data in the context of the federated Global Soil Information System. Appendix 3"
"http://w3id.org/glosis/model/layerhorizon/mottlesColourProperty","GL_Profile",,"mottlesColourProperty","The Mottles Colour Property evaluates the color of soil mottles, often indicative of oxidation states of iron or manganese. For example, reddish colors suggest oxidation, while gray colors indicate reduction and poor drainage. Source: Soil Survey Manual (USDA, 2017).","ISRIC Report 2019/01: Tier 1 and Tier 2 data in the context of the federated Global Soil Information System. Appendix 3"
"http://w3id.org/glosis/model/layerhorizon/mottlesColourProperty","GL_Plot",,"mottlesColourProperty","The Mottles Colour Property evaluates the color of soil mottles, often indicative of oxidation states of iron or manganese. For example, reddish colors suggest oxidation, while gray colors indicate reduction and poor drainage. Source: Soil Survey Manual (USDA, 2017).","ISRIC Report 2019/01: Tier 1 and Tier 2 data in the context of the federated Global Soil Information System. Appendix 3"
"http://w3id.org/glosis/model/layerhorizon/mottlesColourProperty",,"GL_Plot","mottlesColourProperty","The Mottles Colour Property evaluates the color of soil mottles, often indicative of oxidation states of iron or manganese. For example, reddish colors suggest oxidation, while gray colors indicate reduction and poor drainage. Source: Soil Survey Manual (USDA, 2017).","ISRIC Report 2019/01: Tier 1 and Tier 2 data in the context of the federated Global Soil Information System. Appendix 3"
"http://w3id.org/glosis/model/layerhorizon/mottlesContrastProperty",,"GL_Layer","mottlesContrastProperty","The Mottles Contrast Property measures the visual distinction between mottles and the surrounding soil matrix. High contrast indicates stark differences, often linked to fluctuating water tables or drainage issues. Source: FAO (2006). Guidelines for Soil Description.","Guidelines for Soil Description issued by the FAO: table 34"
"http://w3id.org/glosis/model/layerhorizon/mottlesContrastProperty","GL_Surface",,"mottlesContrastProperty","The Mottles Contrast Property measures the visual distinction between mottles and the surrounding soil matrix. High contrast indicates stark differences, often linked to fluctuating water tables or drainage issues. Source: FAO (2006). Guidelines for Soil Description.","Guidelines for Soil Description issued by the FAO: table 34"
"http://w3id.org/glosis/model/layerhorizon/mottlesContrastProperty","GL_Profile",,"mottlesContrastProperty","The Mottles Contrast Property measures the visual distinction between mottles and the surrounding soil matrix. High contrast indicates stark differences, often linked to fluctuating water tables or drainage issues. Source: FAO (2006). Guidelines for Soil Description.","Guidelines for Soil Description issued by the FAO: table 34"
"http://w3id.org/glosis/model/layerhorizon/mottlesContrastProperty","GL_Plot",,"mottlesContrastProperty","The Mottles Contrast Property measures the visual distinction between mottles and the surrounding soil matrix. High contrast indicates stark differences, often linked to fluctuating water tables or drainage issues. Source: FAO (2006). Guidelines for Soil Description.","Guidelines for Soil Description issued by the FAO: table 34"
"http://w3id.org/glosis/model/layerhorizon/mottlesContrastProperty",,"GL_Plot","mottlesContrastProperty","The Mottles Contrast Property measures the visual distinction between mottles and the surrounding soil matrix. High contrast indicates stark differences, often linked to fluctuating water tables or drainage issues. Source: FAO (2006). Guidelines for Soil Description.","Guidelines for Soil Description issued by the FAO: table 34"
"http://w3id.org/glosis/model/layerhorizon/mottlesPresenceProperty",,"GL_Layer","mottlesPresenceProperty","The Mottles Presence Property refers to the existence of mottles in soil, often signaling periodic water saturation, drainage problems, or fluctuating redox conditions. This property is essential for wetland delineation and soil health assessment. Source: Soil Survey Staff (2014). Keys to Soil Taxonomy.","ISRIC Report 2019/01: Tier 1 and Tier 2 data in the context of the federated Global Soil Information System. Appendix 3"
"http://w3id.org/glosis/model/layerhorizon/mottlesPresenceProperty","GL_Surface",,"mottlesPresenceProperty","The Mottles Presence Property refers to the existence of mottles in soil, often signaling periodic water saturation, drainage problems, or fluctuating redox conditions. This property is essential for wetland delineation and soil health assessment. Source: Soil Survey Staff (2014). Keys to Soil Taxonomy.","ISRIC Report 2019/01: Tier 1 and Tier 2 data in the context of the federated Global Soil Information System. Appendix 3"
"http://w3id.org/glosis/model/layerhorizon/mottlesPresenceProperty","GL_Profile",,"mottlesPresenceProperty","The Mottles Presence Property refers to the existence of mottles in soil, often signaling periodic water saturation, drainage problems, or fluctuating redox conditions. This property is essential for wetland delineation and soil health assessment. Source: Soil Survey Staff (2014). Keys to Soil Taxonomy.","ISRIC Report 2019/01: Tier 1 and Tier 2 data in the context of the federated Global Soil Information System. Appendix 3"
"http://w3id.org/glosis/model/layerhorizon/mottlesPresenceProperty","GL_Plot",,"mottlesPresenceProperty","The Mottles Presence Property refers to the existence of mottles in soil, often signaling periodic water saturation, drainage problems, or fluctuating redox conditions. This property is essential for wetland delineation and soil health assessment. Source: Soil Survey Staff (2014). Keys to Soil Taxonomy.","ISRIC Report 2019/01: Tier 1 and Tier 2 data in the context of the federated Global Soil Information System. Appendix 3"
"http://w3id.org/glosis/model/layerhorizon/mottlesPresenceProperty",,"GL_Plot","mottlesPresenceProperty","The Mottles Presence Property refers to the existence of mottles in soil, often signaling periodic water saturation, drainage problems, or fluctuating redox conditions. This property is essential for wetland delineation and soil health assessment. Source: Soil Survey Staff (2014). Keys to Soil Taxonomy.","ISRIC Report 2019/01: Tier 1 and Tier 2 data in the context of the federated Global Soil Information System. Appendix 3"
"http://w3id.org/glosis/model/layerhorizon/mottlesSizeProperty",,"GL_Layer","mottlesSizeProperty","The Mottles Size Property describes the dimensions of soil mottles, typically classified as fine, medium, or coarse. The size reflects the intensity and scale of soil processes such as oxidation and reduction. Source: FAO (2006). Guidelines for Soil Description.","Guidelines for Soil Description issued by the FAO: table 33"
"http://w3id.org/glosis/model/layerhorizon/mottlesSizeProperty","GL_Surface",,"mottlesSizeProperty","The Mottles Size Property describes the dimensions of soil mottles, typically classified as fine, medium, or coarse. The size reflects the intensity and scale of soil processes such as oxidation and reduction. Source: FAO (2006). Guidelines for Soil Description.","Guidelines for Soil Description issued by the FAO: table 33"
"http://w3id.org/glosis/model/layerhorizon/mottlesSizeProperty","GL_Profile",,"mottlesSizeProperty","The Mottles Size Property describes the dimensions of soil mottles, typically classified as fine, medium, or coarse. The size reflects the intensity and scale of soil processes such as oxidation and reduction. Source: FAO (2006). Guidelines for Soil Description.","Guidelines for Soil Description issued by the FAO: table 33"
"http://w3id.org/glosis/model/layerhorizon/mottlesSizeProperty","GL_Plot",,"mottlesSizeProperty","The Mottles Size Property describes the dimensions of soil mottles, typically classified as fine, medium, or coarse. The size reflects the intensity and scale of soil processes such as oxidation and reduction. Source: FAO (2006). Guidelines for Soil Description.","Guidelines for Soil Description issued by the FAO: table 33"
"http://w3id.org/glosis/model/layerhorizon/mottlesSizeProperty",,"GL_Plot","mottlesSizeProperty","The Mottles Size Property describes the dimensions of soil mottles, typically classified as fine, medium, or coarse. The size reflects the intensity and scale of soil processes such as oxidation and reduction. Source: FAO (2006). Guidelines for Soil Description.","Guidelines for Soil Description issued by the FAO: table 33"
"http://w3id.org/glosis/model/layerhorizon/oxalateExtractableOpticalDensityProperty",,"GL_Layer","oxalateExtractableOpticalDensityProperty","The Oxalate Extractable Optical Density Property measures the concentration of poorly crystalline forms of iron, aluminum, and organic matter in soil, often associated with volcanic soils. It is determined using ammonium oxalate extraction. Source: Sparks, D.L. (2003). Environmental Soil Chemistry.","ISRIC Report 2019/01: Tier 1 and Tier 2 data in the context of the federated Global Soil Information System. Appendix 3"
"http://w3id.org/glosis/model/layerhorizon/oxalateExtractableOpticalDensityProperty","GL_Surface",,"oxalateExtractableOpticalDensityProperty","The Oxalate Extractable Optical Density Property measures the concentration of poorly crystalline forms of iron, aluminum, and organic matter in soil, often associated with volcanic soils. It is determined using ammonium oxalate extraction. Source: Sparks, D.L. (2003). Environmental Soil Chemistry.","ISRIC Report 2019/01: Tier 1 and Tier 2 data in the context of the federated Global Soil Information System. Appendix 3"
"http://w3id.org/glosis/model/layerhorizon/oxalateExtractableOpticalDensityProperty","GL_Profile",,"oxalateExtractableOpticalDensityProperty","The Oxalate Extractable Optical Density Property measures the concentration of poorly crystalline forms of iron, aluminum, and organic matter in soil, often associated with volcanic soils. It is determined using ammonium oxalate extraction. Source: Sparks, D.L. (2003). Environmental Soil Chemistry.","ISRIC Report 2019/01: Tier 1 and Tier 2 data in the context of the federated Global Soil Information System. Appendix 3"
"http://w3id.org/glosis/model/layerhorizon/oxalateExtractableOpticalDensityProperty","GL_Plot",,"oxalateExtractableOpticalDensityProperty","The Oxalate Extractable Optical Density Property measures the concentration of poorly crystalline forms of iron, aluminum, and organic matter in soil, often associated with volcanic soils. It is determined using ammonium oxalate extraction. Source: Sparks, D.L. (2003). Environmental Soil Chemistry.","ISRIC Report 2019/01: Tier 1 and Tier 2 data in the context of the federated Global Soil Information System. Appendix 3"
"http://w3id.org/glosis/model/layerhorizon/oxalateExtractableOpticalDensityProperty",,"GL_Plot","oxalateExtractableOpticalDensityProperty","The Oxalate Extractable Optical Density Property measures the concentration of poorly crystalline forms of iron, aluminum, and organic matter in soil, often associated with volcanic soils. It is determined using ammonium oxalate extraction. Source: Sparks, D.L. (2003). Environmental Soil Chemistry.","ISRIC Report 2019/01: Tier 1 and Tier 2 data in the context of the federated Global Soil Information System. Appendix 3"
"http://w3id.org/glosis/model/layerhorizon/particleSizeFractionsSumProperty",,"GL_Layer","ParticleSizeFractionsSumProperty","The Particle Size Fractions Sum refers to the total proportion of sand, silt, and clay particles in soil, expressed as a percentage. It ensures the sum of individual particle size fractions adds up to 100%, a check for accurate soil texture analysis. Particle size distribution impacts water retention, permeability, and soil structure. Source: Hillel, D. (2004). Introduction to Environmental Soil Physics.","ISRIC Report 2019/01: Tier 1 and Tier 2 data in the context of the federated Global Soil Information System. Appendix 3"
"http://w3id.org/glosis/model/layerhorizon/particleSizeFractionsSumProperty","GL_Surface",,"ParticleSizeFractionsSumProperty","The Particle Size Fractions Sum refers to the total proportion of sand, silt, and clay particles in soil, expressed as a percentage. It ensures the sum of individual particle size fractions adds up to 100%, a check for accurate soil texture analysis. Particle size distribution impacts water retention, permeability, and soil structure. Source: Hillel, D. (2004). Introduction to Environmental Soil Physics.","ISRIC Report 2019/01: Tier 1 and Tier 2 data in the context of the federated Global Soil Information System. Appendix 3"
"http://w3id.org/glosis/model/layerhorizon/particleSizeFractionsSumProperty","GL_Profile",,"ParticleSizeFractionsSumProperty","The Particle Size Fractions Sum refers to the total proportion of sand, silt, and clay particles in soil, expressed as a percentage. It ensures the sum of individual particle size fractions adds up to 100%, a check for accurate soil texture analysis. Particle size distribution impacts water retention, permeability, and soil structure. Source: Hillel, D. (2004). Introduction to Environmental Soil Physics.","ISRIC Report 2019/01: Tier 1 and Tier 2 data in the context of the federated Global Soil Information System. Appendix 3"
"http://w3id.org/glosis/model/layerhorizon/particleSizeFractionsSumProperty","GL_Plot",,"ParticleSizeFractionsSumProperty","The Particle Size Fractions Sum refers to the total proportion of sand, silt, and clay particles in soil, expressed as a percentage. It ensures the sum of individual particle size fractions adds up to 100%, a check for accurate soil texture analysis. Particle size distribution impacts water retention, permeability, and soil structure. Source: Hillel, D. (2004). Introduction to Environmental Soil Physics.","ISRIC Report 2019/01: Tier 1 and Tier 2 data in the context of the federated Global Soil Information System. Appendix 3"
"http://w3id.org/glosis/model/layerhorizon/particleSizeFractionsSumProperty",,"GL_Plot","ParticleSizeFractionsSumProperty","The Particle Size Fractions Sum refers to the total proportion of sand, silt, and clay particles in soil, expressed as a percentage. It ensures the sum of individual particle size fractions adds up to 100%, a check for accurate soil texture analysis. Particle size distribution impacts water retention, permeability, and soil structure. Source: Hillel, D. (2004). Introduction to Environmental Soil Physics.","ISRIC Report 2019/01: Tier 1 and Tier 2 data in the context of the federated Global Soil Information System. Appendix 3"
"http://w3id.org/glosis/model/layerhorizon/peatDecompostionProperty",,"GL_Layer","peatDecompostionProperty","The Peat Decomposition Property evaluates the degree of decomposition in organic soils or peat. Categories include fibric (least decomposed), hemic (moderately decomposed), and sapric (highly decomposed), which influence soil fertility and drainage. Source: Soil Survey Manual (USDA, 2017).","Guidelines for Soil Description issued by the FAO: table 31"
"http://w3id.org/glosis/model/layerhorizon/peatDecompostionProperty","GL_Surface",,"peatDecompostionProperty","The Peat Decomposition Property evaluates the degree of decomposition in organic soils or peat. Categories include fibric (least decomposed), hemic (moderately decomposed), and sapric (highly decomposed), which influence soil fertility and drainage. Source: Soil Survey Manual (USDA, 2017).","Guidelines for Soil Description issued by the FAO: table 31"
"http://w3id.org/glosis/model/layerhorizon/peatDecompostionProperty","GL_Profile",,"peatDecompostionProperty","The Peat Decomposition Property evaluates the degree of decomposition in organic soils or peat. Categories include fibric (least decomposed), hemic (moderately decomposed), and sapric (highly decomposed), which influence soil fertility and drainage. Source: Soil Survey Manual (USDA, 2017).","Guidelines for Soil Description issued by the FAO: table 31"
"http://w3id.org/glosis/model/layerhorizon/peatDecompostionProperty","GL_Plot",,"peatDecompostionProperty","The Peat Decomposition Property evaluates the degree of decomposition in organic soils or peat. Categories include fibric (least decomposed), hemic (moderately decomposed), and sapric (highly decomposed), which influence soil fertility and drainage. Source: Soil Survey Manual (USDA, 2017).","Guidelines for Soil Description issued by the FAO: table 31"
"http://w3id.org/glosis/model/layerhorizon/peatDecompostionProperty",,"GL_Plot","peatDecompostionProperty","The Peat Decomposition Property evaluates the degree of decomposition in organic soils or peat. Categories include fibric (least decomposed), hemic (moderately decomposed), and sapric (highly decomposed), which influence soil fertility and drainage. Source: Soil Survey Manual (USDA, 2017).","Guidelines for Soil Description issued by the FAO: table 31"
"http://w3id.org/glosis/model/layerhorizon/peatDrainageProperty",,"GL_Layer","peatDrainageProperty","The Peat Drainage Property assesses the water removal capacity in peat soils, essential for determining their suitability for agriculture, conservation, or other uses. Poorly drained peat often accumulates organic material due to low decomposition rates. Source: FAO (2006). Guidelines for Soil Description.","Guidelines for Soil Description issued by the FAO: table 59,1"
"http://w3id.org/glosis/model/layerhorizon/peatDrainageProperty","GL_Surface",,"peatDrainageProperty","The Peat Drainage Property assesses the water removal capacity in peat soils, essential for determining their suitability for agriculture, conservation, or other uses. Poorly drained peat often accumulates organic material due to low decomposition rates. Source: FAO (2006). Guidelines for Soil Description.","Guidelines for Soil Description issued by the FAO: table 59,1"
"http://w3id.org/glosis/model/layerhorizon/peatDrainageProperty","GL_Profile",,"peatDrainageProperty","The Peat Drainage Property assesses the water removal capacity in peat soils, essential for determining their suitability for agriculture, conservation, or other uses. Poorly drained peat often accumulates organic material due to low decomposition rates. Source: FAO (2006). Guidelines for Soil Description.","Guidelines for Soil Description issued by the FAO: table 59,1"
"http://w3id.org/glosis/model/layerhorizon/peatDrainageProperty","GL_Plot",,"peatDrainageProperty","The Peat Drainage Property assesses the water removal capacity in peat soils, essential for determining their suitability for agriculture, conservation, or other uses. Poorly drained peat often accumulates organic material due to low decomposition rates. Source: FAO (2006). Guidelines for Soil Description.","Guidelines for Soil Description issued by the FAO: table 59,1"
"http://w3id.org/glosis/model/layerhorizon/peatDrainageProperty",,"GL_Plot","peatDrainageProperty","The Peat Drainage Property assesses the water removal capacity in peat soils, essential for determining their suitability for agriculture, conservation, or other uses. Poorly drained peat often accumulates organic material due to low decomposition rates. Source: FAO (2006). Guidelines for Soil Description.","Guidelines for Soil Description issued by the FAO: table 59,1"
"http://w3id.org/glosis/model/layerhorizon/peatVolumeProperty",,"GL_Layer","peatVolumeProperty","The Peat Volume Property quantifies the proportion of peat material in a given soil volume. It is critical for land use planning, carbon sequestration assessments, and wetland management. Source: Soil Survey Staff (2014). Keys to Soil Taxonomy.","Guidelines for Soil Description issued by the FAO: table 59,2"
"http://w3id.org/glosis/model/layerhorizon/peatVolumeProperty","GL_Surface",,"peatVolumeProperty","The Peat Volume Property quantifies the proportion of peat material in a given soil volume. It is critical for land use planning, carbon sequestration assessments, and wetland management. Source: Soil Survey Staff (2014). Keys to Soil Taxonomy.","Guidelines for Soil Description issued by the FAO: table 59,2"
"http://w3id.org/glosis/model/layerhorizon/peatVolumeProperty","GL_Profile",,"peatVolumeProperty","The Peat Volume Property quantifies the proportion of peat material in a given soil volume. It is critical for land use planning, carbon sequestration assessments, and wetland management. Source: Soil Survey Staff (2014). Keys to Soil Taxonomy.","Guidelines for Soil Description issued by the FAO: table 59,2"
"http://w3id.org/glosis/model/layerhorizon/peatVolumeProperty","GL_Plot",,"peatVolumeProperty","The Peat Volume Property quantifies the proportion of peat material in a given soil volume. It is critical for land use planning, carbon sequestration assessments, and wetland management. Source: Soil Survey Staff (2014). Keys to Soil Taxonomy.","Guidelines for Soil Description issued by the FAO: table 59,2"
"http://w3id.org/glosis/model/layerhorizon/peatVolumeProperty",,"GL_Plot","peatVolumeProperty","The Peat Volume Property quantifies the proportion of peat material in a given soil volume. It is critical for land use planning, carbon sequestration assessments, and wetland management. Source: Soil Survey Staff (2014). Keys to Soil Taxonomy.","Guidelines for Soil Description issued by the FAO: table 59,2"
"http://w3id.org/glosis/model/layerhorizon/plasticityProperty",,"GL_Layer","plasticityProperty","The Plasticity Property measures the soil's ability to deform under stress without cracking or breaking, especially when wet. It is influenced by clay content and mineralogy and is important for engineering and agricultural applications. Source: Hillel, D. (2004). Introduction to Environmental Soil Physics.","Guidelines for Soil Description issued by the FAO: table 56"
"http://w3id.org/glosis/model/layerhorizon/plasticityProperty","GL_Surface",,"plasticityProperty","The Plasticity Property measures the soil's ability to deform under stress without cracking or breaking, especially when wet. It is influenced by clay content and mineralogy and is important for engineering and agricultural applications. Source: Hillel, D. (2004). Introduction to Environmental Soil Physics.","Guidelines for Soil Description issued by the FAO: table 56"
"http://w3id.org/glosis/model/layerhorizon/plasticityProperty","GL_Profile",,"plasticityProperty","The Plasticity Property measures the soil's ability to deform under stress without cracking or breaking, especially when wet. It is influenced by clay content and mineralogy and is important for engineering and agricultural applications. Source: Hillel, D. (2004). Introduction to Environmental Soil Physics.","Guidelines for Soil Description issued by the FAO: table 56"
"http://w3id.org/glosis/model/layerhorizon/plasticityProperty","GL_Plot",,"plasticityProperty","The Plasticity Property measures the soil's ability to deform under stress without cracking or breaking, especially when wet. It is influenced by clay content and mineralogy and is important for engineering and agricultural applications. Source: Hillel, D. (2004). Introduction to Environmental Soil Physics.","Guidelines for Soil Description issued by the FAO: table 56"
"http://w3id.org/glosis/model/layerhorizon/plasticityProperty",,"GL_Plot","plasticityProperty","The Plasticity Property measures the soil's ability to deform under stress without cracking or breaking, especially when wet. It is influenced by clay content and mineralogy and is important for engineering and agricultural applications. Source: Hillel, D. (2004). Introduction to Environmental Soil Physics.","Guidelines for Soil Description issued by the FAO: table 56"
"http://w3id.org/glosis/model/layerhorizon/poresAbundanceProperty",,"GL_Layer","poresAbundanceProperty","The Pores Abundance Property describes the quantity of soil pores, ranging from few to many. It influences water infiltration, root growth, and soil aeration. Pore abundance is crucial for assessing soil health and productivity. Source: Soil Survey Manual (USDA, 2017).","Guidelines for Soil Description issued by the FAO: table 63"
"http://w3id.org/glosis/model/layerhorizon/poresAbundanceProperty","GL_Surface",,"poresAbundanceProperty","The Pores Abundance Property describes the quantity of soil pores, ranging from few to many. It influences water infiltration, root growth, and soil aeration. Pore abundance is crucial for assessing soil health and productivity. Source: Soil Survey Manual (USDA, 2017).","Guidelines for Soil Description issued by the FAO: table 63"
"http://w3id.org/glosis/model/layerhorizon/poresAbundanceProperty","GL_Profile",,"poresAbundanceProperty","The Pores Abundance Property describes the quantity of soil pores, ranging from few to many. It influences water infiltration, root growth, and soil aeration. Pore abundance is crucial for assessing soil health and productivity. Source: Soil Survey Manual (USDA, 2017).","Guidelines for Soil Description issued by the FAO: table 63"
"http://w3id.org/glosis/model/layerhorizon/poresAbundanceProperty","GL_Plot",,"poresAbundanceProperty","The Pores Abundance Property describes the quantity of soil pores, ranging from few to many. It influences water infiltration, root growth, and soil aeration. Pore abundance is crucial for assessing soil health and productivity. Source: Soil Survey Manual (USDA, 2017).","Guidelines for Soil Description issued by the FAO: table 63"
"http://w3id.org/glosis/model/layerhorizon/poresAbundanceProperty",,"GL_Plot","poresAbundanceProperty","The Pores Abundance Property describes the quantity of soil pores, ranging from few to many. It influences water infiltration, root growth, and soil aeration. Pore abundance is crucial for assessing soil health and productivity. Source: Soil Survey Manual (USDA, 2017).","Guidelines for Soil Description issued by the FAO: table 63"
"http://w3id.org/glosis/model/layerhorizon/poresSizeProperty",,"GL_Layer","poresSizeProperty","The Pores Size Property categorizes soil pores by their diameter, such as macro-pores, meso-pores, and micro-pores. This property determines water retention, air movement, and root penetration in soil. Source: Brady, N.C., & Weil, R.R. (2008). The Nature and Properties of Soils.","Guidelines for Soil Description issued by the FAO: table 62"
"http://w3id.org/glosis/model/layerhorizon/poresSizeProperty","GL_Surface",,"poresSizeProperty","The Pores Size Property categorizes soil pores by their diameter, such as macro-pores, meso-pores, and micro-pores. This property determines water retention, air movement, and root penetration in soil. Source: Brady, N.C., & Weil, R.R. (2008). The Nature and Properties of Soils.","Guidelines for Soil Description issued by the FAO: table 62"
"http://w3id.org/glosis/model/layerhorizon/poresSizeProperty","GL_Profile",,"poresSizeProperty","The Pores Size Property categorizes soil pores by their diameter, such as macro-pores, meso-pores, and micro-pores. This property determines water retention, air movement, and root penetration in soil. Source: Brady, N.C., & Weil, R.R. (2008). The Nature and Properties of Soils.","Guidelines for Soil Description issued by the FAO: table 62"
"http://w3id.org/glosis/model/layerhorizon/poresSizeProperty","GL_Plot",,"poresSizeProperty","The Pores Size Property categorizes soil pores by their diameter, such as macro-pores, meso-pores, and micro-pores. This property determines water retention, air movement, and root penetration in soil. Source: Brady, N.C., & Weil, R.R. (2008). The Nature and Properties of Soils.","Guidelines for Soil Description issued by the FAO: table 62"
"http://w3id.org/glosis/model/layerhorizon/poresSizeProperty",,"GL_Plot","poresSizeProperty","The Pores Size Property categorizes soil pores by their diameter, such as macro-pores, meso-pores, and micro-pores. This property determines water retention, air movement, and root penetration in soil. Source: Brady, N.C., & Weil, R.R. (2008). The Nature and Properties of Soils.","Guidelines for Soil Description issued by the FAO: table 62"
"http://w3id.org/glosis/model/layerhorizon/porosityClassProperty",,"GL_Layer","porosityClassProperty","The Porosity Class Property classifies soil by the proportion of pore spaces, typically expressed as a percentage. Classes include high, medium, or low porosity, influencing water and air movement in the soil. Source: Soil Science Society of America (SSSA) Glossary.","Guidelines for Soil Description issued by the FAO: table 60"
"http://w3id.org/glosis/model/layerhorizon/porosityClassProperty","GL_Surface",,"porosityClassProperty","The Porosity Class Property classifies soil by the proportion of pore spaces, typically expressed as a percentage. Classes include high, medium, or low porosity, influencing water and air movement in the soil. Source: Soil Science Society of America (SSSA) Glossary.","Guidelines for Soil Description issued by the FAO: table 60"
"http://w3id.org/glosis/model/layerhorizon/porosityClassProperty","GL_Profile",,"porosityClassProperty","The Porosity Class Property classifies soil by the proportion of pore spaces, typically expressed as a percentage. Classes include high, medium, or low porosity, influencing water and air movement in the soil. Source: Soil Science Society of America (SSSA) Glossary.","Guidelines for Soil Description issued by the FAO: table 60"
"http://w3id.org/glosis/model/layerhorizon/porosityClassProperty","GL_Plot",,"porosityClassProperty","The Porosity Class Property classifies soil by the proportion of pore spaces, typically expressed as a percentage. Classes include high, medium, or low porosity, influencing water and air movement in the soil. Source: Soil Science Society of America (SSSA) Glossary.","Guidelines for Soil Description issued by the FAO: table 60"
"http://w3id.org/glosis/model/layerhorizon/porosityClassProperty",,"GL_Plot","porosityClassProperty","The Porosity Class Property classifies soil by the proportion of pore spaces, typically expressed as a percentage. Classes include high, medium, or low porosity, influencing water and air movement in the soil. Source: Soil Science Society of America (SSSA) Glossary.","Guidelines for Soil Description issued by the FAO: table 60"
"http://w3id.org/glosis/model/layerhorizon/rootsAbundanceProperty",,"GL_Layer","rootsAbundanceProperty","The Roots Abundance Property describes the quantity of plant roots within a soil profile, typically categorized as few, common, or many. Root abundance reflects plant-soil interactions, soil fertility, and the physical structure that supports vegetation. Source: Soil Survey Manual (USDA, 2017).","Guidelines for Soil Description issued by the FAO: table 80"
"http://w3id.org/glosis/model/layerhorizon/rootsAbundanceProperty","GL_Surface",,"rootsAbundanceProperty","The Roots Abundance Property describes the quantity of plant roots within a soil profile, typically categorized as few, common, or many. Root abundance reflects plant-soil interactions, soil fertility, and the physical structure that supports vegetation. Source: Soil Survey Manual (USDA, 2017).","Guidelines for Soil Description issued by the FAO: table 80"
"http://w3id.org/glosis/model/layerhorizon/rootsAbundanceProperty","GL_Profile",,"rootsAbundanceProperty","The Roots Abundance Property describes the quantity of plant roots within a soil profile, typically categorized as few, common, or many. Root abundance reflects plant-soil interactions, soil fertility, and the physical structure that supports vegetation. Source: Soil Survey Manual (USDA, 2017).","Guidelines for Soil Description issued by the FAO: table 80"
"http://w3id.org/glosis/model/layerhorizon/rootsAbundanceProperty","GL_Plot",,"rootsAbundanceProperty","The Roots Abundance Property describes the quantity of plant roots within a soil profile, typically categorized as few, common, or many. Root abundance reflects plant-soil interactions, soil fertility, and the physical structure that supports vegetation. Source: Soil Survey Manual (USDA, 2017).","Guidelines for Soil Description issued by the FAO: table 80"
"http://w3id.org/glosis/model/layerhorizon/rootsAbundanceProperty",,"GL_Plot","rootsAbundanceProperty","The Roots Abundance Property describes the quantity of plant roots within a soil profile, typically categorized as few, common, or many. Root abundance reflects plant-soil interactions, soil fertility, and the physical structure that supports vegetation. Source: Soil Survey Manual (USDA, 2017).","Guidelines for Soil Description issued by the FAO: table 80"
"http://w3id.org/glosis/model/layerhorizon/rootsPresenceProperty",,"GL_Layer","RootsPresenceProperty","The Roots Presence Property identifies whether roots are visible in a soil profile or horizon. It indicates biological activity, soil health, and the suitability of the soil for plant growth. Roots are commonly observed during soil surveys and are classified by type and density. Source: Soil Survey Staff (2014). Keys to Soil Taxonomy.","ISRIC Report 2019/01: Tier 1 and Tier 2 data in the context of the federated Global Soil Information System. Appendix 3"
"http://w3id.org/glosis/model/layerhorizon/rootsPresenceProperty","GL_Surface",,"RootsPresenceProperty","The Roots Presence Property identifies whether roots are visible in a soil profile or horizon. It indicates biological activity, soil health, and the suitability of the soil for plant growth. Roots are commonly observed during soil surveys and are classified by type and density. Source: Soil Survey Staff (2014). Keys to Soil Taxonomy.","ISRIC Report 2019/01: Tier 1 and Tier 2 data in the context of the federated Global Soil Information System. Appendix 3"
"http://w3id.org/glosis/model/layerhorizon/rootsPresenceProperty","GL_Profile",,"RootsPresenceProperty","The Roots Presence Property identifies whether roots are visible in a soil profile or horizon. It indicates biological activity, soil health, and the suitability of the soil for plant growth. Roots are commonly observed during soil surveys and are classified by type and density. Source: Soil Survey Staff (2014). Keys to Soil Taxonomy.","ISRIC Report 2019/01: Tier 1 and Tier 2 data in the context of the federated Global Soil Information System. Appendix 3"
"http://w3id.org/glosis/model/layerhorizon/rootsPresenceProperty","GL_Plot",,"RootsPresenceProperty","The Roots Presence Property identifies whether roots are visible in a soil profile or horizon. It indicates biological activity, soil health, and the suitability of the soil for plant growth. Roots are commonly observed during soil surveys and are classified by type and density. Source: Soil Survey Staff (2014). Keys to Soil Taxonomy.","ISRIC Report 2019/01: Tier 1 and Tier 2 data in the context of the federated Global Soil Information System. Appendix 3"
"http://w3id.org/glosis/model/layerhorizon/rootsPresenceProperty",,"GL_Plot","RootsPresenceProperty","The Roots Presence Property identifies whether roots are visible in a soil profile or horizon. It indicates biological activity, soil health, and the suitability of the soil for plant growth. Roots are commonly observed during soil surveys and are classified by type and density. Source: Soil Survey Staff (2014). Keys to Soil Taxonomy.","ISRIC Report 2019/01: Tier 1 and Tier 2 data in the context of the federated Global Soil Information System. Appendix 3"
"http://w3id.org/glosis/model/layerhorizon/saltContentProperty",,"GL_Layer","saltContentProperty","The Salt Content Property measures the concentration of soluble salts in soil, critical for assessing salinity. Excess salts can hinder plant growth by affecting osmotic potential, leading to reduced water uptake by roots. Source: Brady, N.C., & Weil, R.R. (2008). The Nature and Properties of Soils.","Guidelines for Soil Description issued by the FAO: table 42"
"http://w3id.org/glosis/model/layerhorizon/saltContentProperty","GL_Surface",,"saltContentProperty","The Salt Content Property measures the concentration of soluble salts in soil, critical for assessing salinity. Excess salts can hinder plant growth by affecting osmotic potential, leading to reduced water uptake by roots. Source: Brady, N.C., & Weil, R.R. (2008). The Nature and Properties of Soils.","Guidelines for Soil Description issued by the FAO: table 42"
"http://w3id.org/glosis/model/layerhorizon/saltContentProperty","GL_Profile",,"saltContentProperty","The Salt Content Property measures the concentration of soluble salts in soil, critical for assessing salinity. Excess salts can hinder plant growth by affecting osmotic potential, leading to reduced water uptake by roots. Source: Brady, N.C., & Weil, R.R. (2008). The Nature and Properties of Soils.","Guidelines for Soil Description issued by the FAO: table 42"
"http://w3id.org/glosis/model/layerhorizon/saltContentProperty","GL_Plot",,"saltContentProperty","The Salt Content Property measures the concentration of soluble salts in soil, critical for assessing salinity. Excess salts can hinder plant growth by affecting osmotic potential, leading to reduced water uptake by roots. Source: Brady, N.C., & Weil, R.R. (2008). The Nature and Properties of Soils.","Guidelines for Soil Description issued by the FAO: table 42"
"http://w3id.org/glosis/model/layerhorizon/saltContentProperty",,"GL_Plot","saltContentProperty","The Salt Content Property measures the concentration of soluble salts in soil, critical for assessing salinity. Excess salts can hinder plant growth by affecting osmotic potential, leading to reduced water uptake by roots. Source: Brady, N.C., & Weil, R.R. (2008). The Nature and Properties of Soils.","Guidelines for Soil Description issued by the FAO: table 42"
"http://w3id.org/glosis/model/layerhorizon/saltProperty",,"GL_Layer","saltProperty","The Salt Property encompasses all forms of salts present in soil, including sodium chloride, calcium sulfate, and magnesium sulfate. It influences soil chemistry, structure, and plant tolerance to salinity. Source: FAO (2006). Guidelines for Soil Description.","ISRIC Report 2019/01: Tier 1 and Tier 2 data in the context of the federated Global Soil Information System. Appendix 3"
"http://w3id.org/glosis/model/layerhorizon/saltProperty","GL_Surface",,"saltProperty","The Salt Property encompasses all forms of salts present in soil, including sodium chloride, calcium sulfate, and magnesium sulfate. It influences soil chemistry, structure, and plant tolerance to salinity. Source: FAO (2006). Guidelines for Soil Description.","ISRIC Report 2019/01: Tier 1 and Tier 2 data in the context of the federated Global Soil Information System. Appendix 3"
"http://w3id.org/glosis/model/layerhorizon/saltProperty","GL_Profile",,"saltProperty","The Salt Property encompasses all forms of salts present in soil, including sodium chloride, calcium sulfate, and magnesium sulfate. It influences soil chemistry, structure, and plant tolerance to salinity. Source: FAO (2006). Guidelines for Soil Description.","ISRIC Report 2019/01: Tier 1 and Tier 2 data in the context of the federated Global Soil Information System. Appendix 3"
"http://w3id.org/glosis/model/layerhorizon/saltProperty","GL_Plot",,"saltProperty","The Salt Property encompasses all forms of salts present in soil, including sodium chloride, calcium sulfate, and magnesium sulfate. It influences soil chemistry, structure, and plant tolerance to salinity. Source: FAO (2006). Guidelines for Soil Description.","ISRIC Report 2019/01: Tier 1 and Tier 2 data in the context of the federated Global Soil Information System. Appendix 3"
"http://w3id.org/glosis/model/layerhorizon/saltProperty",,"GL_Plot","saltProperty","The Salt Property encompasses all forms of salts present in soil, including sodium chloride, calcium sulfate, and magnesium sulfate. It influences soil chemistry, structure, and plant tolerance to salinity. Source: FAO (2006). Guidelines for Soil Description.","ISRIC Report 2019/01: Tier 1 and Tier 2 data in the context of the federated Global Soil Information System. Appendix 3"
"http://w3id.org/glosis/model/layerhorizon/sandyTextureProperty",,"GL_Layer","sandyTextureProperty","The Sandy Texture Property refers to soil dominated by sand particles (0.05–2.0 mm in diameter). Sandy soils are well-drained, low in nutrients, and prone to drought due to poor water retention. Source: Soil Science Society of America (SSSA) Glossary.","Guidelines for Soil Description issued by the FAO: figure 4,3"
"http://w3id.org/glosis/model/layerhorizon/sandyTextureProperty","GL_Surface",,"sandyTextureProperty","The Sandy Texture Property refers to soil dominated by sand particles (0.05–2.0 mm in diameter). Sandy soils are well-drained, low in nutrients, and prone to drought due to poor water retention. Source: Soil Science Society of America (SSSA) Glossary.","Guidelines for Soil Description issued by the FAO: figure 4,3"
"http://w3id.org/glosis/model/layerhorizon/sandyTextureProperty","GL_Profile",,"sandyTextureProperty","The Sandy Texture Property refers to soil dominated by sand particles (0.05–2.0 mm in diameter). Sandy soils are well-drained, low in nutrients, and prone to drought due to poor water retention. Source: Soil Science Society of America (SSSA) Glossary.","Guidelines for Soil Description issued by the FAO: figure 4,3"
"http://w3id.org/glosis/model/layerhorizon/sandyTextureProperty","GL_Plot",,"sandyTextureProperty","The Sandy Texture Property refers to soil dominated by sand particles (0.05–2.0 mm in diameter). Sandy soils are well-drained, low in nutrients, and prone to drought due to poor water retention. Source: Soil Science Society of America (SSSA) Glossary.","Guidelines for Soil Description issued by the FAO: figure 4,3"
"http://w3id.org/glosis/model/layerhorizon/sandyTextureProperty",,"GL_Plot","sandyTextureProperty","The Sandy Texture Property refers to soil dominated by sand particles (0.05–2.0 mm in diameter). Sandy soils are well-drained, low in nutrients, and prone to drought due to poor water retention. Source: Soil Science Society of America (SSSA) Glossary.","Guidelines for Soil Description issued by the FAO: figure 4,3"
"http://w3id.org/glosis/model/layerhorizon/solubleAnionsTotalProperty",,"GL_Layer","solubleAnionsTotalProperty","The Soluble Anions Total Property measures the concentration of anions (e.g., chloride, sulfate, nitrate) in soil solution. High levels may indicate salinity, nutrient availability, or contamination. Source: Sparks, D.L. (2003). Environmental Soil Chemistry.","ISRIC Report 2019/01: Tier 1 and Tier 2 data in the context of the federated Global Soil Information System. Appendix 3"
"http://w3id.org/glosis/model/layerhorizon/solubleAnionsTotalProperty","GL_Surface",,"solubleAnionsTotalProperty","The Soluble Anions Total Property measures the concentration of anions (e.g., chloride, sulfate, nitrate) in soil solution. High levels may indicate salinity, nutrient availability, or contamination. Source: Sparks, D.L. (2003). Environmental Soil Chemistry.","ISRIC Report 2019/01: Tier 1 and Tier 2 data in the context of the federated Global Soil Information System. Appendix 3"
"http://w3id.org/glosis/model/layerhorizon/solubleAnionsTotalProperty","GL_Profile",,"solubleAnionsTotalProperty","The Soluble Anions Total Property measures the concentration of anions (e.g., chloride, sulfate, nitrate) in soil solution. High levels may indicate salinity, nutrient availability, or contamination. Source: Sparks, D.L. (2003). Environmental Soil Chemistry.","ISRIC Report 2019/01: Tier 1 and Tier 2 data in the context of the federated Global Soil Information System. Appendix 3"
"http://w3id.org/glosis/model/layerhorizon/solubleAnionsTotalProperty","GL_Plot",,"solubleAnionsTotalProperty","The Soluble Anions Total Property measures the concentration of anions (e.g., chloride, sulfate, nitrate) in soil solution. High levels may indicate salinity, nutrient availability, or contamination. Source: Sparks, D.L. (2003). Environmental Soil Chemistry.","ISRIC Report 2019/01: Tier 1 and Tier 2 data in the context of the federated Global Soil Information System. Appendix 3"
"http://w3id.org/glosis/model/layerhorizon/solubleAnionsTotalProperty",,"GL_Plot","solubleAnionsTotalProperty","The Soluble Anions Total Property measures the concentration of anions (e.g., chloride, sulfate, nitrate) in soil solution. High levels may indicate salinity, nutrient availability, or contamination. Source: Sparks, D.L. (2003). Environmental Soil Chemistry.","ISRIC Report 2019/01: Tier 1 and Tier 2 data in the context of the federated Global Soil Information System. Appendix 3"
"http://w3id.org/glosis/model/layerhorizon/solubleCationsTotalProperty",,"GL_Layer","solubleCationsTotalProperty","The Soluble Cations Total Property evaluates the sum of cations (e.g., sodium, potassium, calcium, magnesium) in soil solution. It is an indicator of soil salinity, fertility, and chemical balance. Source: Brady, N.C., & Weil, R.R. (2008). The Nature and Properties of Soils.","ISRIC Report 2019/01: Tier 1 and Tier 2 data in the context of the federated Global Soil Information System. Appendix 3"
"http://w3id.org/glosis/model/layerhorizon/solubleCationsTotalProperty","GL_Surface",,"solubleCationsTotalProperty","The Soluble Cations Total Property evaluates the sum of cations (e.g., sodium, potassium, calcium, magnesium) in soil solution. It is an indicator of soil salinity, fertility, and chemical balance. Source: Brady, N.C., & Weil, R.R. (2008). The Nature and Properties of Soils.","ISRIC Report 2019/01: Tier 1 and Tier 2 data in the context of the federated Global Soil Information System. Appendix 3"
"http://w3id.org/glosis/model/layerhorizon/solubleCationsTotalProperty","GL_Profile",,"solubleCationsTotalProperty","The Soluble Cations Total Property evaluates the sum of cations (e.g., sodium, potassium, calcium, magnesium) in soil solution. It is an indicator of soil salinity, fertility, and chemical balance. Source: Brady, N.C., & Weil, R.R. (2008). The Nature and Properties of Soils.","ISRIC Report 2019/01: Tier 1 and Tier 2 data in the context of the federated Global Soil Information System. Appendix 3"
"http://w3id.org/glosis/model/layerhorizon/solubleCationsTotalProperty","GL_Plot",,"solubleCationsTotalProperty","The Soluble Cations Total Property evaluates the sum of cations (e.g., sodium, potassium, calcium, magnesium) in soil solution. It is an indicator of soil salinity, fertility, and chemical balance. Source: Brady, N.C., & Weil, R.R. (2008). The Nature and Properties of Soils.","ISRIC Report 2019/01: Tier 1 and Tier 2 data in the context of the federated Global Soil Information System. Appendix 3"
"http://w3id.org/glosis/model/layerhorizon/solubleCationsTotalProperty",,"GL_Plot","solubleCationsTotalProperty","The Soluble Cations Total Property evaluates the sum of cations (e.g., sodium, potassium, calcium, magnesium) in soil solution. It is an indicator of soil salinity, fertility, and chemical balance. Source: Brady, N.C., & Weil, R.R. (2008). The Nature and Properties of Soils.","ISRIC Report 2019/01: Tier 1 and Tier 2 data in the context of the federated Global Soil Information System. Appendix 3"
"http://w3id.org/glosis/model/layerhorizon/stickinessProperty",,"GL_Layer","stickinessProperty","The Stickiness Property measures the soil’s tendency to adhere to surfaces or objects when wet. It is influenced by clay content and organic matter and affects soil workability and machinery use. Source: Hillel, D. (2004). Introduction to Environmental Soil Physics.","Guidelines for Soil Description issued by the FAO: table 55"
"http://w3id.org/glosis/model/layerhorizon/stickinessProperty","GL_Surface",,"stickinessProperty","The Stickiness Property measures the soil’s tendency to adhere to surfaces or objects when wet. It is influenced by clay content and organic matter and affects soil workability and machinery use. Source: Hillel, D. (2004). Introduction to Environmental Soil Physics.","Guidelines for Soil Description issued by the FAO: table 55"
"http://w3id.org/glosis/model/layerhorizon/stickinessProperty","GL_Profile",,"stickinessProperty","The Stickiness Property measures the soil’s tendency to adhere to surfaces or objects when wet. It is influenced by clay content and organic matter and affects soil workability and machinery use. Source: Hillel, D. (2004). Introduction to Environmental Soil Physics.","Guidelines for Soil Description issued by the FAO: table 55"
"http://w3id.org/glosis/model/layerhorizon/stickinessProperty","GL_Plot",,"stickinessProperty","The Stickiness Property measures the soil’s tendency to adhere to surfaces or objects when wet. It is influenced by clay content and organic matter and affects soil workability and machinery use. Source: Hillel, D. (2004). Introduction to Environmental Soil Physics.","Guidelines for Soil Description issued by the FAO: table 55"
"http://w3id.org/glosis/model/layerhorizon/stickinessProperty",,"GL_Plot","stickinessProperty","The Stickiness Property measures the soil’s tendency to adhere to surfaces or objects when wet. It is influenced by clay content and organic matter and affects soil workability and machinery use. Source: Hillel, D. (2004). Introduction to Environmental Soil Physics.","Guidelines for Soil Description issued by the FAO: table 55"
"http://w3id.org/glosis/model/layerhorizon/structureGradeProperty",,"GL_Layer","structureGradeProperty","The Structure Grade Property assesses the development and stability of soil aggregates, classified as weak, moderate, or strong. It reflects soil tilth, aeration, and resistance to erosion. Source: Soil Survey Staff (2014). Keys to Soil Taxonomy.","Guidelines for Soil Description issued by the FAO: table 47"
"http://w3id.org/glosis/model/layerhorizon/structureGradeProperty","GL_Surface",,"structureGradeProperty","The Structure Grade Property assesses the development and stability of soil aggregates, classified as weak, moderate, or strong. It reflects soil tilth, aeration, and resistance to erosion. Source: Soil Survey Staff (2014). Keys to Soil Taxonomy.","Guidelines for Soil Description issued by the FAO: table 47"
"http://w3id.org/glosis/model/layerhorizon/structureGradeProperty","GL_Profile",,"structureGradeProperty","The Structure Grade Property assesses the development and stability of soil aggregates, classified as weak, moderate, or strong. It reflects soil tilth, aeration, and resistance to erosion. Source: Soil Survey Staff (2014). Keys to Soil Taxonomy.","Guidelines for Soil Description issued by the FAO: table 47"
"http://w3id.org/glosis/model/layerhorizon/structureGradeProperty","GL_Plot",,"structureGradeProperty","The Structure Grade Property assesses the development and stability of soil aggregates, classified as weak, moderate, or strong. It reflects soil tilth, aeration, and resistance to erosion. Source: Soil Survey Staff (2014). Keys to Soil Taxonomy.","Guidelines for Soil Description issued by the FAO: table 47"
"http://w3id.org/glosis/model/layerhorizon/structureGradeProperty",,"GL_Plot","structureGradeProperty","The Structure Grade Property assesses the development and stability of soil aggregates, classified as weak, moderate, or strong. It reflects soil tilth, aeration, and resistance to erosion. Source: Soil Survey Staff (2014). Keys to Soil Taxonomy.","Guidelines for Soil Description issued by the FAO: table 47"
"http://w3id.org/glosis/model/layerhorizon/structureSizeProperty",,"GL_Layer","structureSizeProperty","The Structure Size Property describes the dimensions of soil aggregates or structural units, such as granular, blocky, or platy. Structure size affects root penetration, water infiltration, and soil stability. Source: FAO (2006). Guidelines for Soil Description.","Guidelines for Soil Description issued by the FAO: table 50"
"http://w3id.org/glosis/model/layerhorizon/structureSizeProperty","GL_Surface",,"structureSizeProperty","The Structure Size Property describes the dimensions of soil aggregates or structural units, such as granular, blocky, or platy. Structure size affects root penetration, water infiltration, and soil stability. Source: FAO (2006). Guidelines for Soil Description.","Guidelines for Soil Description issued by the FAO: table 50"
"http://w3id.org/glosis/model/layerhorizon/structureSizeProperty","GL_Profile",,"structureSizeProperty","The Structure Size Property describes the dimensions of soil aggregates or structural units, such as granular, blocky, or platy. Structure size affects root penetration, water infiltration, and soil stability. Source: FAO (2006). Guidelines for Soil Description.","Guidelines for Soil Description issued by the FAO: table 50"
"http://w3id.org/glosis/model/layerhorizon/structureSizeProperty","GL_Plot",,"structureSizeProperty","The Structure Size Property describes the dimensions of soil aggregates or structural units, such as granular, blocky, or platy. Structure size affects root penetration, water infiltration, and soil stability. Source: FAO (2006). Guidelines for Soil Description.","Guidelines for Soil Description issued by the FAO: table 50"
"http://w3id.org/glosis/model/layerhorizon/structureSizeProperty",,"GL_Plot","structureSizeProperty","The Structure Size Property describes the dimensions of soil aggregates or structural units, such as granular, blocky, or platy. Structure size affects root penetration, water infiltration, and soil stability. Source: FAO (2006). Guidelines for Soil Description.","Guidelines for Soil Description issued by the FAO: table 50"
"http://w3id.org/glosis/model/layerhorizon/textureLabClassProperty",,"GL_Layer","textureLabClassProperty","The Texture Lab Class Property defines soil texture using laboratory-determined particle size distributions. This property provides a precise classification of soil as sand, silt, or clay using standard methods. Source: Brady, N.C., & Weil, R.R. (2008). The Nature and Properties of Soils.","ISRIC Report 2019/01: Tier 1 and Tier 2 data in the context of the federated Global Soil Information System. Appendix 3"
"http://w3id.org/glosis/model/layerhorizon/textureLabClassProperty","GL_Surface",,"textureLabClassProperty","The Texture Lab Class Property defines soil texture using laboratory-determined particle size distributions. This property provides a precise classification of soil as sand, silt, or clay using standard methods. Source: Brady, N.C., & Weil, R.R. (2008). The Nature and Properties of Soils.","ISRIC Report 2019/01: Tier 1 and Tier 2 data in the context of the federated Global Soil Information System. Appendix 3"
"http://w3id.org/glosis/model/layerhorizon/textureLabClassProperty","GL_Profile",,"textureLabClassProperty","The Texture Lab Class Property defines soil texture using laboratory-determined particle size distributions. This property provides a precise classification of soil as sand, silt, or clay using standard methods. Source: Brady, N.C., & Weil, R.R. (2008). The Nature and Properties of Soils.","ISRIC Report 2019/01: Tier 1 and Tier 2 data in the context of the federated Global Soil Information System. Appendix 3"
"http://w3id.org/glosis/model/layerhorizon/textureLabClassProperty","GL_Plot",,"textureLabClassProperty","The Texture Lab Class Property defines soil texture using laboratory-determined particle size distributions. This property provides a precise classification of soil as sand, silt, or clay using standard methods. Source: Brady, N.C., & Weil, R.R. (2008). The Nature and Properties of Soils.","ISRIC Report 2019/01: Tier 1 and Tier 2 data in the context of the federated Global Soil Information System. Appendix 3"
"http://w3id.org/glosis/model/layerhorizon/textureLabClassProperty",,"GL_Plot","textureLabClassProperty","The Texture Lab Class Property defines soil texture using laboratory-determined particle size distributions. This property provides a precise classification of soil as sand, silt, or clay using standard methods. Source: Brady, N.C., & Weil, R.R. (2008). The Nature and Properties of Soils.","ISRIC Report 2019/01: Tier 1 and Tier 2 data in the context of the federated Global Soil Information System. Appendix 3"
"http://w3id.org/glosis/model/layerhorizon/voidsClassificationProperty",,"GL_Layer","VoidsClassificationProperty","The Voids Classification Property categorizes voids or pores in the soil based on size, shape, and arrangement. These voids are critical for water movement, air circulation, and root penetration. They are classified into macropores (large), mesopores (medium), and micropores (small). Source: Hillel, D. (2004). Introduction to Environmental Soil Physics.","Guidelines for Soil Description issued by the FAO: table 61"
"http://w3id.org/glosis/model/layerhorizon/voidsClassificationProperty","GL_Surface",,"VoidsClassificationProperty","The Voids Classification Property categorizes voids or pores in the soil based on size, shape, and arrangement. These voids are critical for water movement, air circulation, and root penetration. They are classified into macropores (large), mesopores (medium), and micropores (small). Source: Hillel, D. (2004). Introduction to Environmental Soil Physics.","Guidelines for Soil Description issued by the FAO: table 61"
"http://w3id.org/glosis/model/layerhorizon/voidsClassificationProperty","GL_Profile",,"VoidsClassificationProperty","The Voids Classification Property categorizes voids or pores in the soil based on size, shape, and arrangement. These voids are critical for water movement, air circulation, and root penetration. They are classified into macropores (large), mesopores (medium), and micropores (small). Source: Hillel, D. (2004). Introduction to Environmental Soil Physics.","Guidelines for Soil Description issued by the FAO: table 61"
"http://w3id.org/glosis/model/layerhorizon/voidsClassificationProperty","GL_Plot",,"VoidsClassificationProperty","The Voids Classification Property categorizes voids or pores in the soil based on size, shape, and arrangement. These voids are critical for water movement, air circulation, and root penetration. They are classified into macropores (large), mesopores (medium), and micropores (small). Source: Hillel, D. (2004). Introduction to Environmental Soil Physics.","Guidelines for Soil Description issued by the FAO: table 61"
"http://w3id.org/glosis/model/layerhorizon/voidsClassificationProperty",,"GL_Plot","VoidsClassificationProperty","The Voids Classification Property categorizes voids or pores in the soil based on size, shape, and arrangement. These voids are critical for water movement, air circulation, and root penetration. They are classified into macropores (large), mesopores (medium), and micropores (small). Source: Hillel, D. (2004). Introduction to Environmental Soil Physics.","Guidelines for Soil Description issued by the FAO: table 61"
"http://w3id.org/glosis/model/layerhorizon/voidsDiameterProperty",,"GL_Layer","voidsDiameterProperty","The Voids Diameter Property refers to the size of void spaces in soil, which can range from macro-voids (larger pores) to micro-voids (tiny pores). Voids diameter impacts soil aeration, water retention, and drainage. Source: Soil Science Society of America (SSSA) Glossary.","Guidelines for Soil Description issued by the FAO: table 62"
"http://w3id.org/glosis/model/layerhorizon/voidsDiameterProperty","GL_Surface",,"voidsDiameterProperty","The Voids Diameter Property refers to the size of void spaces in soil, which can range from macro-voids (larger pores) to micro-voids (tiny pores). Voids diameter impacts soil aeration, water retention, and drainage. Source: Soil Science Society of America (SSSA) Glossary.","Guidelines for Soil Description issued by the FAO: table 62"
"http://w3id.org/glosis/model/layerhorizon/voidsDiameterProperty","GL_Profile",,"voidsDiameterProperty","The Voids Diameter Property refers to the size of void spaces in soil, which can range from macro-voids (larger pores) to micro-voids (tiny pores). Voids diameter impacts soil aeration, water retention, and drainage. Source: Soil Science Society of America (SSSA) Glossary.","Guidelines for Soil Description issued by the FAO: table 62"
"http://w3id.org/glosis/model/layerhorizon/voidsDiameterProperty","GL_Plot",,"voidsDiameterProperty","The Voids Diameter Property refers to the size of void spaces in soil, which can range from macro-voids (larger pores) to micro-voids (tiny pores). Voids diameter impacts soil aeration, water retention, and drainage. Source: Soil Science Society of America (SSSA) Glossary.","Guidelines for Soil Description issued by the FAO: table 62"
"http://w3id.org/glosis/model/layerhorizon/voidsDiameterProperty",,"GL_Plot","voidsDiameterProperty","The Voids Diameter Property refers to the size of void spaces in soil, which can range from macro-voids (larger pores) to micro-voids (tiny pores). Voids diameter impacts soil aeration, water retention, and drainage. Source: Soil Science Society of America (SSSA) Glossary.","Guidelines for Soil Description issued by the FAO: table 62"
"http://w3id.org/glosis/model/layerhorizon/wetPlasticityProperty",,"GL_Layer","wetPlasticityProperty","The Wet Plasticity Property measures the soil’s ability to deform under pressure when saturated. Wet plasticity is influenced by clay mineralogy and is important for understanding soil behavior under wet conditions. Source: Hillel, D. (2004). Introduction to Environmental Soil Physics.","ISRIC Report 2019/01: Tier 1 and Tier 2 data in the context of the federated Global Soil Information System. Appendix 3"
"http://w3id.org/glosis/model/layerhorizon/wetPlasticityProperty","GL_Surface",,"wetPlasticityProperty","The Wet Plasticity Property measures the soil’s ability to deform under pressure when saturated. Wet plasticity is influenced by clay mineralogy and is important for understanding soil behavior under wet conditions. Source: Hillel, D. (2004). Introduction to Environmental Soil Physics.","ISRIC Report 2019/01: Tier 1 and Tier 2 data in the context of the federated Global Soil Information System. Appendix 3"
"http://w3id.org/glosis/model/layerhorizon/wetPlasticityProperty","GL_Profile",,"wetPlasticityProperty","The Wet Plasticity Property measures the soil’s ability to deform under pressure when saturated. Wet plasticity is influenced by clay mineralogy and is important for understanding soil behavior under wet conditions. Source: Hillel, D. (2004). Introduction to Environmental Soil Physics.","ISRIC Report 2019/01: Tier 1 and Tier 2 data in the context of the federated Global Soil Information System. Appendix 3"
"http://w3id.org/glosis/model/layerhorizon/wetPlasticityProperty","GL_Plot",,"wetPlasticityProperty","The Wet Plasticity Property measures the soil’s ability to deform under pressure when saturated. Wet plasticity is influenced by clay mineralogy and is important for understanding soil behavior under wet conditions. Source: Hillel, D. (2004). Introduction to Environmental Soil Physics.","ISRIC Report 2019/01: Tier 1 and Tier 2 data in the context of the federated Global Soil Information System. Appendix 3"
"http://w3id.org/glosis/model/layerhorizon/wetPlasticityProperty",,"GL_Plot","wetPlasticityProperty","The Wet Plasticity Property measures the soil’s ability to deform under pressure when saturated. Wet plasticity is influenced by clay mineralogy and is important for understanding soil behavior under wet conditions. Source: Hillel, D. (2004). Introduction to Environmental Soil Physics.","ISRIC Report 2019/01: Tier 1 and Tier 2 data in the context of the federated Global Soil Information System. Appendix 3"
"http://w3id.org/glosis/model/profile/profileDescriptionStatusProperty",,"GL_Layer","profileDescriptionStatusProperty","The Profile Description Status Property indicates the level of detail and accuracy in documenting the features of a soil profile, including its horizons, texture, structure, and other observable characteristics. This property ensures that the soil profile description meets standards for completeness, enabling reliable classification and analysis. It is a critical aspect of soil studies, providing the basis for land-use planning, environmental assessment, and agricultural decision-making. Source: Schoeneberger, P.J., Wysocki, D.A., Benham, E.C., & Soil Survey Staff. (2012). Field Book for Describing and Sampling Soils. USDA-NRCS.","Guidelines for Soil Description issued by the FAO: table 1"
"http://w3id.org/glosis/model/profile/profileDescriptionStatusProperty","GL_Surface",,"profileDescriptionStatusProperty","The Profile Description Status Property indicates the level of detail and accuracy in documenting the features of a soil profile, including its horizons, texture, structure, and other observable characteristics. This property ensures that the soil profile description meets standards for completeness, enabling reliable classification and analysis. It is a critical aspect of soil studies, providing the basis for land-use planning, environmental assessment, and agricultural decision-making. Source: Schoeneberger, P.J., Wysocki, D.A., Benham, E.C., & Soil Survey Staff. (2012). Field Book for Describing and Sampling Soils. USDA-NRCS.","Guidelines for Soil Description issued by the FAO: table 1"
"http://w3id.org/glosis/model/profile/profileDescriptionStatusProperty","GL_Profile",,"profileDescriptionStatusProperty","The Profile Description Status Property indicates the level of detail and accuracy in documenting the features of a soil profile, including its horizons, texture, structure, and other observable characteristics. This property ensures that the soil profile description meets standards for completeness, enabling reliable classification and analysis. It is a critical aspect of soil studies, providing the basis for land-use planning, environmental assessment, and agricultural decision-making. Source: Schoeneberger, P.J., Wysocki, D.A., Benham, E.C., & Soil Survey Staff. (2012). Field Book for Describing and Sampling Soils. USDA-NRCS.","Guidelines for Soil Description issued by the FAO: table 1"
"http://w3id.org/glosis/model/profile/profileDescriptionStatusProperty","GL_Plot",,"profileDescriptionStatusProperty","The Profile Description Status Property indicates the level of detail and accuracy in documenting the features of a soil profile, including its horizons, texture, structure, and other observable characteristics. This property ensures that the soil profile description meets standards for completeness, enabling reliable classification and analysis. It is a critical aspect of soil studies, providing the basis for land-use planning, environmental assessment, and agricultural decision-making. Source: Schoeneberger, P.J., Wysocki, D.A., Benham, E.C., & Soil Survey Staff. (2012). Field Book for Describing and Sampling Soils. USDA-NRCS.","Guidelines for Soil Description issued by the FAO: table 1"
"http://w3id.org/glosis/model/profile/profileDescriptionStatusProperty",,"GL_Plot","profileDescriptionStatusProperty","The Profile Description Status Property indicates the level of detail and accuracy in documenting the features of a soil profile, including its horizons, texture, structure, and other observable characteristics. This property ensures that the soil profile description meets standards for completeness, enabling reliable classification and analysis. It is a critical aspect of soil studies, providing the basis for land-use planning, environmental assessment, and agricultural decision-making. Source: Schoeneberger, P.J., Wysocki, D.A., Benham, E.C., & Soil Survey Staff. (2012). Field Book for Describing and Sampling Soils. USDA-NRCS.","Guidelines for Soil Description issued by the FAO: table 1"
"http://w3id.org/glosis/model/profile/soilTypeProperty",,"GL_Layer","soilTypeProperty","The Soil Type Property categorizes soils based on their physical, chemical, and mineralogical characteristics, as well as their formation processes. It identifies specific soil types, such as sandy, loamy, or clayey soils, or more detailed classifications like Mollisols, Alfisols, or Vertisols, depending on the classification system used (e.g., USDA Soil Taxonomy or FAO WRB). Understanding soil type is essential for predicting soil behavior, determining suitable land uses, and managing resources effectively. Source: USDA-NRCS (1999). Soil Taxonomy: A Basic System of Soil Classification for Making and Interpreting Soil Surveys; FAO (2015). World Reference Base for Soil Resources. ","ISRIC Report 2019/01: Tier 1 and Tier 2 data in the context of the federated Global Soil Information System. Appendix 1"
"http://w3id.org/glosis/model/profile/soilTypeProperty","GL_Surface",,"soilTypeProperty","The Soil Type Property categorizes soils based on their physical, chemical, and mineralogical characteristics, as well as their formation processes. It identifies specific soil types, such as sandy, loamy, or clayey soils, or more detailed classifications like Mollisols, Alfisols, or Vertisols, depending on the classification system used (e.g., USDA Soil Taxonomy or FAO WRB). Understanding soil type is essential for predicting soil behavior, determining suitable land uses, and managing resources effectively. Source: USDA-NRCS (1999). Soil Taxonomy: A Basic System of Soil Classification for Making and Interpreting Soil Surveys; FAO (2015). World Reference Base for Soil Resources. ","ISRIC Report 2019/01: Tier 1 and Tier 2 data in the context of the federated Global Soil Information System. Appendix 1"
"http://w3id.org/glosis/model/profile/soilTypeProperty","GL_Profile",,"soilTypeProperty","The Soil Type Property categorizes soils based on their physical, chemical, and mineralogical characteristics, as well as their formation processes. It identifies specific soil types, such as sandy, loamy, or clayey soils, or more detailed classifications like Mollisols, Alfisols, or Vertisols, depending on the classification system used (e.g., USDA Soil Taxonomy or FAO WRB). Understanding soil type is essential for predicting soil behavior, determining suitable land uses, and managing resources effectively. Source: USDA-NRCS (1999). Soil Taxonomy: A Basic System of Soil Classification for Making and Interpreting Soil Surveys; FAO (2015). World Reference Base for Soil Resources. ","ISRIC Report 2019/01: Tier 1 and Tier 2 data in the context of the federated Global Soil Information System. Appendix 1"
"http://w3id.org/glosis/model/profile/soilTypeProperty","GL_Plot",,"soilTypeProperty","The Soil Type Property categorizes soils based on their physical, chemical, and mineralogical characteristics, as well as their formation processes. It identifies specific soil types, such as sandy, loamy, or clayey soils, or more detailed classifications like Mollisols, Alfisols, or Vertisols, depending on the classification system used (e.g., USDA Soil Taxonomy or FAO WRB). Understanding soil type is essential for predicting soil behavior, determining suitable land uses, and managing resources effectively. Source: USDA-NRCS (1999). Soil Taxonomy: A Basic System of Soil Classification for Making and Interpreting Soil Surveys; FAO (2015). World Reference Base for Soil Resources. ","ISRIC Report 2019/01: Tier 1 and Tier 2 data in the context of the federated Global Soil Information System. Appendix 1"
"http://w3id.org/glosis/model/profile/soilTypeProperty",,"GL_Plot","soilTypeProperty","The Soil Type Property categorizes soils based on their physical, chemical, and mineralogical characteristics, as well as their formation processes. It identifies specific soil types, such as sandy, loamy, or clayey soils, or more detailed classifications like Mollisols, Alfisols, or Vertisols, depending on the classification system used (e.g., USDA Soil Taxonomy or FAO WRB). Understanding soil type is essential for predicting soil behavior, determining suitable land uses, and managing resources effectively. Source: USDA-NRCS (1999). Soil Taxonomy: A Basic System of Soil Classification for Making and Interpreting Soil Surveys; FAO (2015). World Reference Base for Soil Resources. ","ISRIC Report 2019/01: Tier 1 and Tier 2 data in the context of the federated Global Soil Information System. Appendix 1"
"http://w3id.org/glosis/model/siteplot/bareCoverAbundanceProperty",,"GL_Layer","bareCoverAbundanceProperty","Bare Cover Abundance Property refers to the extent of land area without vegetation or artificial cover, such as bare soil or rocky surfaces. High proportions of bare cover increase the risk of soil erosion and desertification, particularly in areas with poor vegetation or human disturbance. Source: FAO, 'Land Use and Land Cover Classification'","ISRIC Report 2019/01: Tier 1 and Tier 2 data in the context of the federated Global Soil Information System. Appendix 1"
"http://w3id.org/glosis/model/siteplot/bareCoverAbundanceProperty","GL_Surface",,"bareCoverAbundanceProperty","Bare Cover Abundance Property refers to the extent of land area without vegetation or artificial cover, such as bare soil or rocky surfaces. High proportions of bare cover increase the risk of soil erosion and desertification, particularly in areas with poor vegetation or human disturbance. Source: FAO, 'Land Use and Land Cover Classification'","ISRIC Report 2019/01: Tier 1 and Tier 2 data in the context of the federated Global Soil Information System. Appendix 1"
"http://w3id.org/glosis/model/siteplot/bareCoverAbundanceProperty","GL_Profile",,"bareCoverAbundanceProperty","Bare Cover Abundance Property refers to the extent of land area without vegetation or artificial cover, such as bare soil or rocky surfaces. High proportions of bare cover increase the risk of soil erosion and desertification, particularly in areas with poor vegetation or human disturbance. Source: FAO, 'Land Use and Land Cover Classification'","ISRIC Report 2019/01: Tier 1 and Tier 2 data in the context of the federated Global Soil Information System. Appendix 1"
"http://w3id.org/glosis/model/siteplot/bareCoverAbundanceProperty","GL_Plot",,"bareCoverAbundanceProperty","Bare Cover Abundance Property refers to the extent of land area without vegetation or artificial cover, such as bare soil or rocky surfaces. High proportions of bare cover increase the risk of soil erosion and desertification, particularly in areas with poor vegetation or human disturbance. Source: FAO, 'Land Use and Land Cover Classification'","ISRIC Report 2019/01: Tier 1 and Tier 2 data in the context of the federated Global Soil Information System. Appendix 1"
"http://w3id.org/glosis/model/siteplot/bareCoverAbundanceProperty",,"GL_Plot","bareCoverAbundanceProperty","Bare Cover Abundance Property refers to the extent of land area without vegetation or artificial cover, such as bare soil or rocky surfaces. High proportions of bare cover increase the risk of soil erosion and desertification, particularly in areas with poor vegetation or human disturbance. Source: FAO, 'Land Use and Land Cover Classification'","ISRIC Report 2019/01: Tier 1 and Tier 2 data in the context of the federated Global Soil Information System. Appendix 1"
"http://w3id.org/glosis/model/siteplot/cropClassProperty",,"GL_Layer","cropClassProperty","Crop Class Property refers to the categorization of land based on the type of crops cultivated. This property is used to assess soil management practices and land productivity, as different crops require specific soil conditions for optimal growth. Source: FAO, 'Guidelines for Soil Profile Description'","Guidelines for Soil Description issued by the FAO: table 9"
"http://w3id.org/glosis/model/siteplot/cropClassProperty","GL_Surface",,"cropClassProperty","Crop Class Property refers to the categorization of land based on the type of crops cultivated. This property is used to assess soil management practices and land productivity, as different crops require specific soil conditions for optimal growth. Source: FAO, 'Guidelines for Soil Profile Description'","Guidelines for Soil Description issued by the FAO: table 9"
"http://w3id.org/glosis/model/siteplot/cropClassProperty","GL_Profile",,"cropClassProperty","Crop Class Property refers to the categorization of land based on the type of crops cultivated. This property is used to assess soil management practices and land productivity, as different crops require specific soil conditions for optimal growth. Source: FAO, 'Guidelines for Soil Profile Description'","Guidelines for Soil Description issued by the FAO: table 9"
"http://w3id.org/glosis/model/siteplot/cropClassProperty","GL_Plot",,"cropClassProperty","Crop Class Property refers to the categorization of land based on the type of crops cultivated. This property is used to assess soil management practices and land productivity, as different crops require specific soil conditions for optimal growth. Source: FAO, 'Guidelines for Soil Profile Description'","Guidelines for Soil Description issued by the FAO: table 9"
"http://w3id.org/glosis/model/siteplot/cropClassProperty",,"GL_Plot","cropClassProperty","Crop Class Property refers to the categorization of land based on the type of crops cultivated. This property is used to assess soil management practices and land productivity, as different crops require specific soil conditions for optimal growth. Source: FAO, 'Guidelines for Soil Profile Description'","Guidelines for Soil Description issued by the FAO: table 9"
"http://w3id.org/glosis/model/siteplot/erosionActivityPeriodProperty",,"GL_Layer","erosionActivityPeriodProperty","Erosion Activity Period Property refers to the time frame during which soil erosion processes, such as wind or water erosion, are most active in a given area. This period is influenced by climatic conditions, seasonal rainfall, and land use, and it helps in assessing the vulnerability of soils to degradation. Source: USDA NRCS, 'Soil Erosion and Conservation'","Guidelines for Soil Description issued by the FAO: table 19"
"http://w3id.org/glosis/model/siteplot/erosionActivityPeriodProperty","GL_Surface",,"erosionActivityPeriodProperty","Erosion Activity Period Property refers to the time frame during which soil erosion processes, such as wind or water erosion, are most active in a given area. This period is influenced by climatic conditions, seasonal rainfall, and land use, and it helps in assessing the vulnerability of soils to degradation. Source: USDA NRCS, 'Soil Erosion and Conservation'","Guidelines for Soil Description issued by the FAO: table 19"
"http://w3id.org/glosis/model/siteplot/erosionActivityPeriodProperty","GL_Profile",,"erosionActivityPeriodProperty","Erosion Activity Period Property refers to the time frame during which soil erosion processes, such as wind or water erosion, are most active in a given area. This period is influenced by climatic conditions, seasonal rainfall, and land use, and it helps in assessing the vulnerability of soils to degradation. Source: USDA NRCS, 'Soil Erosion and Conservation'","Guidelines for Soil Description issued by the FAO: table 19"
"http://w3id.org/glosis/model/siteplot/erosionActivityPeriodProperty","GL_Plot",,"erosionActivityPeriodProperty","Erosion Activity Period Property refers to the time frame during which soil erosion processes, such as wind or water erosion, are most active in a given area. This period is influenced by climatic conditions, seasonal rainfall, and land use, and it helps in assessing the vulnerability of soils to degradation. Source: USDA NRCS, 'Soil Erosion and Conservation'","Guidelines for Soil Description issued by the FAO: table 19"
"http://w3id.org/glosis/model/siteplot/erosionActivityPeriodProperty",,"GL_Plot","erosionActivityPeriodProperty","Erosion Activity Period Property refers to the time frame during which soil erosion processes, such as wind or water erosion, are most active in a given area. This period is influenced by climatic conditions, seasonal rainfall, and land use, and it helps in assessing the vulnerability of soils to degradation. Source: USDA NRCS, 'Soil Erosion and Conservation'","Guidelines for Soil Description issued by the FAO: table 19"
"http://w3id.org/glosis/model/siteplot/erosionAreaAffectedProperty",,"GL_Layer","erosionAreaAffectedProperty","Erosion Area Affected Property refers to the extent of land area that has been impacted by erosion processes, such as water or wind erosion. This property is important for evaluating the severity of soil degradation in a given region and helps in identifying areas that require soil conservation measures. Source: USDA NRCS, 'Soil Erosion Research and Technology Transfer'","Guidelines for Soil Description issued by the FAO: table 17"
"http://w3id.org/glosis/model/siteplot/erosionAreaAffectedProperty","GL_Surface",,"erosionAreaAffectedProperty","Erosion Area Affected Property refers to the extent of land area that has been impacted by erosion processes, such as water or wind erosion. This property is important for evaluating the severity of soil degradation in a given region and helps in identifying areas that require soil conservation measures. Source: USDA NRCS, 'Soil Erosion Research and Technology Transfer'","Guidelines for Soil Description issued by the FAO: table 17"
"http://w3id.org/glosis/model/siteplot/erosionAreaAffectedProperty","GL_Profile",,"erosionAreaAffectedProperty","Erosion Area Affected Property refers to the extent of land area that has been impacted by erosion processes, such as water or wind erosion. This property is important for evaluating the severity of soil degradation in a given region and helps in identifying areas that require soil conservation measures. Source: USDA NRCS, 'Soil Erosion Research and Technology Transfer'","Guidelines for Soil Description issued by the FAO: table 17"
"http://w3id.org/glosis/model/siteplot/erosionAreaAffectedProperty","GL_Plot",,"erosionAreaAffectedProperty","Erosion Area Affected Property refers to the extent of land area that has been impacted by erosion processes, such as water or wind erosion. This property is important for evaluating the severity of soil degradation in a given region and helps in identifying areas that require soil conservation measures. Source: USDA NRCS, 'Soil Erosion Research and Technology Transfer'","Guidelines for Soil Description issued by the FAO: table 17"
"http://w3id.org/glosis/model/siteplot/erosionAreaAffectedProperty",,"GL_Plot","erosionAreaAffectedProperty","Erosion Area Affected Property refers to the extent of land area that has been impacted by erosion processes, such as water or wind erosion. This property is important for evaluating the severity of soil degradation in a given region and helps in identifying areas that require soil conservation measures. Source: USDA NRCS, 'Soil Erosion Research and Technology Transfer'","Guidelines for Soil Description issued by the FAO: table 17"
"http://w3id.org/glosis/model/siteplot/erosionCategoryProperty",,"GL_Layer","erosionCategoryProperty","Erosion Category Property classifies the type and severity of erosion in a given area. Categories are often based on the nature of the erosive forces (e.g., water, wind) and the degree of soil loss, ranging from slight to severe. This classification aids in prioritizing conservation efforts and understanding the potential impacts on soil quality. Source: FAO, 'Soil Erosion and Conservation'","Guidelines for Soil Description issued by the FAO: table 16"
"http://w3id.org/glosis/model/siteplot/erosionCategoryProperty","GL_Surface",,"erosionCategoryProperty","Erosion Category Property classifies the type and severity of erosion in a given area. Categories are often based on the nature of the erosive forces (e.g., water, wind) and the degree of soil loss, ranging from slight to severe. This classification aids in prioritizing conservation efforts and understanding the potential impacts on soil quality. Source: FAO, 'Soil Erosion and Conservation'","Guidelines for Soil Description issued by the FAO: table 16"
"http://w3id.org/glosis/model/siteplot/erosionCategoryProperty","GL_Profile",,"erosionCategoryProperty","Erosion Category Property classifies the type and severity of erosion in a given area. Categories are often based on the nature of the erosive forces (e.g., water, wind) and the degree of soil loss, ranging from slight to severe. This classification aids in prioritizing conservation efforts and understanding the potential impacts on soil quality. Source: FAO, 'Soil Erosion and Conservation'","Guidelines for Soil Description issued by the FAO: table 16"
"http://w3id.org/glosis/model/siteplot/erosionCategoryProperty","GL_Plot",,"erosionCategoryProperty","Erosion Category Property classifies the type and severity of erosion in a given area. Categories are often based on the nature of the erosive forces (e.g., water, wind) and the degree of soil loss, ranging from slight to severe. This classification aids in prioritizing conservation efforts and understanding the potential impacts on soil quality. Source: FAO, 'Soil Erosion and Conservation'","Guidelines for Soil Description issued by the FAO: table 16"
"http://w3id.org/glosis/model/siteplot/erosionCategoryProperty",,"GL_Plot","erosionCategoryProperty","Erosion Category Property classifies the type and severity of erosion in a given area. Categories are often based on the nature of the erosive forces (e.g., water, wind) and the degree of soil loss, ranging from slight to severe. This classification aids in prioritizing conservation efforts and understanding the potential impacts on soil quality. Source: FAO, 'Soil Erosion and Conservation'","Guidelines for Soil Description issued by the FAO: table 16"
"http://w3id.org/glosis/model/siteplot/erosionDegreeProperty",,"GL_Layer","erosionDegreeProperty","Erosion Degree Property refers to the level of intensity or severity of soil erosion in an area, categorized into classes such as slight, moderate, or severe. The degree of erosion helps in assessing the extent of soil degradation and informs decisions on soil conservation and land management. Source: FAO, 'Soil Erosion and Conservation'","Guidelines for Soil Description issued by the FAO: table 18"
"http://w3id.org/glosis/model/siteplot/erosionDegreeProperty","GL_Surface",,"erosionDegreeProperty","Erosion Degree Property refers to the level of intensity or severity of soil erosion in an area, categorized into classes such as slight, moderate, or severe. The degree of erosion helps in assessing the extent of soil degradation and informs decisions on soil conservation and land management. Source: FAO, 'Soil Erosion and Conservation'","Guidelines for Soil Description issued by the FAO: table 18"
"http://w3id.org/glosis/model/siteplot/erosionDegreeProperty","GL_Profile",,"erosionDegreeProperty","Erosion Degree Property refers to the level of intensity or severity of soil erosion in an area, categorized into classes such as slight, moderate, or severe. The degree of erosion helps in assessing the extent of soil degradation and informs decisions on soil conservation and land management. Source: FAO, 'Soil Erosion and Conservation'","Guidelines for Soil Description issued by the FAO: table 18"
"http://w3id.org/glosis/model/siteplot/erosionDegreeProperty","GL_Plot",,"erosionDegreeProperty","Erosion Degree Property refers to the level of intensity or severity of soil erosion in an area, categorized into classes such as slight, moderate, or severe. The degree of erosion helps in assessing the extent of soil degradation and informs decisions on soil conservation and land management. Source: FAO, 'Soil Erosion and Conservation'","Guidelines for Soil Description issued by the FAO: table 18"
"http://w3id.org/glosis/model/siteplot/erosionDegreeProperty",,"GL_Plot","erosionDegreeProperty","Erosion Degree Property refers to the level of intensity or severity of soil erosion in an area, categorized into classes such as slight, moderate, or severe. The degree of erosion helps in assessing the extent of soil degradation and informs decisions on soil conservation and land management. Source: FAO, 'Soil Erosion and Conservation'","Guidelines for Soil Description issued by the FAO: table 18"
"http://w3id.org/glosis/model/siteplot/erosionTotalAreaAffectedProperty",,"GL_Layer","erosionTotalAreaAffectedProperty","Erosion Total Area Affected Property quantifies the total land area affected by erosion processes. It is an important measure in understanding the broader impact of erosion on soil health, productivity, and ecosystem services across a landscape. Source: USDA NRCS, 'Soil Erosion and Landscape Analysis'","Guidelines for Soil Description issued by the FAO: table 17"
"http://w3id.org/glosis/model/siteplot/erosionTotalAreaAffectedProperty","GL_Surface",,"erosionTotalAreaAffectedProperty","Erosion Total Area Affected Property quantifies the total land area affected by erosion processes. It is an important measure in understanding the broader impact of erosion on soil health, productivity, and ecosystem services across a landscape. Source: USDA NRCS, 'Soil Erosion and Landscape Analysis'","Guidelines for Soil Description issued by the FAO: table 17"
"http://w3id.org/glosis/model/siteplot/erosionTotalAreaAffectedProperty","GL_Profile",,"erosionTotalAreaAffectedProperty","Erosion Total Area Affected Property quantifies the total land area affected by erosion processes. It is an important measure in understanding the broader impact of erosion on soil health, productivity, and ecosystem services across a landscape. Source: USDA NRCS, 'Soil Erosion and Landscape Analysis'","Guidelines for Soil Description issued by the FAO: table 17"
"http://w3id.org/glosis/model/siteplot/erosionTotalAreaAffectedProperty","GL_Plot",,"erosionTotalAreaAffectedProperty","Erosion Total Area Affected Property quantifies the total land area affected by erosion processes. It is an important measure in understanding the broader impact of erosion on soil health, productivity, and ecosystem services across a landscape. Source: USDA NRCS, 'Soil Erosion and Landscape Analysis'","Guidelines for Soil Description issued by the FAO: table 17"
"http://w3id.org/glosis/model/siteplot/erosionTotalAreaAffectedProperty",,"GL_Plot","erosionTotalAreaAffectedProperty","Erosion Total Area Affected Property quantifies the total land area affected by erosion processes. It is an important measure in understanding the broader impact of erosion on soil health, productivity, and ecosystem services across a landscape. Source: USDA NRCS, 'Soil Erosion and Landscape Analysis'","Guidelines for Soil Description issued by the FAO: table 17"
"http://w3id.org/glosis/model/siteplot/floodDurationProperty",,"GL_Layer","floodDurationProperty","Flood Duration Property refers to the length of time during which an area is inundated by floodwaters. The duration of flooding can significantly affect soil structure, nutrient availability, and plant growth, especially in flood-prone regions. Source: USGS, 'Floodplain Management'","Guidelines for Soil Description issued by the FAO: table 174"
"http://w3id.org/glosis/model/siteplot/floodDurationProperty","GL_Surface",,"floodDurationProperty","Flood Duration Property refers to the length of time during which an area is inundated by floodwaters. The duration of flooding can significantly affect soil structure, nutrient availability, and plant growth, especially in flood-prone regions. Source: USGS, 'Floodplain Management'","Guidelines for Soil Description issued by the FAO: table 174"
"http://w3id.org/glosis/model/siteplot/floodDurationProperty","GL_Profile",,"floodDurationProperty","Flood Duration Property refers to the length of time during which an area is inundated by floodwaters. The duration of flooding can significantly affect soil structure, nutrient availability, and plant growth, especially in flood-prone regions. Source: USGS, 'Floodplain Management'","Guidelines for Soil Description issued by the FAO: table 174"
"http://w3id.org/glosis/model/siteplot/floodDurationProperty","GL_Plot",,"floodDurationProperty","Flood Duration Property refers to the length of time during which an area is inundated by floodwaters. The duration of flooding can significantly affect soil structure, nutrient availability, and plant growth, especially in flood-prone regions. Source: USGS, 'Floodplain Management'","Guidelines for Soil Description issued by the FAO: table 174"
"http://w3id.org/glosis/model/siteplot/floodDurationProperty",,"GL_Plot","floodDurationProperty","Flood Duration Property refers to the length of time during which an area is inundated by floodwaters. The duration of flooding can significantly affect soil structure, nutrient availability, and plant growth, especially in flood-prone regions. Source: USGS, 'Floodplain Management'","Guidelines for Soil Description issued by the FAO: table 174"
"http://w3id.org/glosis/model/siteplot/floodFrequencyProperty",,"GL_Layer","floodFrequencyProperty","Flood Frequency Property refers to how often flooding occurs in a particular area, typically expressed in terms of recurrence intervals (e.g., once every 10 years). This property is vital for assessing flood risk, soil erosion, and the potential for soil nutrient loss due to repeated flooding events. Source: USGS, 'Floodplain Management'","Guidelines for Soil Description issued by the FAO: table 174"
"http://w3id.org/glosis/model/siteplot/floodFrequencyProperty","GL_Surface",,"floodFrequencyProperty","Flood Frequency Property refers to how often flooding occurs in a particular area, typically expressed in terms of recurrence intervals (e.g., once every 10 years). This property is vital for assessing flood risk, soil erosion, and the potential for soil nutrient loss due to repeated flooding events. Source: USGS, 'Floodplain Management'","Guidelines for Soil Description issued by the FAO: table 174"
"http://w3id.org/glosis/model/siteplot/floodFrequencyProperty","GL_Profile",,"floodFrequencyProperty","Flood Frequency Property refers to how often flooding occurs in a particular area, typically expressed in terms of recurrence intervals (e.g., once every 10 years). This property is vital for assessing flood risk, soil erosion, and the potential for soil nutrient loss due to repeated flooding events. Source: USGS, 'Floodplain Management'","Guidelines for Soil Description issued by the FAO: table 174"
"http://w3id.org/glosis/model/siteplot/floodFrequencyProperty","GL_Plot",,"floodFrequencyProperty","Flood Frequency Property refers to how often flooding occurs in a particular area, typically expressed in terms of recurrence intervals (e.g., once every 10 years). This property is vital for assessing flood risk, soil erosion, and the potential for soil nutrient loss due to repeated flooding events. Source: USGS, 'Floodplain Management'","Guidelines for Soil Description issued by the FAO: table 174"
"http://w3id.org/glosis/model/siteplot/floodFrequencyProperty",,"GL_Plot","floodFrequencyProperty","Flood Frequency Property refers to how often flooding occurs in a particular area, typically expressed in terms of recurrence intervals (e.g., once every 10 years). This property is vital for assessing flood risk, soil erosion, and the potential for soil nutrient loss due to repeated flooding events. Source: USGS, 'Floodplain Management'","Guidelines for Soil Description issued by the FAO: table 174"
"http://w3id.org/glosis/model/siteplot/forestAbundanceProperty",,"GL_Layer","ForestAbundanceProperty","Forest Abundance Property refers to the proportion or extent of land covered by forest vegetation in a given area. It is often quantified as the percentage of land area dominated by tree species, reflecting the ecological importance of forests in influencing soil fertility, moisture retention, and biodiversity. Forested areas typically contribute to soil formation and stabilization through leaf litter and root systems that reduce erosion. Source: FAO, 'Forest Resources Assessment'","ISRIC Report 2019/01: Tier 1 and Tier 2 data in the context of the federated Global Soil Information System. Appendix 1"
"http://w3id.org/glosis/model/siteplot/forestAbundanceProperty","GL_Surface",,"ForestAbundanceProperty","Forest Abundance Property refers to the proportion or extent of land covered by forest vegetation in a given area. It is often quantified as the percentage of land area dominated by tree species, reflecting the ecological importance of forests in influencing soil fertility, moisture retention, and biodiversity. Forested areas typically contribute to soil formation and stabilization through leaf litter and root systems that reduce erosion. Source: FAO, 'Forest Resources Assessment'","ISRIC Report 2019/01: Tier 1 and Tier 2 data in the context of the federated Global Soil Information System. Appendix 1"
"http://w3id.org/glosis/model/siteplot/forestAbundanceProperty","GL_Profile",,"ForestAbundanceProperty","Forest Abundance Property refers to the proportion or extent of land covered by forest vegetation in a given area. It is often quantified as the percentage of land area dominated by tree species, reflecting the ecological importance of forests in influencing soil fertility, moisture retention, and biodiversity. Forested areas typically contribute to soil formation and stabilization through leaf litter and root systems that reduce erosion. Source: FAO, 'Forest Resources Assessment'","ISRIC Report 2019/01: Tier 1 and Tier 2 data in the context of the federated Global Soil Information System. Appendix 1"
"http://w3id.org/glosis/model/siteplot/forestAbundanceProperty","GL_Plot",,"ForestAbundanceProperty","Forest Abundance Property refers to the proportion or extent of land covered by forest vegetation in a given area. It is often quantified as the percentage of land area dominated by tree species, reflecting the ecological importance of forests in influencing soil fertility, moisture retention, and biodiversity. Forested areas typically contribute to soil formation and stabilization through leaf litter and root systems that reduce erosion. Source: FAO, 'Forest Resources Assessment'","ISRIC Report 2019/01: Tier 1 and Tier 2 data in the context of the federated Global Soil Information System. Appendix 1"
"http://w3id.org/glosis/model/siteplot/forestAbundanceProperty",,"GL_Plot","ForestAbundanceProperty","Forest Abundance Property refers to the proportion or extent of land covered by forest vegetation in a given area. It is often quantified as the percentage of land area dominated by tree species, reflecting the ecological importance of forests in influencing soil fertility, moisture retention, and biodiversity. Forested areas typically contribute to soil formation and stabilization through leaf litter and root systems that reduce erosion. Source: FAO, 'Forest Resources Assessment'","ISRIC Report 2019/01: Tier 1 and Tier 2 data in the context of the federated Global Soil Information System. Appendix 1"
"http://w3id.org/glosis/model/siteplot/geologyProperty",,"GL_Layer","geologyProperty","Geology Property refers to the underlying geological composition of an area, including rock types, mineral content, and geological processes. The geology of a region influences soil formation, structure, fertility, and drainage properties. Source: AGI, 'Encyclopedia of Geology'","Guidelines for Soil Description issued by the FAO: table 12"
"http://w3id.org/glosis/model/siteplot/geologyProperty","GL_Surface",,"geologyProperty","Geology Property refers to the underlying geological composition of an area, including rock types, mineral content, and geological processes. The geology of a region influences soil formation, structure, fertility, and drainage properties. Source: AGI, 'Encyclopedia of Geology'","Guidelines for Soil Description issued by the FAO: table 12"
"http://w3id.org/glosis/model/siteplot/geologyProperty","GL_Profile",,"geologyProperty","Geology Property refers to the underlying geological composition of an area, including rock types, mineral content, and geological processes. The geology of a region influences soil formation, structure, fertility, and drainage properties. Source: AGI, 'Encyclopedia of Geology'","Guidelines for Soil Description issued by the FAO: table 12"
"http://w3id.org/glosis/model/siteplot/geologyProperty","GL_Plot",,"geologyProperty","Geology Property refers to the underlying geological composition of an area, including rock types, mineral content, and geological processes. The geology of a region influences soil formation, structure, fertility, and drainage properties. Source: AGI, 'Encyclopedia of Geology'","Guidelines for Soil Description issued by the FAO: table 12"
"http://w3id.org/glosis/model/siteplot/geologyProperty",,"GL_Plot","geologyProperty","Geology Property refers to the underlying geological composition of an area, including rock types, mineral content, and geological processes. The geology of a region influences soil formation, structure, fertility, and drainage properties. Source: AGI, 'Encyclopedia of Geology'","Guidelines for Soil Description issued by the FAO: table 12"
"http://w3id.org/glosis/model/siteplot/grassAbundanceProperty",,"GL_Layer","GrassAbundanceProperty","Grass Abundance Property indicates the extent or percentage of land covered by grasses or herbaceous plants. This property is important for understanding land productivity, grazing capacity, and soil health, as grasses play a key role in preventing soil erosion, enhancing organic matter content, and maintaining soil structure. Source: FAO, 'Grassland Ecosystems and Management'","ISRIC Report 2019/01: Tier 1 and Tier 2 data in the context of the federated Global Soil Information System. Appendix 1"
"http://w3id.org/glosis/model/siteplot/grassAbundanceProperty","GL_Surface",,"GrassAbundanceProperty","Grass Abundance Property indicates the extent or percentage of land covered by grasses or herbaceous plants. This property is important for understanding land productivity, grazing capacity, and soil health, as grasses play a key role in preventing soil erosion, enhancing organic matter content, and maintaining soil structure. Source: FAO, 'Grassland Ecosystems and Management'","ISRIC Report 2019/01: Tier 1 and Tier 2 data in the context of the federated Global Soil Information System. Appendix 1"
"http://w3id.org/glosis/model/siteplot/grassAbundanceProperty","GL_Profile",,"GrassAbundanceProperty","Grass Abundance Property indicates the extent or percentage of land covered by grasses or herbaceous plants. This property is important for understanding land productivity, grazing capacity, and soil health, as grasses play a key role in preventing soil erosion, enhancing organic matter content, and maintaining soil structure. Source: FAO, 'Grassland Ecosystems and Management'","ISRIC Report 2019/01: Tier 1 and Tier 2 data in the context of the federated Global Soil Information System. Appendix 1"
"http://w3id.org/glosis/model/siteplot/grassAbundanceProperty","GL_Plot",,"GrassAbundanceProperty","Grass Abundance Property indicates the extent or percentage of land covered by grasses or herbaceous plants. This property is important for understanding land productivity, grazing capacity, and soil health, as grasses play a key role in preventing soil erosion, enhancing organic matter content, and maintaining soil structure. Source: FAO, 'Grassland Ecosystems and Management'","ISRIC Report 2019/01: Tier 1 and Tier 2 data in the context of the federated Global Soil Information System. Appendix 1"
"http://w3id.org/glosis/model/siteplot/grassAbundanceProperty",,"GL_Plot","GrassAbundanceProperty","Grass Abundance Property indicates the extent or percentage of land covered by grasses or herbaceous plants. This property is important for understanding land productivity, grazing capacity, and soil health, as grasses play a key role in preventing soil erosion, enhancing organic matter content, and maintaining soil structure. Source: FAO, 'Grassland Ecosystems and Management'","ISRIC Report 2019/01: Tier 1 and Tier 2 data in the context of the federated Global Soil Information System. Appendix 1"
"http://w3id.org/glosis/model/siteplot/groundwaterDepthProperty",,"GL_Layer","groundwaterDepthProperty","Groundwater Depth Property indicates the depth from the soil surface to the water table, which affects soil moisture levels, plant growth, and root penetration. Shallow groundwater can influence soil salinity and nutrient availability, while deep groundwater may limit water access for plants. Source: USDA NRCS, 'Groundwater and Soil'","ISRIC Report 2019/01: Tier 1 and Tier 2 data in the context of the federated Global Soil Information System. Appendix 1"
"http://w3id.org/glosis/model/siteplot/groundwaterDepthProperty","GL_Surface",,"groundwaterDepthProperty","Groundwater Depth Property indicates the depth from the soil surface to the water table, which affects soil moisture levels, plant growth, and root penetration. Shallow groundwater can influence soil salinity and nutrient availability, while deep groundwater may limit water access for plants. Source: USDA NRCS, 'Groundwater and Soil'","ISRIC Report 2019/01: Tier 1 and Tier 2 data in the context of the federated Global Soil Information System. Appendix 1"
"http://w3id.org/glosis/model/siteplot/groundwaterDepthProperty","GL_Profile",,"groundwaterDepthProperty","Groundwater Depth Property indicates the depth from the soil surface to the water table, which affects soil moisture levels, plant growth, and root penetration. Shallow groundwater can influence soil salinity and nutrient availability, while deep groundwater may limit water access for plants. Source: USDA NRCS, 'Groundwater and Soil'","ISRIC Report 2019/01: Tier 1 and Tier 2 data in the context of the federated Global Soil Information System. Appendix 1"
"http://w3id.org/glosis/model/siteplot/groundwaterDepthProperty","GL_Plot",,"groundwaterDepthProperty","Groundwater Depth Property indicates the depth from the soil surface to the water table, which affects soil moisture levels, plant growth, and root penetration. Shallow groundwater can influence soil salinity and nutrient availability, while deep groundwater may limit water access for plants. Source: USDA NRCS, 'Groundwater and Soil'","ISRIC Report 2019/01: Tier 1 and Tier 2 data in the context of the federated Global Soil Information System. Appendix 1"
"http://w3id.org/glosis/model/siteplot/groundwaterDepthProperty",,"GL_Plot","groundwaterDepthProperty","Groundwater Depth Property indicates the depth from the soil surface to the water table, which affects soil moisture levels, plant growth, and root penetration. Shallow groundwater can influence soil salinity and nutrient availability, while deep groundwater may limit water access for plants. Source: USDA NRCS, 'Groundwater and Soil'","ISRIC Report 2019/01: Tier 1 and Tier 2 data in the context of the federated Global Soil Information System. Appendix 1"
"http://w3id.org/glosis/model/siteplot/humanInfluenceClassProperty",,"GL_Layer","humanInfluenceClassProperty","Human Influence Class Property classifies the extent of human impact on a landscape or ecosystem, ranging from minimal disturbance to high levels of modification. This classification helps in understanding the effects of urbanization, agriculture, or industrial activity on soil properties and ecosystem functions. Source: FAO, 'Land Degradation Assessment in Drylands'","Guidelines for Soil Description issued by the FAO: table 10"
"http://w3id.org/glosis/model/siteplot/humanInfluenceClassProperty","GL_Surface",,"humanInfluenceClassProperty","Human Influence Class Property classifies the extent of human impact on a landscape or ecosystem, ranging from minimal disturbance to high levels of modification. This classification helps in understanding the effects of urbanization, agriculture, or industrial activity on soil properties and ecosystem functions. Source: FAO, 'Land Degradation Assessment in Drylands'","Guidelines for Soil Description issued by the FAO: table 10"
"http://w3id.org/glosis/model/siteplot/humanInfluenceClassProperty","GL_Profile",,"humanInfluenceClassProperty","Human Influence Class Property classifies the extent of human impact on a landscape or ecosystem, ranging from minimal disturbance to high levels of modification. This classification helps in understanding the effects of urbanization, agriculture, or industrial activity on soil properties and ecosystem functions. Source: FAO, 'Land Degradation Assessment in Drylands'","Guidelines for Soil Description issued by the FAO: table 10"
"http://w3id.org/glosis/model/siteplot/humanInfluenceClassProperty","GL_Plot",,"humanInfluenceClassProperty","Human Influence Class Property classifies the extent of human impact on a landscape or ecosystem, ranging from minimal disturbance to high levels of modification. This classification helps in understanding the effects of urbanization, agriculture, or industrial activity on soil properties and ecosystem functions. Source: FAO, 'Land Degradation Assessment in Drylands'","Guidelines for Soil Description issued by the FAO: table 10"
"http://w3id.org/glosis/model/siteplot/humanInfluenceClassProperty",,"GL_Plot","humanInfluenceClassProperty","Human Influence Class Property classifies the extent of human impact on a landscape or ecosystem, ranging from minimal disturbance to high levels of modification. This classification helps in understanding the effects of urbanization, agriculture, or industrial activity on soil properties and ecosystem functions. Source: FAO, 'Land Degradation Assessment in Drylands'","Guidelines for Soil Description issued by the FAO: table 10"
"http://w3id.org/glosis/model/siteplot/koeppenClassProperty",,"GL_Layer","koeppenClassProperty","Koeppen Class Property refers to the classification of climate zones based on temperature and precipitation patterns, as defined by the Köppen climate classification system. This classification directly influences soil temperature, moisture content, and vegetation types, which in turn affect soil formation and properties. Source: Köppen, W., 'Geiger's Climate Maps'","ISRIC Report 2019/01: Tier 1 and Tier 2 data in the context of the federated Global Soil Information System. Appendix 1"
"http://w3id.org/glosis/model/siteplot/koeppenClassProperty","GL_Surface",,"koeppenClassProperty","Koeppen Class Property refers to the classification of climate zones based on temperature and precipitation patterns, as defined by the Köppen climate classification system. This classification directly influences soil temperature, moisture content, and vegetation types, which in turn affect soil formation and properties. Source: Köppen, W., 'Geiger's Climate Maps'","ISRIC Report 2019/01: Tier 1 and Tier 2 data in the context of the federated Global Soil Information System. Appendix 1"
"http://w3id.org/glosis/model/siteplot/koeppenClassProperty","GL_Profile",,"koeppenClassProperty","Koeppen Class Property refers to the classification of climate zones based on temperature and precipitation patterns, as defined by the Köppen climate classification system. This classification directly influences soil temperature, moisture content, and vegetation types, which in turn affect soil formation and properties. Source: Köppen, W., 'Geiger's Climate Maps'","ISRIC Report 2019/01: Tier 1 and Tier 2 data in the context of the federated Global Soil Information System. Appendix 1"
"http://w3id.org/glosis/model/siteplot/koeppenClassProperty","GL_Plot",,"koeppenClassProperty","Koeppen Class Property refers to the classification of climate zones based on temperature and precipitation patterns, as defined by the Köppen climate classification system. This classification directly influences soil temperature, moisture content, and vegetation types, which in turn affect soil formation and properties. Source: Köppen, W., 'Geiger's Climate Maps'","ISRIC Report 2019/01: Tier 1 and Tier 2 data in the context of the federated Global Soil Information System. Appendix 1"
"http://w3id.org/glosis/model/siteplot/koeppenClassProperty",,"GL_Plot","koeppenClassProperty","Koeppen Class Property refers to the classification of climate zones based on temperature and precipitation patterns, as defined by the Köppen climate classification system. This classification directly influences soil temperature, moisture content, and vegetation types, which in turn affect soil formation and properties. Source: Köppen, W., 'Geiger's Climate Maps'","ISRIC Report 2019/01: Tier 1 and Tier 2 data in the context of the federated Global Soil Information System. Appendix 1"
"http://w3id.org/glosis/model/siteplot/landUseClassProperty",,"GL_Layer","landUseClassProperty","Land Use Class Property refers to the classification of land based on its primary use, such as agricultural, industrial, urban, or natural areas. This property helps assess the impact of land management practices on soil quality, including erosion risks, compaction, and fertility, and is critical for sustainable land-use planning. Source: FAO, 'Land Use and Land Cover Classification'","Guidelines for Soil Description issued by the FAO: table 8"
"http://w3id.org/glosis/model/siteplot/landUseClassProperty","GL_Surface",,"landUseClassProperty","Land Use Class Property refers to the classification of land based on its primary use, such as agricultural, industrial, urban, or natural areas. This property helps assess the impact of land management practices on soil quality, including erosion risks, compaction, and fertility, and is critical for sustainable land-use planning. Source: FAO, 'Land Use and Land Cover Classification'","Guidelines for Soil Description issued by the FAO: table 8"
"http://w3id.org/glosis/model/siteplot/landUseClassProperty","GL_Profile",,"landUseClassProperty","Land Use Class Property refers to the classification of land based on its primary use, such as agricultural, industrial, urban, or natural areas. This property helps assess the impact of land management practices on soil quality, including erosion risks, compaction, and fertility, and is critical for sustainable land-use planning. Source: FAO, 'Land Use and Land Cover Classification'","Guidelines for Soil Description issued by the FAO: table 8"
"http://w3id.org/glosis/model/siteplot/landUseClassProperty","GL_Plot",,"landUseClassProperty","Land Use Class Property refers to the classification of land based on its primary use, such as agricultural, industrial, urban, or natural areas. This property helps assess the impact of land management practices on soil quality, including erosion risks, compaction, and fertility, and is critical for sustainable land-use planning. Source: FAO, 'Land Use and Land Cover Classification'","Guidelines for Soil Description issued by the FAO: table 8"
"http://w3id.org/glosis/model/siteplot/landUseClassProperty",,"GL_Plot","landUseClassProperty","Land Use Class Property refers to the classification of land based on its primary use, such as agricultural, industrial, urban, or natural areas. This property helps assess the impact of land management practices on soil quality, including erosion risks, compaction, and fertility, and is critical for sustainable land-use planning. Source: FAO, 'Land Use and Land Cover Classification'","Guidelines for Soil Description issued by the FAO: table 8"
"http://w3id.org/glosis/model/siteplot/landformComplexProperty",,"GL_Layer","landformComplexProperty","Landform Complex Property describes a region with multiple interrelated landforms such as ridges, valleys, and hills. This property is essential for understanding how diverse landforms within a landscape influence soil distribution, water flow, and erosion patterns, ultimately affecting soil management strategies. Source: FAO, 'Soil Formation and Classification'","Guidelines for Soil Description issued by the FAO: table 5"
"http://w3id.org/glosis/model/siteplot/landformComplexProperty","GL_Surface",,"landformComplexProperty","Landform Complex Property describes a region with multiple interrelated landforms such as ridges, valleys, and hills. This property is essential for understanding how diverse landforms within a landscape influence soil distribution, water flow, and erosion patterns, ultimately affecting soil management strategies. Source: FAO, 'Soil Formation and Classification'","Guidelines for Soil Description issued by the FAO: table 5"
"http://w3id.org/glosis/model/siteplot/landformComplexProperty","GL_Profile",,"landformComplexProperty","Landform Complex Property describes a region with multiple interrelated landforms such as ridges, valleys, and hills. This property is essential for understanding how diverse landforms within a landscape influence soil distribution, water flow, and erosion patterns, ultimately affecting soil management strategies. Source: FAO, 'Soil Formation and Classification'","Guidelines for Soil Description issued by the FAO: table 5"
"http://w3id.org/glosis/model/siteplot/landformComplexProperty","GL_Plot",,"landformComplexProperty","Landform Complex Property describes a region with multiple interrelated landforms such as ridges, valleys, and hills. This property is essential for understanding how diverse landforms within a landscape influence soil distribution, water flow, and erosion patterns, ultimately affecting soil management strategies. Source: FAO, 'Soil Formation and Classification'","Guidelines for Soil Description issued by the FAO: table 5"
"http://w3id.org/glosis/model/siteplot/landformComplexProperty",,"GL_Plot","landformComplexProperty","Landform Complex Property describes a region with multiple interrelated landforms such as ridges, valleys, and hills. This property is essential for understanding how diverse landforms within a landscape influence soil distribution, water flow, and erosion patterns, ultimately affecting soil management strategies. Source: FAO, 'Soil Formation and Classification'","Guidelines for Soil Description issued by the FAO: table 5"
"http://w3id.org/glosis/model/siteplot/lithologyProperty",,"GL_Layer","lithologyProperty","Lithology Property refers to the physical characteristics of the parent material, such as the mineral composition, texture, and structure of the underlying rocks or sediments. The lithology of an area influences soil formation by affecting drainage, nutrient content, and the ability of the soil to support vegetation. Source: AGI, 'Encyclopedia of Geology'","Guidelines for Soil Description issued by the FAO: table 12"
"http://w3id.org/glosis/model/siteplot/lithologyProperty","GL_Surface",,"lithologyProperty","Lithology Property refers to the physical characteristics of the parent material, such as the mineral composition, texture, and structure of the underlying rocks or sediments. The lithology of an area influences soil formation by affecting drainage, nutrient content, and the ability of the soil to support vegetation. Source: AGI, 'Encyclopedia of Geology'","Guidelines for Soil Description issued by the FAO: table 12"
"http://w3id.org/glosis/model/siteplot/lithologyProperty","GL_Profile",,"lithologyProperty","Lithology Property refers to the physical characteristics of the parent material, such as the mineral composition, texture, and structure of the underlying rocks or sediments. The lithology of an area influences soil formation by affecting drainage, nutrient content, and the ability of the soil to support vegetation. Source: AGI, 'Encyclopedia of Geology'","Guidelines for Soil Description issued by the FAO: table 12"
"http://w3id.org/glosis/model/siteplot/lithologyProperty","GL_Plot",,"lithologyProperty","Lithology Property refers to the physical characteristics of the parent material, such as the mineral composition, texture, and structure of the underlying rocks or sediments. The lithology of an area influences soil formation by affecting drainage, nutrient content, and the ability of the soil to support vegetation. Source: AGI, 'Encyclopedia of Geology'","Guidelines for Soil Description issued by the FAO: table 12"
"http://w3id.org/glosis/model/siteplot/lithologyProperty",,"GL_Plot","lithologyProperty","Lithology Property refers to the physical characteristics of the parent material, such as the mineral composition, texture, and structure of the underlying rocks or sediments. The lithology of an area influences soil formation by affecting drainage, nutrient content, and the ability of the soil to support vegetation. Source: AGI, 'Encyclopedia of Geology'","Guidelines for Soil Description issued by the FAO: table 12"
"http://w3id.org/glosis/model/siteplot/majorLandFormProperty",,"GL_Layer","MajorLandFormProperty","Major Land Form Property refers to the significant physical features of the land, such as mountains, valleys, and plateaus, that influence soil development and landscape processes. These landforms shape the flow of water, sediment transport, and nutrient cycling, directly affecting the types of soils that form in different regions. Source: FAO, 'World Soil Resources Report'","Guidelines for Soil Description issued by the FAO: table 4"
"http://w3id.org/glosis/model/siteplot/majorLandFormProperty","GL_Surface",,"MajorLandFormProperty","Major Land Form Property refers to the significant physical features of the land, such as mountains, valleys, and plateaus, that influence soil development and landscape processes. These landforms shape the flow of water, sediment transport, and nutrient cycling, directly affecting the types of soils that form in different regions. Source: FAO, 'World Soil Resources Report'","Guidelines for Soil Description issued by the FAO: table 4"
"http://w3id.org/glosis/model/siteplot/majorLandFormProperty","GL_Profile",,"MajorLandFormProperty","Major Land Form Property refers to the significant physical features of the land, such as mountains, valleys, and plateaus, that influence soil development and landscape processes. These landforms shape the flow of water, sediment transport, and nutrient cycling, directly affecting the types of soils that form in different regions. Source: FAO, 'World Soil Resources Report'","Guidelines for Soil Description issued by the FAO: table 4"
"http://w3id.org/glosis/model/siteplot/majorLandFormProperty","GL_Plot",,"MajorLandFormProperty","Major Land Form Property refers to the significant physical features of the land, such as mountains, valleys, and plateaus, that influence soil development and landscape processes. These landforms shape the flow of water, sediment transport, and nutrient cycling, directly affecting the types of soils that form in different regions. Source: FAO, 'World Soil Resources Report'","Guidelines for Soil Description issued by the FAO: table 4"
"http://w3id.org/glosis/model/siteplot/majorLandFormProperty",,"GL_Plot","MajorLandFormProperty","Major Land Form Property refers to the significant physical features of the land, such as mountains, valleys, and plateaus, that influence soil development and landscape processes. These landforms shape the flow of water, sediment transport, and nutrient cycling, directly affecting the types of soils that form in different regions. Source: FAO, 'World Soil Resources Report'","Guidelines for Soil Description issued by the FAO: table 4"
"http://w3id.org/glosis/model/siteplot/parentDepositionProperty",,"GL_Layer","ParentDepositionProperty","Parent Deposition Property refers to the accumulation of materials, such as sediments or volcanic ash, that contribute to soil formation. These parent materials are deposited through natural processes such as erosion, weathering, or sediment transport, influencing soil texture, nutrient content, and water retention properties. Source: USDA NRCS, 'Soil Genesis and Classification'","Guidelines for Soil Description issued by the FAO: table 16"
"http://w3id.org/glosis/model/siteplot/parentDepositionProperty","GL_Surface",,"ParentDepositionProperty","Parent Deposition Property refers to the accumulation of materials, such as sediments or volcanic ash, that contribute to soil formation. These parent materials are deposited through natural processes such as erosion, weathering, or sediment transport, influencing soil texture, nutrient content, and water retention properties. Source: USDA NRCS, 'Soil Genesis and Classification'","Guidelines for Soil Description issued by the FAO: table 16"
"http://w3id.org/glosis/model/siteplot/parentDepositionProperty","GL_Profile",,"ParentDepositionProperty","Parent Deposition Property refers to the accumulation of materials, such as sediments or volcanic ash, that contribute to soil formation. These parent materials are deposited through natural processes such as erosion, weathering, or sediment transport, influencing soil texture, nutrient content, and water retention properties. Source: USDA NRCS, 'Soil Genesis and Classification'","Guidelines for Soil Description issued by the FAO: table 16"
"http://w3id.org/glosis/model/siteplot/parentDepositionProperty","GL_Plot",,"ParentDepositionProperty","Parent Deposition Property refers to the accumulation of materials, such as sediments or volcanic ash, that contribute to soil formation. These parent materials are deposited through natural processes such as erosion, weathering, or sediment transport, influencing soil texture, nutrient content, and water retention properties. Source: USDA NRCS, 'Soil Genesis and Classification'","Guidelines for Soil Description issued by the FAO: table 16"
"http://w3id.org/glosis/model/siteplot/parentDepositionProperty",,"GL_Plot","ParentDepositionProperty","Parent Deposition Property refers to the accumulation of materials, such as sediments or volcanic ash, that contribute to soil formation. These parent materials are deposited through natural processes such as erosion, weathering, or sediment transport, influencing soil texture, nutrient content, and water retention properties. Source: USDA NRCS, 'Soil Genesis and Classification'","Guidelines for Soil Description issued by the FAO: table 16"
"http://w3id.org/glosis/model/siteplot/parentLithologyProperty",,"GL_Layer","parentLithologyProperty","Parent Lithology Property is the specific geological composition of the parent material (e.g., bedrock or sediment) from which the soil develops. The mineral content and texture of this material directly affect the physical and chemical properties of the soil, such as fertility, permeability, and soil depth. Source: USDA NRCS, 'Soil Genesis and Classification'","Guidelines for Soil Description issued by the FAO: table 12"
"http://w3id.org/glosis/model/siteplot/parentLithologyProperty","GL_Surface",,"parentLithologyProperty","Parent Lithology Property is the specific geological composition of the parent material (e.g., bedrock or sediment) from which the soil develops. The mineral content and texture of this material directly affect the physical and chemical properties of the soil, such as fertility, permeability, and soil depth. Source: USDA NRCS, 'Soil Genesis and Classification'","Guidelines for Soil Description issued by the FAO: table 12"
"http://w3id.org/glosis/model/siteplot/parentLithologyProperty","GL_Profile",,"parentLithologyProperty","Parent Lithology Property is the specific geological composition of the parent material (e.g., bedrock or sediment) from which the soil develops. The mineral content and texture of this material directly affect the physical and chemical properties of the soil, such as fertility, permeability, and soil depth. Source: USDA NRCS, 'Soil Genesis and Classification'","Guidelines for Soil Description issued by the FAO: table 12"
"http://w3id.org/glosis/model/siteplot/parentLithologyProperty","GL_Plot",,"parentLithologyProperty","Parent Lithology Property is the specific geological composition of the parent material (e.g., bedrock or sediment) from which the soil develops. The mineral content and texture of this material directly affect the physical and chemical properties of the soil, such as fertility, permeability, and soil depth. Source: USDA NRCS, 'Soil Genesis and Classification'","Guidelines for Soil Description issued by the FAO: table 12"
"http://w3id.org/glosis/model/siteplot/parentLithologyProperty",,"GL_Plot","parentLithologyProperty","Parent Lithology Property is the specific geological composition of the parent material (e.g., bedrock or sediment) from which the soil develops. The mineral content and texture of this material directly affect the physical and chemical properties of the soil, such as fertility, permeability, and soil depth. Source: USDA NRCS, 'Soil Genesis and Classification'","Guidelines for Soil Description issued by the FAO: table 12"
"http://w3id.org/glosis/model/siteplot/pavedAbundanceProperty",,"GL_Layer","PavedAbundanceProperty","Paved Abundance Property measures the extent of land covered by impervious surfaces, such as roads, parking lots, and buildings. The abundance of paved surfaces affects soil by reducing water infiltration, increasing runoff, and contributing to soil compaction in surrounding areas. High levels of paved surfaces can exacerbate flooding and decrease soil health. Source: FAO, 'Urban Soil Management'","ISRIC Report 2019/01: Tier 1 and Tier 2 data in the context of the federated Global Soil Information System. Appendix 1"
"http://w3id.org/glosis/model/siteplot/pavedAbundanceProperty","GL_Surface",,"PavedAbundanceProperty","Paved Abundance Property measures the extent of land covered by impervious surfaces, such as roads, parking lots, and buildings. The abundance of paved surfaces affects soil by reducing water infiltration, increasing runoff, and contributing to soil compaction in surrounding areas. High levels of paved surfaces can exacerbate flooding and decrease soil health. Source: FAO, 'Urban Soil Management'","ISRIC Report 2019/01: Tier 1 and Tier 2 data in the context of the federated Global Soil Information System. Appendix 1"
"http://w3id.org/glosis/model/siteplot/pavedAbundanceProperty","GL_Profile",,"PavedAbundanceProperty","Paved Abundance Property measures the extent of land covered by impervious surfaces, such as roads, parking lots, and buildings. The abundance of paved surfaces affects soil by reducing water infiltration, increasing runoff, and contributing to soil compaction in surrounding areas. High levels of paved surfaces can exacerbate flooding and decrease soil health. Source: FAO, 'Urban Soil Management'","ISRIC Report 2019/01: Tier 1 and Tier 2 data in the context of the federated Global Soil Information System. Appendix 1"
"http://w3id.org/glosis/model/siteplot/pavedAbundanceProperty","GL_Plot",,"PavedAbundanceProperty","Paved Abundance Property measures the extent of land covered by impervious surfaces, such as roads, parking lots, and buildings. The abundance of paved surfaces affects soil by reducing water infiltration, increasing runoff, and contributing to soil compaction in surrounding areas. High levels of paved surfaces can exacerbate flooding and decrease soil health. Source: FAO, 'Urban Soil Management'","ISRIC Report 2019/01: Tier 1 and Tier 2 data in the context of the federated Global Soil Information System. Appendix 1"
"http://w3id.org/glosis/model/siteplot/pavedAbundanceProperty",,"GL_Plot","PavedAbundanceProperty","Paved Abundance Property measures the extent of land covered by impervious surfaces, such as roads, parking lots, and buildings. The abundance of paved surfaces affects soil by reducing water infiltration, increasing runoff, and contributing to soil compaction in surrounding areas. High levels of paved surfaces can exacerbate flooding and decrease soil health. Source: FAO, 'Urban Soil Management'","ISRIC Report 2019/01: Tier 1 and Tier 2 data in the context of the federated Global Soil Information System. Appendix 1"
"http://w3id.org/glosis/model/siteplot/physiographyProperty",,"GL_Layer","PhysiographyProperty","Physiography Property describes the physical characteristics of a landscape, including its landforms, slopes, and elevation. These features influence soil properties such as drainage, erosion, and moisture retention, helping to determine soil suitability for various land uses. Source: FAO, 'Soil Geography and Mapping'","Guidelines for Soil Description issued by the FAO: figure 2"
"http://w3id.org/glosis/model/siteplot/physiographyProperty","GL_Surface",,"PhysiographyProperty","Physiography Property describes the physical characteristics of a landscape, including its landforms, slopes, and elevation. These features influence soil properties such as drainage, erosion, and moisture retention, helping to determine soil suitability for various land uses. Source: FAO, 'Soil Geography and Mapping'","Guidelines for Soil Description issued by the FAO: figure 2"
"http://w3id.org/glosis/model/siteplot/physiographyProperty","GL_Profile",,"PhysiographyProperty","Physiography Property describes the physical characteristics of a landscape, including its landforms, slopes, and elevation. These features influence soil properties such as drainage, erosion, and moisture retention, helping to determine soil suitability for various land uses. Source: FAO, 'Soil Geography and Mapping'","Guidelines for Soil Description issued by the FAO: figure 2"
"http://w3id.org/glosis/model/siteplot/physiographyProperty","GL_Plot",,"PhysiographyProperty","Physiography Property describes the physical characteristics of a landscape, including its landforms, slopes, and elevation. These features influence soil properties such as drainage, erosion, and moisture retention, helping to determine soil suitability for various land uses. Source: FAO, 'Soil Geography and Mapping'","Guidelines for Soil Description issued by the FAO: figure 2"
"http://w3id.org/glosis/model/siteplot/physiographyProperty",,"GL_Plot","PhysiographyProperty","Physiography Property describes the physical characteristics of a landscape, including its landforms, slopes, and elevation. These features influence soil properties such as drainage, erosion, and moisture retention, helping to determine soil suitability for various land uses. Source: FAO, 'Soil Geography and Mapping'","Guidelines for Soil Description issued by the FAO: figure 2"
"http://w3id.org/glosis/model/siteplot/rockOutcropsCoverProperty",,"GL_Layer","rockOutcropsCoverProperty","Rock Outcrops Cover Property measures the extent to which rock outcrops (exposed bedrock or rock masses) cover the landscape. The presence of rock outcrops can influence soil depth and water retention, as well as contribute to erosion and landscape stability, particularly in areas with minimal soil cover. Source: USDA NRCS, 'Soil Survey Manual'","Guidelines for Soil Description issued by the FAO: table 14,1"
"http://w3id.org/glosis/model/siteplot/rockOutcropsCoverProperty","GL_Surface",,"rockOutcropsCoverProperty","Rock Outcrops Cover Property measures the extent to which rock outcrops (exposed bedrock or rock masses) cover the landscape. The presence of rock outcrops can influence soil depth and water retention, as well as contribute to erosion and landscape stability, particularly in areas with minimal soil cover. Source: USDA NRCS, 'Soil Survey Manual'","Guidelines for Soil Description issued by the FAO: table 14,1"
"http://w3id.org/glosis/model/siteplot/rockOutcropsCoverProperty","GL_Profile",,"rockOutcropsCoverProperty","Rock Outcrops Cover Property measures the extent to which rock outcrops (exposed bedrock or rock masses) cover the landscape. The presence of rock outcrops can influence soil depth and water retention, as well as contribute to erosion and landscape stability, particularly in areas with minimal soil cover. Source: USDA NRCS, 'Soil Survey Manual'","Guidelines for Soil Description issued by the FAO: table 14,1"
"http://w3id.org/glosis/model/siteplot/rockOutcropsCoverProperty","GL_Plot",,"rockOutcropsCoverProperty","Rock Outcrops Cover Property measures the extent to which rock outcrops (exposed bedrock or rock masses) cover the landscape. The presence of rock outcrops can influence soil depth and water retention, as well as contribute to erosion and landscape stability, particularly in areas with minimal soil cover. Source: USDA NRCS, 'Soil Survey Manual'","Guidelines for Soil Description issued by the FAO: table 14,1"
"http://w3id.org/glosis/model/siteplot/rockOutcropsCoverProperty",,"GL_Plot","rockOutcropsCoverProperty","Rock Outcrops Cover Property measures the extent to which rock outcrops (exposed bedrock or rock masses) cover the landscape. The presence of rock outcrops can influence soil depth and water retention, as well as contribute to erosion and landscape stability, particularly in areas with minimal soil cover. Source: USDA NRCS, 'Soil Survey Manual'","Guidelines for Soil Description issued by the FAO: table 14,1"
"http://w3id.org/glosis/model/siteplot/rockOutcropsDistanceProperty",,"GL_Layer","rockOutcropsDistanceProperty","Rock Outcrops Distance Property quantifies the distance from a given point or area to the nearest rock outcrop. The proximity to rock outcrops can influence soil development, with areas closer to outcrops often having thinner soils and higher vulnerability to erosion. Source: FAO, 'Soil Formation and Classification'","Guidelines for Soil Description issued by the FAO: table 14,2"
"http://w3id.org/glosis/model/siteplot/rockOutcropsDistanceProperty","GL_Surface",,"rockOutcropsDistanceProperty","Rock Outcrops Distance Property quantifies the distance from a given point or area to the nearest rock outcrop. The proximity to rock outcrops can influence soil development, with areas closer to outcrops often having thinner soils and higher vulnerability to erosion. Source: FAO, 'Soil Formation and Classification'","Guidelines for Soil Description issued by the FAO: table 14,2"
"http://w3id.org/glosis/model/siteplot/rockOutcropsDistanceProperty","GL_Profile",,"rockOutcropsDistanceProperty","Rock Outcrops Distance Property quantifies the distance from a given point or area to the nearest rock outcrop. The proximity to rock outcrops can influence soil development, with areas closer to outcrops often having thinner soils and higher vulnerability to erosion. Source: FAO, 'Soil Formation and Classification'","Guidelines for Soil Description issued by the FAO: table 14,2"
"http://w3id.org/glosis/model/siteplot/rockOutcropsDistanceProperty","GL_Plot",,"rockOutcropsDistanceProperty","Rock Outcrops Distance Property quantifies the distance from a given point or area to the nearest rock outcrop. The proximity to rock outcrops can influence soil development, with areas closer to outcrops often having thinner soils and higher vulnerability to erosion. Source: FAO, 'Soil Formation and Classification'","Guidelines for Soil Description issued by the FAO: table 14,2"
"http://w3id.org/glosis/model/siteplot/rockOutcropsDistanceProperty",,"GL_Plot","rockOutcropsDistanceProperty","Rock Outcrops Distance Property quantifies the distance from a given point or area to the nearest rock outcrop. The proximity to rock outcrops can influence soil development, with areas closer to outcrops often having thinner soils and higher vulnerability to erosion. Source: FAO, 'Soil Formation and Classification'","Guidelines for Soil Description issued by the FAO: table 14,2"
"http://w3id.org/glosis/model/siteplot/shrubsAbundanceProperty",,"GL_Layer","shrubsAbundanceProperty","Shrubs Abundance Property refers to the extent or abundance of shrub vegetation in a given area. Shrubs influence soil structure by reducing erosion, improving soil organic matter through leaf litter, and enhancing nutrient cycling. They are also indicators of ecosystem health in many terrestrial environments. Source: FAO, 'Vegetation and Land Use in Arid Zones'","ISRIC Report 2019/01: Tier 1 and Tier 2 data in the context of the federated Global Soil Information System. Appendix 1"
"http://w3id.org/glosis/model/siteplot/shrubsAbundanceProperty","GL_Surface",,"shrubsAbundanceProperty","Shrubs Abundance Property refers to the extent or abundance of shrub vegetation in a given area. Shrubs influence soil structure by reducing erosion, improving soil organic matter through leaf litter, and enhancing nutrient cycling. They are also indicators of ecosystem health in many terrestrial environments. Source: FAO, 'Vegetation and Land Use in Arid Zones'","ISRIC Report 2019/01: Tier 1 and Tier 2 data in the context of the federated Global Soil Information System. Appendix 1"
"http://w3id.org/glosis/model/siteplot/shrubsAbundanceProperty","GL_Profile",,"shrubsAbundanceProperty","Shrubs Abundance Property refers to the extent or abundance of shrub vegetation in a given area. Shrubs influence soil structure by reducing erosion, improving soil organic matter through leaf litter, and enhancing nutrient cycling. They are also indicators of ecosystem health in many terrestrial environments. Source: FAO, 'Vegetation and Land Use in Arid Zones'","ISRIC Report 2019/01: Tier 1 and Tier 2 data in the context of the federated Global Soil Information System. Appendix 1"
"http://w3id.org/glosis/model/siteplot/shrubsAbundanceProperty","GL_Plot",,"shrubsAbundanceProperty","Shrubs Abundance Property refers to the extent or abundance of shrub vegetation in a given area. Shrubs influence soil structure by reducing erosion, improving soil organic matter through leaf litter, and enhancing nutrient cycling. They are also indicators of ecosystem health in many terrestrial environments. Source: FAO, 'Vegetation and Land Use in Arid Zones'","ISRIC Report 2019/01: Tier 1 and Tier 2 data in the context of the federated Global Soil Information System. Appendix 1"
"http://w3id.org/glosis/model/siteplot/shrubsAbundanceProperty",,"GL_Plot","shrubsAbundanceProperty","Shrubs Abundance Property refers to the extent or abundance of shrub vegetation in a given area. Shrubs influence soil structure by reducing erosion, improving soil organic matter through leaf litter, and enhancing nutrient cycling. They are also indicators of ecosystem health in many terrestrial environments. Source: FAO, 'Vegetation and Land Use in Arid Zones'","ISRIC Report 2019/01: Tier 1 and Tier 2 data in the context of the federated Global Soil Information System. Appendix 1"
"http://w3id.org/glosis/model/siteplot/slopeFormProperty",,"GL_Layer","slopeFormProperty","Slope Form Property describes the shape or curvature of a slope, including its concave, convex, or straight profile. Slope form affects water runoff, erosion rates, and soil accumulation, influencing both the fertility and stability of the soil in hilly or mountainous regions. Source: FAO, 'Soil and Water Conservation'","Guidelines for Soil Description issued by the FAO: table 6"
"http://w3id.org/glosis/model/siteplot/slopeFormProperty","GL_Surface",,"slopeFormProperty","Slope Form Property describes the shape or curvature of a slope, including its concave, convex, or straight profile. Slope form affects water runoff, erosion rates, and soil accumulation, influencing both the fertility and stability of the soil in hilly or mountainous regions. Source: FAO, 'Soil and Water Conservation'","Guidelines for Soil Description issued by the FAO: table 6"
"http://w3id.org/glosis/model/siteplot/slopeFormProperty","GL_Profile",,"slopeFormProperty","Slope Form Property describes the shape or curvature of a slope, including its concave, convex, or straight profile. Slope form affects water runoff, erosion rates, and soil accumulation, influencing both the fertility and stability of the soil in hilly or mountainous regions. Source: FAO, 'Soil and Water Conservation'","Guidelines for Soil Description issued by the FAO: table 6"
"http://w3id.org/glosis/model/siteplot/slopeFormProperty","GL_Plot",,"slopeFormProperty","Slope Form Property describes the shape or curvature of a slope, including its concave, convex, or straight profile. Slope form affects water runoff, erosion rates, and soil accumulation, influencing both the fertility and stability of the soil in hilly or mountainous regions. Source: FAO, 'Soil and Water Conservation'","Guidelines for Soil Description issued by the FAO: table 6"
"http://w3id.org/glosis/model/siteplot/slopeFormProperty",,"GL_Plot","slopeFormProperty","Slope Form Property describes the shape or curvature of a slope, including its concave, convex, or straight profile. Slope form affects water runoff, erosion rates, and soil accumulation, influencing both the fertility and stability of the soil in hilly or mountainous regions. Source: FAO, 'Soil and Water Conservation'","Guidelines for Soil Description issued by the FAO: table 6"
"http://w3id.org/glosis/model/siteplot/slopeGradientClassProperty",,"GL_Layer","slopeGradientClassProperty","Slope Gradient Class Property refers to the classification of slope steepness, such as flat, moderate, or steep, based on its angle. The gradient of a slope influences soil erosion rates, water drainage, and the suitability of land for agriculture, with steeper slopes typically being more prone to erosion. Source: USDA NRCS, 'Soil Erosion and Conservation'","Guidelines for Soil Description issued by the FAO: table 7"
"http://w3id.org/glosis/model/siteplot/slopeGradientClassProperty","GL_Surface",,"slopeGradientClassProperty","Slope Gradient Class Property refers to the classification of slope steepness, such as flat, moderate, or steep, based on its angle. The gradient of a slope influences soil erosion rates, water drainage, and the suitability of land for agriculture, with steeper slopes typically being more prone to erosion. Source: USDA NRCS, 'Soil Erosion and Conservation'","Guidelines for Soil Description issued by the FAO: table 7"
"http://w3id.org/glosis/model/siteplot/slopeGradientClassProperty","GL_Profile",,"slopeGradientClassProperty","Slope Gradient Class Property refers to the classification of slope steepness, such as flat, moderate, or steep, based on its angle. The gradient of a slope influences soil erosion rates, water drainage, and the suitability of land for agriculture, with steeper slopes typically being more prone to erosion. Source: USDA NRCS, 'Soil Erosion and Conservation'","Guidelines for Soil Description issued by the FAO: table 7"
"http://w3id.org/glosis/model/siteplot/slopeGradientClassProperty","GL_Plot",,"slopeGradientClassProperty","Slope Gradient Class Property refers to the classification of slope steepness, such as flat, moderate, or steep, based on its angle. The gradient of a slope influences soil erosion rates, water drainage, and the suitability of land for agriculture, with steeper slopes typically being more prone to erosion. Source: USDA NRCS, 'Soil Erosion and Conservation'","Guidelines for Soil Description issued by the FAO: table 7"
"http://w3id.org/glosis/model/siteplot/slopeGradientClassProperty",,"GL_Plot","slopeGradientClassProperty","Slope Gradient Class Property refers to the classification of slope steepness, such as flat, moderate, or steep, based on its angle. The gradient of a slope influences soil erosion rates, water drainage, and the suitability of land for agriculture, with steeper slopes typically being more prone to erosion. Source: USDA NRCS, 'Soil Erosion and Conservation'","Guidelines for Soil Description issued by the FAO: table 7"
"http://w3id.org/glosis/model/siteplot/slopeGradientProperty",,"GL_Layer","slopeGradientProperty","Slope Gradient Property refers to the numerical measurement of the steepness of a slope, usually expressed as a percentage or angle. This property is crucial in determining soil erosion potential, water runoff, and suitability for land use, as steeper slopes are more prone to erosion and less suitable for cultivation without proper soil conservation measures. Source: USDA NRCS, 'Soil Erosion and Conservation'","ISRIC Report 2019/01: Tier 1 and Tier 2 data in the context of the federated Global Soil Information System. Appendix 1"
"http://w3id.org/glosis/model/siteplot/slopeGradientProperty","GL_Surface",,"slopeGradientProperty","Slope Gradient Property refers to the numerical measurement of the steepness of a slope, usually expressed as a percentage or angle. This property is crucial in determining soil erosion potential, water runoff, and suitability for land use, as steeper slopes are more prone to erosion and less suitable for cultivation without proper soil conservation measures. Source: USDA NRCS, 'Soil Erosion and Conservation'","ISRIC Report 2019/01: Tier 1 and Tier 2 data in the context of the federated Global Soil Information System. Appendix 1"
"http://w3id.org/glosis/model/siteplot/slopeGradientProperty","GL_Profile",,"slopeGradientProperty","Slope Gradient Property refers to the numerical measurement of the steepness of a slope, usually expressed as a percentage or angle. This property is crucial in determining soil erosion potential, water runoff, and suitability for land use, as steeper slopes are more prone to erosion and less suitable for cultivation without proper soil conservation measures. Source: USDA NRCS, 'Soil Erosion and Conservation'","ISRIC Report 2019/01: Tier 1 and Tier 2 data in the context of the federated Global Soil Information System. Appendix 1"
"http://w3id.org/glosis/model/siteplot/slopeGradientProperty","GL_Plot",,"slopeGradientProperty","Slope Gradient Property refers to the numerical measurement of the steepness of a slope, usually expressed as a percentage or angle. This property is crucial in determining soil erosion potential, water runoff, and suitability for land use, as steeper slopes are more prone to erosion and less suitable for cultivation without proper soil conservation measures. Source: USDA NRCS, 'Soil Erosion and Conservation'","ISRIC Report 2019/01: Tier 1 and Tier 2 data in the context of the federated Global Soil Information System. Appendix 1"
"http://w3id.org/glosis/model/siteplot/slopeGradientProperty",,"GL_Plot","slopeGradientProperty","Slope Gradient Property refers to the numerical measurement of the steepness of a slope, usually expressed as a percentage or angle. This property is crucial in determining soil erosion potential, water runoff, and suitability for land use, as steeper slopes are more prone to erosion and less suitable for cultivation without proper soil conservation measures. Source: USDA NRCS, 'Soil Erosion and Conservation'","ISRIC Report 2019/01: Tier 1 and Tier 2 data in the context of the federated Global Soil Information System. Appendix 1"
"http://w3id.org/glosis/model/siteplot/slopeOrientationClassProperty",,"GL_Layer","slopeOrientationClassProperty","Slope Orientation Class Property classifies the direction in which a slope faces (north, south, east, west) and can significantly affect local climate conditions, such as sunlight exposure, moisture, and temperature. For instance, south-facing slopes in the Northern Hemisphere receive more sunlight, influencing soil temperature, vegetation types, and soil moisture availability. Source: FAO, 'Soil and Water Conservation'","ISRIC Report 2019/01: Tier 1 and Tier 2 data in the context of the federated Global Soil Information System. Appendix 1"
"http://w3id.org/glosis/model/siteplot/slopeOrientationClassProperty","GL_Surface",,"slopeOrientationClassProperty","Slope Orientation Class Property classifies the direction in which a slope faces (north, south, east, west) and can significantly affect local climate conditions, such as sunlight exposure, moisture, and temperature. For instance, south-facing slopes in the Northern Hemisphere receive more sunlight, influencing soil temperature, vegetation types, and soil moisture availability. Source: FAO, 'Soil and Water Conservation'","ISRIC Report 2019/01: Tier 1 and Tier 2 data in the context of the federated Global Soil Information System. Appendix 1"
"http://w3id.org/glosis/model/siteplot/slopeOrientationClassProperty","GL_Profile",,"slopeOrientationClassProperty","Slope Orientation Class Property classifies the direction in which a slope faces (north, south, east, west) and can significantly affect local climate conditions, such as sunlight exposure, moisture, and temperature. For instance, south-facing slopes in the Northern Hemisphere receive more sunlight, influencing soil temperature, vegetation types, and soil moisture availability. Source: FAO, 'Soil and Water Conservation'","ISRIC Report 2019/01: Tier 1 and Tier 2 data in the context of the federated Global Soil Information System. Appendix 1"
"http://w3id.org/glosis/model/siteplot/slopeOrientationClassProperty","GL_Plot",,"slopeOrientationClassProperty","Slope Orientation Class Property classifies the direction in which a slope faces (north, south, east, west) and can significantly affect local climate conditions, such as sunlight exposure, moisture, and temperature. For instance, south-facing slopes in the Northern Hemisphere receive more sunlight, influencing soil temperature, vegetation types, and soil moisture availability. Source: FAO, 'Soil and Water Conservation'","ISRIC Report 2019/01: Tier 1 and Tier 2 data in the context of the federated Global Soil Information System. Appendix 1"
"http://w3id.org/glosis/model/siteplot/slopeOrientationClassProperty",,"GL_Plot","slopeOrientationClassProperty","Slope Orientation Class Property classifies the direction in which a slope faces (north, south, east, west) and can significantly affect local climate conditions, such as sunlight exposure, moisture, and temperature. For instance, south-facing slopes in the Northern Hemisphere receive more sunlight, influencing soil temperature, vegetation types, and soil moisture availability. Source: FAO, 'Soil and Water Conservation'","ISRIC Report 2019/01: Tier 1 and Tier 2 data in the context of the federated Global Soil Information System. Appendix 1"
"http://w3id.org/glosis/model/siteplot/slopeOrientationProperty",,"GL_Layer","slopeOrientationProperty","Slope Orientation Property refers to the precise directional orientation of a slope, measured in degrees from a cardinal direction (e.g., 0° for north, 180° for south). The slope orientation impacts factors such as solar radiation, evaporation rates, and vegetation cover, all of which affect soil temperature, moisture retention, and erosion potential. Source: USDA NRCS, 'Soil Erosion and Landscape Analysis'","ISRIC Report 2019/01: Tier 1 and Tier 2 data in the context of the federated Global Soil Information System. Appendix 1"
"http://w3id.org/glosis/model/siteplot/slopeOrientationProperty","GL_Surface",,"slopeOrientationProperty","Slope Orientation Property refers to the precise directional orientation of a slope, measured in degrees from a cardinal direction (e.g., 0° for north, 180° for south). The slope orientation impacts factors such as solar radiation, evaporation rates, and vegetation cover, all of which affect soil temperature, moisture retention, and erosion potential. Source: USDA NRCS, 'Soil Erosion and Landscape Analysis'","ISRIC Report 2019/01: Tier 1 and Tier 2 data in the context of the federated Global Soil Information System. Appendix 1"
"http://w3id.org/glosis/model/siteplot/slopeOrientationProperty","GL_Profile",,"slopeOrientationProperty","Slope Orientation Property refers to the precise directional orientation of a slope, measured in degrees from a cardinal direction (e.g., 0° for north, 180° for south). The slope orientation impacts factors such as solar radiation, evaporation rates, and vegetation cover, all of which affect soil temperature, moisture retention, and erosion potential. Source: USDA NRCS, 'Soil Erosion and Landscape Analysis'","ISRIC Report 2019/01: Tier 1 and Tier 2 data in the context of the federated Global Soil Information System. Appendix 1"
"http://w3id.org/glosis/model/siteplot/slopeOrientationProperty","GL_Plot",,"slopeOrientationProperty","Slope Orientation Property refers to the precise directional orientation of a slope, measured in degrees from a cardinal direction (e.g., 0° for north, 180° for south). The slope orientation impacts factors such as solar radiation, evaporation rates, and vegetation cover, all of which affect soil temperature, moisture retention, and erosion potential. Source: USDA NRCS, 'Soil Erosion and Landscape Analysis'","ISRIC Report 2019/01: Tier 1 and Tier 2 data in the context of the federated Global Soil Information System. Appendix 1"
"http://w3id.org/glosis/model/siteplot/slopeOrientationProperty",,"GL_Plot","slopeOrientationProperty","Slope Orientation Property refers to the precise directional orientation of a slope, measured in degrees from a cardinal direction (e.g., 0° for north, 180° for south). The slope orientation impacts factors such as solar radiation, evaporation rates, and vegetation cover, all of which affect soil temperature, moisture retention, and erosion potential. Source: USDA NRCS, 'Soil Erosion and Landscape Analysis'","ISRIC Report 2019/01: Tier 1 and Tier 2 data in the context of the federated Global Soil Information System. Appendix 1"
"http://w3id.org/glosis/model/siteplot/slopePathwaysProperty",,"GL_Layer","slopePathwaysProperty","Slope Pathways Property identifies the natural flow paths of water, sediment, or other materials across a slope. These pathways, often defined by the topography, influence how water moves, erodes soil, and accumulates nutrients or contaminants. Understanding these pathways is critical for effective erosion control and water management in sloped areas. Source: FAO, 'Soil Erosion and Conservation'","Guidelines for Soil Description issued by the FAO: figure 3"
"http://w3id.org/glosis/model/siteplot/slopePathwaysProperty","GL_Surface",,"slopePathwaysProperty","Slope Pathways Property identifies the natural flow paths of water, sediment, or other materials across a slope. These pathways, often defined by the topography, influence how water moves, erodes soil, and accumulates nutrients or contaminants. Understanding these pathways is critical for effective erosion control and water management in sloped areas. Source: FAO, 'Soil Erosion and Conservation'","Guidelines for Soil Description issued by the FAO: figure 3"
"http://w3id.org/glosis/model/siteplot/slopePathwaysProperty","GL_Profile",,"slopePathwaysProperty","Slope Pathways Property identifies the natural flow paths of water, sediment, or other materials across a slope. These pathways, often defined by the topography, influence how water moves, erodes soil, and accumulates nutrients or contaminants. Understanding these pathways is critical for effective erosion control and water management in sloped areas. Source: FAO, 'Soil Erosion and Conservation'","Guidelines for Soil Description issued by the FAO: figure 3"
"http://w3id.org/glosis/model/siteplot/slopePathwaysProperty","GL_Plot",,"slopePathwaysProperty","Slope Pathways Property identifies the natural flow paths of water, sediment, or other materials across a slope. These pathways, often defined by the topography, influence how water moves, erodes soil, and accumulates nutrients or contaminants. Understanding these pathways is critical for effective erosion control and water management in sloped areas. Source: FAO, 'Soil Erosion and Conservation'","Guidelines for Soil Description issued by the FAO: figure 3"
"http://w3id.org/glosis/model/siteplot/slopePathwaysProperty",,"GL_Plot","slopePathwaysProperty","Slope Pathways Property identifies the natural flow paths of water, sediment, or other materials across a slope. These pathways, often defined by the topography, influence how water moves, erodes soil, and accumulates nutrients or contaminants. Understanding these pathways is critical for effective erosion control and water management in sloped areas. Source: FAO, 'Soil Erosion and Conservation'","Guidelines for Soil Description issued by the FAO: figure 3"
"http://w3id.org/glosis/model/siteplot/surfaceAgeProperty",,"GL_Layer","surfaceAgeProperty","Surface Age Property refers to the estimated age of a surface layer of soil or landform, which is important for understanding the degree of soil weathering, development, and fertility. Older surfaces may have more developed soils, while younger surfaces may be less fertile and more prone to erosion. Source: FAO, 'Soil Formation and Evolution'","Guidelines for Soil Description issued by the FAO: table 13"
"http://w3id.org/glosis/model/siteplot/surfaceAgeProperty","GL_Surface",,"surfaceAgeProperty","Surface Age Property refers to the estimated age of a surface layer of soil or landform, which is important for understanding the degree of soil weathering, development, and fertility. Older surfaces may have more developed soils, while younger surfaces may be less fertile and more prone to erosion. Source: FAO, 'Soil Formation and Evolution'","Guidelines for Soil Description issued by the FAO: table 13"
"http://w3id.org/glosis/model/siteplot/surfaceAgeProperty","GL_Profile",,"surfaceAgeProperty","Surface Age Property refers to the estimated age of a surface layer of soil or landform, which is important for understanding the degree of soil weathering, development, and fertility. Older surfaces may have more developed soils, while younger surfaces may be less fertile and more prone to erosion. Source: FAO, 'Soil Formation and Evolution'","Guidelines for Soil Description issued by the FAO: table 13"
"http://w3id.org/glosis/model/siteplot/surfaceAgeProperty","GL_Plot",,"surfaceAgeProperty","Surface Age Property refers to the estimated age of a surface layer of soil or landform, which is important for understanding the degree of soil weathering, development, and fertility. Older surfaces may have more developed soils, while younger surfaces may be less fertile and more prone to erosion. Source: FAO, 'Soil Formation and Evolution'","Guidelines for Soil Description issued by the FAO: table 13"
"http://w3id.org/glosis/model/siteplot/surfaceAgeProperty",,"GL_Plot","surfaceAgeProperty","Surface Age Property refers to the estimated age of a surface layer of soil or landform, which is important for understanding the degree of soil weathering, development, and fertility. Older surfaces may have more developed soils, while younger surfaces may be less fertile and more prone to erosion. Source: FAO, 'Soil Formation and Evolution'","Guidelines for Soil Description issued by the FAO: table 13"
"http://w3id.org/glosis/model/siteplot/treeDensityProperty",,"GL_Layer","treeDensityProperty","Tree Density Property refers to the number of trees per unit area, usually expressed as trees per hectare. High tree density is often associated with forested ecosystems that contribute to soil fertility through organic matter inputs, root structures that stabilize the soil, and enhanced moisture retention. Source: FAO, 'Forest Resources Assessment'","ISRIC Report 2019/01: Tier 1 and Tier 2 data in the context of the federated Global Soil Information System. Appendix 1"
"http://w3id.org/glosis/model/siteplot/treeDensityProperty","GL_Surface",,"treeDensityProperty","Tree Density Property refers to the number of trees per unit area, usually expressed as trees per hectare. High tree density is often associated with forested ecosystems that contribute to soil fertility through organic matter inputs, root structures that stabilize the soil, and enhanced moisture retention. Source: FAO, 'Forest Resources Assessment'","ISRIC Report 2019/01: Tier 1 and Tier 2 data in the context of the federated Global Soil Information System. Appendix 1"
"http://w3id.org/glosis/model/siteplot/treeDensityProperty","GL_Profile",,"treeDensityProperty","Tree Density Property refers to the number of trees per unit area, usually expressed as trees per hectare. High tree density is often associated with forested ecosystems that contribute to soil fertility through organic matter inputs, root structures that stabilize the soil, and enhanced moisture retention. Source: FAO, 'Forest Resources Assessment'","ISRIC Report 2019/01: Tier 1 and Tier 2 data in the context of the federated Global Soil Information System. Appendix 1"
"http://w3id.org/glosis/model/siteplot/treeDensityProperty","GL_Plot",,"treeDensityProperty","Tree Density Property refers to the number of trees per unit area, usually expressed as trees per hectare. High tree density is often associated with forested ecosystems that contribute to soil fertility through organic matter inputs, root structures that stabilize the soil, and enhanced moisture retention. Source: FAO, 'Forest Resources Assessment'","ISRIC Report 2019/01: Tier 1 and Tier 2 data in the context of the federated Global Soil Information System. Appendix 1"
"http://w3id.org/glosis/model/siteplot/treeDensityProperty",,"GL_Plot","treeDensityProperty","Tree Density Property refers to the number of trees per unit area, usually expressed as trees per hectare. High tree density is often associated with forested ecosystems that contribute to soil fertility through organic matter inputs, root structures that stabilize the soil, and enhanced moisture retention. Source: FAO, 'Forest Resources Assessment'","ISRIC Report 2019/01: Tier 1 and Tier 2 data in the context of the federated Global Soil Information System. Appendix 1"
"http://w3id.org/glosis/model/siteplot/vegetationClassProperty",,"GL_Layer","VegetationClassProperty","Vegetation Class Property refers to the categorization of vegetation types based on species composition and structure, such as forests, grasslands, and wetlands. The class of vegetation affects soil fertility, microbial activity, and water retention, which in turn influences agricultural potential and ecosystem services. Source: FAO, 'Vegetation and Land Use in Arid Zones'","Guidelines for Soil Description issued by the FAO: table 11"
"http://w3id.org/glosis/model/siteplot/vegetationClassProperty","GL_Surface",,"VegetationClassProperty","Vegetation Class Property refers to the categorization of vegetation types based on species composition and structure, such as forests, grasslands, and wetlands. The class of vegetation affects soil fertility, microbial activity, and water retention, which in turn influences agricultural potential and ecosystem services. Source: FAO, 'Vegetation and Land Use in Arid Zones'","Guidelines for Soil Description issued by the FAO: table 11"
"http://w3id.org/glosis/model/siteplot/vegetationClassProperty","GL_Profile",,"VegetationClassProperty","Vegetation Class Property refers to the categorization of vegetation types based on species composition and structure, such as forests, grasslands, and wetlands. The class of vegetation affects soil fertility, microbial activity, and water retention, which in turn influences agricultural potential and ecosystem services. Source: FAO, 'Vegetation and Land Use in Arid Zones'","Guidelines for Soil Description issued by the FAO: table 11"
"http://w3id.org/glosis/model/siteplot/vegetationClassProperty","GL_Plot",,"VegetationClassProperty","Vegetation Class Property refers to the categorization of vegetation types based on species composition and structure, such as forests, grasslands, and wetlands. The class of vegetation affects soil fertility, microbial activity, and water retention, which in turn influences agricultural potential and ecosystem services. Source: FAO, 'Vegetation and Land Use in Arid Zones'","Guidelines for Soil Description issued by the FAO: table 11"
"http://w3id.org/glosis/model/siteplot/vegetationClassProperty",,"GL_Plot","VegetationClassProperty","Vegetation Class Property refers to the categorization of vegetation types based on species composition and structure, such as forests, grasslands, and wetlands. The class of vegetation affects soil fertility, microbial activity, and water retention, which in turn influences agricultural potential and ecosystem services. Source: FAO, 'Vegetation and Land Use in Arid Zones'","Guidelines for Soil Description issued by the FAO: table 11"
"http://w3id.org/glosis/model/siteplot/weatherConditionsCurrentProperty",,"GL_Layer","weatherConditionsCurrentProperty","Weather Conditions Current Property describes the current atmospheric conditions in a specific location, including factors like temperature, humidity, wind speed, and precipitation. These conditions directly affect soil moisture, temperature, and erosion rates, influencing soil fertility and the ability to support plant growth. Source: USGS, 'Meteorological and Soil Interactions'","Guidelines for Soil Description issued by the FAO: table 2"
"http://w3id.org/glosis/model/siteplot/weatherConditionsCurrentProperty","GL_Surface",,"weatherConditionsCurrentProperty","Weather Conditions Current Property describes the current atmospheric conditions in a specific location, including factors like temperature, humidity, wind speed, and precipitation. These conditions directly affect soil moisture, temperature, and erosion rates, influencing soil fertility and the ability to support plant growth. Source: USGS, 'Meteorological and Soil Interactions'","Guidelines for Soil Description issued by the FAO: table 2"
"http://w3id.org/glosis/model/siteplot/weatherConditionsCurrentProperty","GL_Profile",,"weatherConditionsCurrentProperty","Weather Conditions Current Property describes the current atmospheric conditions in a specific location, including factors like temperature, humidity, wind speed, and precipitation. These conditions directly affect soil moisture, temperature, and erosion rates, influencing soil fertility and the ability to support plant growth. Source: USGS, 'Meteorological and Soil Interactions'","Guidelines for Soil Description issued by the FAO: table 2"
"http://w3id.org/glosis/model/siteplot/weatherConditionsCurrentProperty","GL_Plot",,"weatherConditionsCurrentProperty","Weather Conditions Current Property describes the current atmospheric conditions in a specific location, including factors like temperature, humidity, wind speed, and precipitation. These conditions directly affect soil moisture, temperature, and erosion rates, influencing soil fertility and the ability to support plant growth. Source: USGS, 'Meteorological and Soil Interactions'","Guidelines for Soil Description issued by the FAO: table 2"
"http://w3id.org/glosis/model/siteplot/weatherConditionsCurrentProperty",,"GL_Plot","weatherConditionsCurrentProperty","Weather Conditions Current Property describes the current atmospheric conditions in a specific location, including factors like temperature, humidity, wind speed, and precipitation. These conditions directly affect soil moisture, temperature, and erosion rates, influencing soil fertility and the ability to support plant growth. Source: USGS, 'Meteorological and Soil Interactions'","Guidelines for Soil Description issued by the FAO: table 2"
"http://w3id.org/glosis/model/siteplot/weatherConditionsPastProperty",,"GL_Layer","weatherConditionsPastProperty","Weather Conditions Past Property refers to historical weather data, including past patterns of temperature, precipitation, and extreme weather events. Understanding past weather conditions helps in predicting soil behavior, erosion patterns, and agricultural productivity, as well as preparing for future changes in soil moisture and temperature. Source: USDA NRCS, 'Climate and Soil Interactions'","Guidelines for Soil Description issued by the FAO: table 2"
"http://w3id.org/glosis/model/siteplot/weatherConditionsPastProperty","GL_Surface",,"weatherConditionsPastProperty","Weather Conditions Past Property refers to historical weather data, including past patterns of temperature, precipitation, and extreme weather events. Understanding past weather conditions helps in predicting soil behavior, erosion patterns, and agricultural productivity, as well as preparing for future changes in soil moisture and temperature. Source: USDA NRCS, 'Climate and Soil Interactions'","Guidelines for Soil Description issued by the FAO: table 2"
"http://w3id.org/glosis/model/siteplot/weatherConditionsPastProperty","GL_Profile",,"weatherConditionsPastProperty","Weather Conditions Past Property refers to historical weather data, including past patterns of temperature, precipitation, and extreme weather events. Understanding past weather conditions helps in predicting soil behavior, erosion patterns, and agricultural productivity, as well as preparing for future changes in soil moisture and temperature. Source: USDA NRCS, 'Climate and Soil Interactions'","Guidelines for Soil Description issued by the FAO: table 2"
"http://w3id.org/glosis/model/siteplot/weatherConditionsPastProperty","GL_Plot",,"weatherConditionsPastProperty","Weather Conditions Past Property refers to historical weather data, including past patterns of temperature, precipitation, and extreme weather events. Understanding past weather conditions helps in predicting soil behavior, erosion patterns, and agricultural productivity, as well as preparing for future changes in soil moisture and temperature. Source: USDA NRCS, 'Climate and Soil Interactions'","Guidelines for Soil Description issued by the FAO: table 2"
"http://w3id.org/glosis/model/siteplot/weatherConditionsPastProperty",,"GL_Plot","weatherConditionsPastProperty","Weather Conditions Past Property refers to historical weather data, including past patterns of temperature, precipitation, and extreme weather events. Understanding past weather conditions helps in predicting soil behavior, erosion patterns, and agricultural productivity, as well as preparing for future changes in soil moisture and temperature. Source: USDA NRCS, 'Climate and Soil Interactions'","Guidelines for Soil Description issued by the FAO: table 2"
"http://w3id.org/glosis/model/surface/saltCoverProperty",,"GL_Layer","saltCoverProperty","Salt cover refers to the accumulation of salts on the surface of the soil, often visible as a crystalline crust. This phenomenon occurs when capillary action causes soluble salts to move upwards through the soil, where they crystallize as water evaporates. Salt cover can interfere with seed germination, plant growth, and water infiltration, and is commonly found in arid and semi-arid regions with high evaporation rates. Source: Brady, N.C., & Weil, R.R. (2008). The Nature and Properties of Soils (14th ed.). Pearson Education. ","Guidelines for Soil Description issued by the FAO: 22,1"
"http://w3id.org/glosis/model/surface/saltCoverProperty","GL_Surface",,"saltCoverProperty","Salt cover refers to the accumulation of salts on the surface of the soil, often visible as a crystalline crust. This phenomenon occurs when capillary action causes soluble salts to move upwards through the soil, where they crystallize as water evaporates. Salt cover can interfere with seed germination, plant growth, and water infiltration, and is commonly found in arid and semi-arid regions with high evaporation rates. Source: Brady, N.C., & Weil, R.R. (2008). The Nature and Properties of Soils (14th ed.). Pearson Education. ","Guidelines for Soil Description issued by the FAO: 22,1"
"http://w3id.org/glosis/model/surface/saltCoverProperty","GL_Profile",,"saltCoverProperty","Salt cover refers to the accumulation of salts on the surface of the soil, often visible as a crystalline crust. This phenomenon occurs when capillary action causes soluble salts to move upwards through the soil, where they crystallize as water evaporates. Salt cover can interfere with seed germination, plant growth, and water infiltration, and is commonly found in arid and semi-arid regions with high evaporation rates. Source: Brady, N.C., & Weil, R.R. (2008). The Nature and Properties of Soils (14th ed.). Pearson Education. ","Guidelines for Soil Description issued by the FAO: 22,1"
"http://w3id.org/glosis/model/surface/saltCoverProperty","GL_Plot",,"saltCoverProperty","Salt cover refers to the accumulation of salts on the surface of the soil, often visible as a crystalline crust. This phenomenon occurs when capillary action causes soluble salts to move upwards through the soil, where they crystallize as water evaporates. Salt cover can interfere with seed germination, plant growth, and water infiltration, and is commonly found in arid and semi-arid regions with high evaporation rates. Source: Brady, N.C., & Weil, R.R. (2008). The Nature and Properties of Soils (14th ed.). Pearson Education. ","Guidelines for Soil Description issued by the FAO: 22,1"
"http://w3id.org/glosis/model/surface/saltCoverProperty",,"GL_Plot","saltCoverProperty","Salt cover refers to the accumulation of salts on the surface of the soil, often visible as a crystalline crust. This phenomenon occurs when capillary action causes soluble salts to move upwards through the soil, where they crystallize as water evaporates. Salt cover can interfere with seed germination, plant growth, and water infiltration, and is commonly found in arid and semi-arid regions with high evaporation rates. Source: Brady, N.C., & Weil, R.R. (2008). The Nature and Properties of Soils (14th ed.). Pearson Education. ","Guidelines for Soil Description issued by the FAO: 22,1"
"http://w3id.org/glosis/model/surface/saltPresenceProperty",,"GL_Layer","saltPresenceProperty","The salt presence property of soil refers to the concentration of soluble salts, such as sodium, calcium, and magnesium, within the soil profile. High salt levels can lead to soil salinity, negatively affecting plant growth by altering water availability and soil structure. The presence of salts is typically measured using electrical conductivity (EC) or specific ion concentration tests. Soils with high salt presence are often found in arid regions where evaporation exceeds precipitation, leading to salt accumulation at or near the surface. Source: Rhoades, J.D., & Kandiah, A. (1992). Soil Salinity Management in Agriculture. Springer. ","ISRIC Report 2019/01: Tier 1 and Tier 2 data in the context of the federated Global Soil Information System. Appendix 1"
"http://w3id.org/glosis/model/surface/saltPresenceProperty","GL_Surface",,"saltPresenceProperty","The salt presence property of soil refers to the concentration of soluble salts, such as sodium, calcium, and magnesium, within the soil profile. High salt levels can lead to soil salinity, negatively affecting plant growth by altering water availability and soil structure. The presence of salts is typically measured using electrical conductivity (EC) or specific ion concentration tests. Soils with high salt presence are often found in arid regions where evaporation exceeds precipitation, leading to salt accumulation at or near the surface. Source: Rhoades, J.D., & Kandiah, A. (1992). Soil Salinity Management in Agriculture. Springer. ","ISRIC Report 2019/01: Tier 1 and Tier 2 data in the context of the federated Global Soil Information System. Appendix 1"
"http://w3id.org/glosis/model/surface/saltPresenceProperty","GL_Profile",,"saltPresenceProperty","The salt presence property of soil refers to the concentration of soluble salts, such as sodium, calcium, and magnesium, within the soil profile. High salt levels can lead to soil salinity, negatively affecting plant growth by altering water availability and soil structure. The presence of salts is typically measured using electrical conductivity (EC) or specific ion concentration tests. Soils with high salt presence are often found in arid regions where evaporation exceeds precipitation, leading to salt accumulation at or near the surface. Source: Rhoades, J.D., & Kandiah, A. (1992). Soil Salinity Management in Agriculture. Springer. ","ISRIC Report 2019/01: Tier 1 and Tier 2 data in the context of the federated Global Soil Information System. Appendix 1"
"http://w3id.org/glosis/model/surface/saltPresenceProperty","GL_Plot",,"saltPresenceProperty","The salt presence property of soil refers to the concentration of soluble salts, such as sodium, calcium, and magnesium, within the soil profile. High salt levels can lead to soil salinity, negatively affecting plant growth by altering water availability and soil structure. The presence of salts is typically measured using electrical conductivity (EC) or specific ion concentration tests. Soils with high salt presence are often found in arid regions where evaporation exceeds precipitation, leading to salt accumulation at or near the surface. Source: Rhoades, J.D., & Kandiah, A. (1992). Soil Salinity Management in Agriculture. Springer. ","ISRIC Report 2019/01: Tier 1 and Tier 2 data in the context of the federated Global Soil Information System. Appendix 1"
"http://w3id.org/glosis/model/surface/saltPresenceProperty",,"GL_Plot","saltPresenceProperty","The salt presence property of soil refers to the concentration of soluble salts, such as sodium, calcium, and magnesium, within the soil profile. High salt levels can lead to soil salinity, negatively affecting plant growth by altering water availability and soil structure. The presence of salts is typically measured using electrical conductivity (EC) or specific ion concentration tests. Soils with high salt presence are often found in arid regions where evaporation exceeds precipitation, leading to salt accumulation at or near the surface. Source: Rhoades, J.D., & Kandiah, A. (1992). Soil Salinity Management in Agriculture. Springer. ","ISRIC Report 2019/01: Tier 1 and Tier 2 data in the context of the federated Global Soil Information System. Appendix 1"
"http://w3id.org/glosis/model/surface/saltThicknessProperty",,"GL_Layer","SaltThicknessProperty","Salt thickness refers to the depth of the soil profile at which soluble salts are present in significant concentrations. This property is particularly important in regions subject to evaporation and capillary rise, where salts accumulate near the surface or at specific depths. Salt thickness can impact soil fertility and water retention, as the concentrated salts can inhibit root growth and water uptake. This property is commonly determined through soil sampling and electrical conductivity measurements at various depths. Source: United States Salinity Laboratory Staff. (1954). Diagnosis and Improvement of Saline and Alkali Soils. U.S. Department of Agriculture Handbook No. 60. ","Guidelines for Soil Description issued by the FAO: table 22,2"
"http://w3id.org/glosis/model/surface/saltThicknessProperty","GL_Surface",,"SaltThicknessProperty","Salt thickness refers to the depth of the soil profile at which soluble salts are present in significant concentrations. This property is particularly important in regions subject to evaporation and capillary rise, where salts accumulate near the surface or at specific depths. Salt thickness can impact soil fertility and water retention, as the concentrated salts can inhibit root growth and water uptake. This property is commonly determined through soil sampling and electrical conductivity measurements at various depths. Source: United States Salinity Laboratory Staff. (1954). Diagnosis and Improvement of Saline and Alkali Soils. U.S. Department of Agriculture Handbook No. 60. ","Guidelines for Soil Description issued by the FAO: table 22,2"
"http://w3id.org/glosis/model/surface/saltThicknessProperty","GL_Profile",,"SaltThicknessProperty","Salt thickness refers to the depth of the soil profile at which soluble salts are present in significant concentrations. This property is particularly important in regions subject to evaporation and capillary rise, where salts accumulate near the surface or at specific depths. Salt thickness can impact soil fertility and water retention, as the concentrated salts can inhibit root growth and water uptake. This property is commonly determined through soil sampling and electrical conductivity measurements at various depths. Source: United States Salinity Laboratory Staff. (1954). Diagnosis and Improvement of Saline and Alkali Soils. U.S. Department of Agriculture Handbook No. 60. ","Guidelines for Soil Description issued by the FAO: table 22,2"
"http://w3id.org/glosis/model/surface/saltThicknessProperty","GL_Plot",,"SaltThicknessProperty","Salt thickness refers to the depth of the soil profile at which soluble salts are present in significant concentrations. This property is particularly important in regions subject to evaporation and capillary rise, where salts accumulate near the surface or at specific depths. Salt thickness can impact soil fertility and water retention, as the concentrated salts can inhibit root growth and water uptake. This property is commonly determined through soil sampling and electrical conductivity measurements at various depths. Source: United States Salinity Laboratory Staff. (1954). Diagnosis and Improvement of Saline and Alkali Soils. U.S. Department of Agriculture Handbook No. 60. ","Guidelines for Soil Description issued by the FAO: table 22,2"
"http://w3id.org/glosis/model/surface/saltThicknessProperty",,"GL_Plot","SaltThicknessProperty","Salt thickness refers to the depth of the soil profile at which soluble salts are present in significant concentrations. This property is particularly important in regions subject to evaporation and capillary rise, where salts accumulate near the surface or at specific depths. Salt thickness can impact soil fertility and water retention, as the concentrated salts can inhibit root growth and water uptake. This property is commonly determined through soil sampling and electrical conductivity measurements at various depths. Source: United States Salinity Laboratory Staff. (1954). Diagnosis and Improvement of Saline and Alkali Soils. U.S. Department of Agriculture Handbook No. 60. ","Guidelines for Soil Description issued by the FAO: table 22,2"
"http://w3id.org/glosis/model/surface/sealingConsistenceProperty",,"GL_Layer","sealingConsistenceProperty","The sealing consistence property of soil describes the resistance of the soil to the formation of a surface crust or compacted layer, which can impede water infiltration and root penetration. This phenomenon typically occurs in fine-textured soils, such as clays and silts, where the particles are tightly bound, leading to a hardened surface layer upon wetting and drying. Sealing consistence affects water movement and can lead to surface runoff and erosion in agricultural soils. Source: Soil Science Society of America (SSSA). (2008). Glossary of Soil Science Terms. Soil Science Society of America. ","Guidelines for Soil Description issued by the FAO: table 20,2"
"http://w3id.org/glosis/model/surface/sealingConsistenceProperty","GL_Surface",,"sealingConsistenceProperty","The sealing consistence property of soil describes the resistance of the soil to the formation of a surface crust or compacted layer, which can impede water infiltration and root penetration. This phenomenon typically occurs in fine-textured soils, such as clays and silts, where the particles are tightly bound, leading to a hardened surface layer upon wetting and drying. Sealing consistence affects water movement and can lead to surface runoff and erosion in agricultural soils. Source: Soil Science Society of America (SSSA). (2008). Glossary of Soil Science Terms. Soil Science Society of America. ","Guidelines for Soil Description issued by the FAO: table 20,2"
"http://w3id.org/glosis/model/surface/sealingConsistenceProperty","GL_Profile",,"sealingConsistenceProperty","The sealing consistence property of soil describes the resistance of the soil to the formation of a surface crust or compacted layer, which can impede water infiltration and root penetration. This phenomenon typically occurs in fine-textured soils, such as clays and silts, where the particles are tightly bound, leading to a hardened surface layer upon wetting and drying. Sealing consistence affects water movement and can lead to surface runoff and erosion in agricultural soils. Source: Soil Science Society of America (SSSA). (2008). Glossary of Soil Science Terms. Soil Science Society of America. ","Guidelines for Soil Description issued by the FAO: table 20,2"
"http://w3id.org/glosis/model/surface/sealingConsistenceProperty","GL_Plot",,"sealingConsistenceProperty","The sealing consistence property of soil describes the resistance of the soil to the formation of a surface crust or compacted layer, which can impede water infiltration and root penetration. This phenomenon typically occurs in fine-textured soils, such as clays and silts, where the particles are tightly bound, leading to a hardened surface layer upon wetting and drying. Sealing consistence affects water movement and can lead to surface runoff and erosion in agricultural soils. Source: Soil Science Society of America (SSSA). (2008). Glossary of Soil Science Terms. Soil Science Society of America. ","Guidelines for Soil Description issued by the FAO: table 20,2"
"http://w3id.org/glosis/model/surface/sealingConsistenceProperty",,"GL_Plot","sealingConsistenceProperty","The sealing consistence property of soil describes the resistance of the soil to the formation of a surface crust or compacted layer, which can impede water infiltration and root penetration. This phenomenon typically occurs in fine-textured soils, such as clays and silts, where the particles are tightly bound, leading to a hardened surface layer upon wetting and drying. Sealing consistence affects water movement and can lead to surface runoff and erosion in agricultural soils. Source: Soil Science Society of America (SSSA). (2008). Glossary of Soil Science Terms. Soil Science Society of America. ","Guidelines for Soil Description issued by the FAO: table 20,2"
"http://w3id.org/glosis/model/surface/sealingThicknessProperty",,"GL_Layer","sealingThicknessProperty","The sealing thickness property refers to the depth of the compacted or sealed layer within the soil, which is typically a result of intense rainfall, drying, or tillage practices. This layer, which forms in fine-textured soils, can significantly reduce water infiltration and root growth, leading to reduced soil aeration and potential surface runoff. The sealing thickness property is crucial for understanding soil erosion risks and water management in agricultural systems. Source: Pagliai, M., & Vignozzi, N. (2002). Soil Structure and Soil Quality: A Review of the State of the Art. Agriculture, Ecosystems & Environment, 88(3), 77-86. ","Guidelines for Soil Description issued by the FAO: 20,1"
"http://w3id.org/glosis/model/surface/sealingThicknessProperty","GL_Surface",,"sealingThicknessProperty","The sealing thickness property refers to the depth of the compacted or sealed layer within the soil, which is typically a result of intense rainfall, drying, or tillage practices. This layer, which forms in fine-textured soils, can significantly reduce water infiltration and root growth, leading to reduced soil aeration and potential surface runoff. The sealing thickness property is crucial for understanding soil erosion risks and water management in agricultural systems. Source: Pagliai, M., & Vignozzi, N. (2002). Soil Structure and Soil Quality: A Review of the State of the Art. Agriculture, Ecosystems & Environment, 88(3), 77-86. ","Guidelines for Soil Description issued by the FAO: 20,1"
"http://w3id.org/glosis/model/surface/sealingThicknessProperty","GL_Profile",,"sealingThicknessProperty","The sealing thickness property refers to the depth of the compacted or sealed layer within the soil, which is typically a result of intense rainfall, drying, or tillage practices. This layer, which forms in fine-textured soils, can significantly reduce water infiltration and root growth, leading to reduced soil aeration and potential surface runoff. The sealing thickness property is crucial for understanding soil erosion risks and water management in agricultural systems. Source: Pagliai, M., & Vignozzi, N. (2002). Soil Structure and Soil Quality: A Review of the State of the Art. Agriculture, Ecosystems & Environment, 88(3), 77-86. ","Guidelines for Soil Description issued by the FAO: 20,1"
"http://w3id.org/glosis/model/surface/sealingThicknessProperty","GL_Plot",,"sealingThicknessProperty","The sealing thickness property refers to the depth of the compacted or sealed layer within the soil, which is typically a result of intense rainfall, drying, or tillage practices. This layer, which forms in fine-textured soils, can significantly reduce water infiltration and root growth, leading to reduced soil aeration and potential surface runoff. The sealing thickness property is crucial for understanding soil erosion risks and water management in agricultural systems. Source: Pagliai, M., & Vignozzi, N. (2002). Soil Structure and Soil Quality: A Review of the State of the Art. Agriculture, Ecosystems & Environment, 88(3), 77-86. ","Guidelines for Soil Description issued by the FAO: 20,1"
"http://w3id.org/glosis/model/surface/sealingThicknessProperty",,"GL_Plot","sealingThicknessProperty","The sealing thickness property refers to the depth of the compacted or sealed layer within the soil, which is typically a result of intense rainfall, drying, or tillage practices. This layer, which forms in fine-textured soils, can significantly reduce water infiltration and root growth, leading to reduced soil aeration and potential surface runoff. The sealing thickness property is crucial for understanding soil erosion risks and water management in agricultural systems. Source: Pagliai, M., & Vignozzi, N. (2002). Soil Structure and Soil Quality: A Review of the State of the Art. Agriculture, Ecosystems & Environment, 88(3), 77-86. ","Guidelines for Soil Description issued by the FAO: 20,1"
